{"Metascore":"74","BoxOffice":"N\/A","Website":"N\/A","imdbRating":"8.0","imdbVotes":"571,229","Ratings":[{"Value":"8.0\/10","Source":"Internet Movie Database"},{"Value":"89%","Source":"Rotten Tomatoes"},{"Value":"74\/100","Source":"Metacritic"}],"Runtime":"129 min","Language":"English, French","Rated":"R","Production":"Universal Pictures","Released":"05 Jan 1996","imdbID":"tt0114746","Plot":"An unknown and lethal virus has wiped out five billion people in 1996. Only 1% of the population has survived by the year 2035, and is forced to live underground. A convict (James Cole) reluctantly volunteers to be sent back in time to 1996 to gather information about the origin of the epidemic (who he's told was spread by a mysterious \"Army of the Twelve Monkeys\") and locate the virus before it mutates so that scientists can study it. Unfortunately Cole is mistakenly sent to 1990, six years earlier than expected, and is arrested and locked up in a mental institution, where he meets Dr. Kathryn Railly, a psychiatrist, and Jeffrey Goines, the insane son of a famous scientist and virus expert.","Director":"Terry Gilliam","Title":"12 Monkeys","Actors":"Joseph Melito, Bruce Willis, Jon Seda, Michael Chance","Response":"True","Type":"movie","Awards":"Nominated for 2 Oscars. Another 10 wins & 23 nominations.","DVD":"N\/A","Year":"1995","Poster":"https:\/\/m.media-amazon.com\/images\/M\/MV5BN2Y2OWU4MWMtNmIyMy00YzMyLWI0Y2ItMTcyZDc3MTdmZDU4XkEyXkFqcGdeQXVyMTQxNzMzNDI@._V1_SX300.jpg","Country":"USA","Genre":"Mystery, Sci-Fi, Thriller","Writer":"Chris Marker (film La Jetée), David Webb Peoples (screenplay), Janet Peoples (screenplay)"}
