{"Metascore":"96","BoxOffice":"N\/A","Website":"N\/A","imdbRating":"8.1","imdbVotes":"630,541","Ratings":[{"Value":"8.1\/10","Source":"Internet Movie Database"},{"Value":"95%","Source":"Rotten Tomatoes"},{"Value":"96\/100","Source":"Metacritic"}],"Runtime":"134 min","Language":"English","Rated":"R","Production":"River Road, New Regency Pictures, Plan B Entertainment","Released":"08 Nov 2013","imdbID":"tt2024544","Plot":"Based on an incredible true story of one man's fight for survival and freedom. In the pre-Civil War United States, Solomon Northup, a free black man from upstate New York, is abducted and sold into slavery. Facing cruelty personified by a malevolent slave owner, as well as unexpected kindnesses, Solomon struggles not only to stay alive, but to retain his dignity. In the twelfth year of his unforgettable odyssey, Solomon's chance meeting with a Canadian abolitionist will forever alter his life.","Director":"Steve McQueen","Title":"12 Years a Slave","Actors":"Chiwetel Ejiofor, Dwight Henry, Dickie Gravois, Bryan Batt","Response":"True","Type":"movie","Awards":"Won 3 Oscars. Another 239 wins & 335 nominations.","DVD":"N\/A","Year":"2013","Poster":"https:\/\/m.media-amazon.com\/images\/M\/MV5BMjExMTEzODkyN15BMl5BanBnXkFtZTcwNTU4NTc4OQ@@._V1_SX300.jpg","Country":"USA, UK","Genre":"Biography, Drama, History","Writer":"John Ridley (screenplay by), Solomon Northup (based on \"Twelve Years a Slave\" by)"}
