{"Metascore":"78","BoxOffice":"N\/A","Website":"N\/A","imdbRating":"8.3","imdbVotes":"386,483","Ratings":[{"Value":"8.3\/10","Source":"Internet Movie Database"},{"Value":"89%","Source":"Rotten Tomatoes"},{"Value":"78\/100","Source":"Metacritic"}],"Runtime":"119 min","Language":"English, French, German","Rated":"R","Production":"Neal Street Productions, Amblin Entertainment","Released":"10 Jan 2020","imdbID":"tt8579674","Plot":"April 6th, 1917. As a regiment assembles to wage war deep in enemy territory, two soldiers are assigned to race against time and deliver a message that will stop 1,600 men from walking straight into a deadly trap.","Director":"Sam Mendes","Title":"1917","Actors":"Dean-Charles Chapman, George MacKay, Daniel Mays, Colin Firth","Response":"True","Type":"movie","Awards":"Won 3 Oscars. Another 111 wins & 170 nominations.","DVD":"N\/A","Year":"2019","Poster":"https:\/\/m.media-amazon.com\/images\/M\/MV5BOTdmNTFjNDEtNzg0My00ZjkxLTg1ZDAtZTdkMDc2ZmFiNWQ1XkEyXkFqcGdeQXVyNTAzNzgwNTg@._V1_SX300.jpg","Country":"USA, UK, India, Spain, Canada, China","Genre":"Drama, War","Writer":"Sam Mendes, Krysty Wilson-Cairns"}
