{"Metascore":"84","BoxOffice":"N\/A","Website":"N\/A","imdbRating":"8.3","imdbVotes":"594,224","Ratings":[{"Value":"8.3\/10","Source":"Internet Movie Database"},{"Value":"92%","Source":"Rotten Tomatoes"},{"Value":"84\/100","Source":"Metacritic"}],"Runtime":"149 min","Language":"English, Russian","Rated":"G","Production":"Metro Goldwyn Mayer","Released":"12 May 1968","imdbID":"tt0062622","Plot":"\"2001\" is a story of evolution. Sometime in the distant past, someone or something nudged evolution by placing a monolith on Earth (presumably elsewhere throughout the universe as well). Evolution then enabled humankind to reach the moon's surface, where yet another monolith is found, one that signals the monolith placers that humankind has evolved that far. Now a race begins between computers (HAL) and human (Bowman) to reach the monolith placers. The winner will achieve the next step in evolution, whatever that may be.","Director":"Stanley Kubrick","Title":"2001: A Space Odyssey","Actors":"Keir Dullea, Gary Lockwood, William Sylvester, Daniel Richter","Response":"True","Type":"movie","Awards":"Won 1 Oscar. Another 15 wins & 11 nominations.","DVD":"N\/A","Year":"1968","Poster":"https:\/\/m.media-amazon.com\/images\/M\/MV5BMmNlYzRiNDctZWNhMi00MzI4LThkZTctMTUzMmZkMmFmNThmXkEyXkFqcGdeQXVyNzkwMjQ5NzM@._V1_SX300.jpg","Country":"UK, USA","Genre":"Adventure, Sci-Fi","Writer":"Stanley Kubrick (screenplay by), Arthur C. Clarke (screenplay by)"}
