{"Metascore":"70","BoxOffice":"N\/A","Website":"N\/A","imdbRating":"7.6","imdbVotes":"222,494","Ratings":[{"Value":"7.6\/10","Source":"Internet Movie Database"},{"Value":"80%","Source":"Rotten Tomatoes"},{"Value":"70\/100","Source":"Metacritic"}],"Runtime":"124 min","Language":"English","Rated":"R","Production":"This Is That Productions, Y Production","Released":"16 Jan 2004","imdbID":"tt0315733","Plot":"This is the story of three well-meaning but flawed people: Paul Rivers, an ailing mathematician lovelessly married to an English émigré; Christina Peck, an upper-middle-class suburban housewife, happily married homemaker with two young daughters, with hiding a secret past; and Jack Jordan, an ex-convict who has found in his Christian faith the strength to live a law-abiding life and raise a family. They will be brought together by a terrible accident that will change their lives. By the final frame, none of them will be the same as they will have learnt harsh truths about love, faith, courage, desire and guilt, and how chance can change our worlds irretrievably, forever.","Director":"Alejandro G. Iñárritu","Title":"21 Grams","Actors":"Sean Penn, Naomi Watts, Danny Huston, Carly Nahon","Response":"True","Type":"movie","Awards":"Nominated for 2 Oscars. Another 30 wins & 77 nominations.","DVD":"N\/A","Year":"2003","Poster":"https:\/\/m.media-amazon.com\/images\/M\/MV5BMjA4MjI2OTM5N15BMl5BanBnXkFtZTcwNDA1NjUzMw@@._V1_SX300.jpg","Country":"USA","Genre":"Crime, Drama, Thriller","Writer":"Guillermo Arriaga"}
