{"Metascore":"68","BoxOffice":"N\/A","Website":"N\/A","imdbRating":"7.6","imdbVotes":"168,622","Ratings":[{"Value":"7.6\/10","Source":"Internet Movie Database"},{"Value":"78%","Source":"Rotten Tomatoes"},{"Value":"68\/100","Source":"Metacritic"}],"Runtime":"135 min","Language":"English","Rated":"R","Production":"40 Acres &amp; A Mule Filmworks, Gamut Films, Industry Entertainment","Released":"10 Jan 2003","imdbID":"tt0307901","Plot":"The 25th Hour depicts the last day of freedom for a young man before he begins serving a seven-year jail term for drug dealing. Prowling through the city until dawn with his two close male friends and his girlfriend, he is forced to re-examine his life and how he got himself into his predicament, which leads to a shocking, disturbing finale.","Director":"Spike Lee","Title":"25th Hour","Actors":"Edward Norton, Philip Seymour Hoffman, Barry Pepper, Rosario Dawson","Response":"True","Type":"movie","Awards":"Nominated for 1 Golden Globe. Another 4 wins & 16 nominations.","DVD":"N\/A","Year":"2002","Poster":"https:\/\/m.media-amazon.com\/images\/M\/MV5BNmE0YjdlYTktMTU4Ni00Mjk2LWI3NWMtM2RjNmFiOTk4YjYxL2ltYWdlXkEyXkFqcGdeQXVyNTAyODkwOQ@@._V1_SX300.jpg","Country":"USA","Genre":"Drama","Writer":"David Benioff (novel), David Benioff (screenplay)"}
