{"Metascore":"73","BoxOffice":"N\/A","Website":"N\/A","imdbRating":"7.6","imdbVotes":"372,868","Ratings":[{"Value":"7.6\/10","Source":"Internet Movie Database"},{"Value":"87%","Source":"Rotten Tomatoes"},{"Value":"73\/100","Source":"Metacritic"}],"Runtime":"113 min","Language":"English, Spanish","Rated":"R","Production":"Fox Searchlight, Film Council, DNA Pictures International","Released":"27 Jun 2003","imdbID":"tt0289043","Plot":"Animal activists invade a laboratory with the intention of releasing chimpanzees that are undergoing experimentation, infected by a virus -a virus that causes rage. The naive activists ignore the pleas of a scientist to keep the cages locked, with disastrous results. Twenty-eight days later, our protagonist, Jim, wakes up from a coma, alone, in an abandoned hospital. He begins to seek out anyone else to find London is deserted, apparently without a living soul. After finding a church, which had become inhabited by zombie like humans intent on his demise, he runs for his life. Selena and Mark rescue him from the horde and bring him up to date on the mass carnage and horror as all of London tore itself apart. This is a tale of survival and ultimately, heroics, with nice subtext about mankind's savage nature.","Director":"Danny Boyle","Title":"28 Days Later...","Actors":"Alex Palmer, Bindu De Stoppani, Jukka Hiltunen, David Schneider","Response":"True","Type":"movie","Awards":"10 wins & 32 nominations.","DVD":"N\/A","Year":"2002","Poster":"https:\/\/m.media-amazon.com\/images\/M\/MV5BYTFkM2ViMmQtZmI5NS00MjQ2LWEyN2EtMTI1ZmNlZDU3MTZjXkEyXkFqcGdeQXVyNjU0OTQ0OTY@._V1_SX300.jpg","Country":"UK","Genre":"Drama, Horror, Sci-Fi, Thriller","Writer":"Alex Garland"}
