{"Metascore":"52","BoxOffice":"N\/A","Website":"N\/A","imdbRating":"7.6","imdbVotes":"726,966","Ratings":[{"Value":"7.6\/10","Source":"Internet Movie Database"},{"Value":"61%","Source":"Rotten Tomatoes"},{"Value":"52\/100","Source":"Metacritic"}],"Runtime":"117 min","Language":"English","Rated":"R","Production":"Atmosphere Entertainment MM LLC, Legendary Pictures, Virtual Studios, Warner Bros.","Released":"09 Mar 2007","imdbID":"tt0416449","Plot":"In the Battle of Thermopylae of 480 BC an alliance of Greek city-states fought the invading Persian army in the mountain pass of Thermopylae. Vastly outnumbered, the Greeks held back the enemy in one of the most famous last stands of history. Persian King Xerxes led a Army of well over 100,000 (Persian king Xerxes before war has about 170,000 army) men to Greece and was confronted by 300 Spartans, 700 Thespians, and 400 Thebans. Xerxes waited for 10 days for King Leonidas to surrender or withdraw but left with no options he pushed forward. After 3 days of battle all the Greeks were killed. The Spartan defeat was not the one expected, as a local shepherd, named Ephialtes, defected to the Persians and informed Xerxes that the separate path through Thermopylae, which the Persians could use to outflank the Greeks, was not as heavily guarded as they thought.","Director":"Zack Snyder","Title":"300","Actors":"Gerard Butler, Lena Headey, Dominic West, David Wenham","Response":"True","Type":"movie","Awards":"22 wins & 51 nominations.","DVD":"N\/A","Year":"2006","Poster":"https:\/\/m.media-amazon.com\/images\/M\/MV5BNWMxYTZlOTUtZDExMi00YzZmLTkwYTMtZmM2MmRjZmQ3OGY4XkEyXkFqcGdeQXVyMTAwMzUyMzUy._V1_SX300.jpg","Country":"USA, Canada, Bulgaria, Australia","Genre":"Action, Drama","Writer":"Zack Snyder (screenplay), Kurt Johnstad (screenplay), Michael B. Gordon (screenplay), Frank Miller (graphic novel), Lynn Varley (graphic novel)"}
