{"Metascore":"76","BoxOffice":"N\/A","Website":"N\/A","imdbRating":"7.7","imdbVotes":"285,743","Ratings":[{"Value":"7.7\/10","Source":"Internet Movie Database"},{"Value":"89%","Source":"Rotten Tomatoes"},{"Value":"76\/100","Source":"Metacritic"}],"Runtime":"122 min","Language":"English, Chinese","Rated":"R","Production":"Lionsgate Films","Released":"07 Sep 2007","imdbID":"tt0381849","Plot":"Rancher Dan Evans heads into Bisbee to clear up issues concerning the sale of his land when he witnesses the closing events of a stagecoach robbery led by famed outlaw Ben Wade. Shortly thereafter, Wade is captured by the law in Bisbee and Evans finds himself one of the escorts who will take Wade to the 3:10 to Yuma train in Contention for the reward of $200. Evans's effort to take Wade to the station is in part an effort to save his land but also part of an inner battle to determine whether he can be more than just a naive rancher in the eyes of his impetuous and gunslinging son William Evans. The transport to Contention is hazardous and filled with ambushes by Indians, pursuits by Wade's vengeful gang and Wade's own conniving and surreptitious demeanor that makes the ride all the more intense.","Director":"James Mangold","Title":"3:10 to Yuma","Actors":"Russell Crowe, Christian Bale, Logan Lerman, Dallas Roberts","Response":"True","Type":"movie","Awards":"Nominated for 2 Oscars. Another 3 wins & 30 nominations.","DVD":"N\/A","Year":"2007","Poster":"https:\/\/m.media-amazon.com\/images\/M\/MV5BODE0NTcxNTQzNF5BMl5BanBnXkFtZTcwMzczOTIzMw@@._V1_SX300.jpg","Country":"USA","Genre":"Action, Crime, Drama, Western","Writer":"Halsted Welles (screenplay), Michael Brandt (screenplay), Derek Haas (screenplay), Elmore Leonard (short story)"}
