{"Metascore":"67","BoxOffice":"N\/A","Website":"N\/A","imdbRating":"8.4","imdbVotes":"336,994","Ratings":[{"Value":"8.4\/10","Source":"Internet Movie Database"},{"Value":"100%","Source":"Rotten Tomatoes"},{"Value":"67\/100","Source":"Metacritic"}],"Runtime":"170 min","Language":"Hindi, English","Rated":"PG-13","Production":"N\/A","Released":"25 Dec 2009","imdbID":"tt1187043","Plot":"Farhan Qureshi and Raju Rastogi want to re-unite with their fellow collegian, Rancho, after faking a stroke aboard an Air India plane, and excusing himself from his wife - trouser less - respectively. Enroute, they encounter another student, Chatur Ramalingam, now a successful businessman, who reminds them of a bet they had undertaken 10 years ago. The trio, while recollecting hilarious antics, including their run-ins with the Dean of Delhi's Imperial College of Engineering, Viru Sahastrabudhe, race to locate Rancho, at his last known address - little knowing the secret that was kept from them all this time.","Director":"Rajkumar Hirani","Title":"3 Idiots","Actors":"Aamir Khan, Madhavan, Sharman Joshi, Kareena Kapoor","Response":"True","Type":"movie","Awards":"62 wins & 23 nominations.","DVD":"N\/A","Year":"2009","Poster":"https:\/\/m.media-amazon.com\/images\/M\/MV5BNTkyOGVjMGEtNmQzZi00NzFlLTlhOWQtODYyMDc2ZGJmYzFhXkEyXkFqcGdeQXVyNjU0OTQ0OTY@._V1_SX300.jpg","Country":"India","Genre":"Comedy, Drama","Writer":"Rajkumar Hirani (screenplay), Abhijat Joshi (screenplay), Vidhu Vinod Chopra (screenplay associate), Abhijat Joshi (story), Chetan Bhagat (novel)"}
