{"Metascore":"76","BoxOffice":"N\/A","Website":"N\/A","imdbRating":"7.7","imdbVotes":"466,156","Ratings":[{"Value":"7.7\/10","Source":"Internet Movie Database"},{"Value":"85%","Source":"Rotten Tomatoes"},{"Value":"76\/100","Source":"Metacritic"}],"Runtime":"95 min","Language":"English, French, Swedish","Rated":"PG-13","Production":"Watermark","Released":"07 Aug 2009","imdbID":"tt1022603","Plot":"After it looks as if she's left his life for good this time, Tom Hansen reflects back on the just over one year that he knew Summer Finn. For Tom, it was love at first sight when she walked into the greeting card company where he worked, she the new administrative assistant. Soon, Tom knew that Summer was the woman with whom he wanted to spend the rest of his life. Although Summer did not believe in relationships or boyfriends - in her assertion, real life will always ultimately get in the way - Tom and Summer became more than just friends. Through the trials and tribulations of Tom and Summer's so-called relationship, Tom could always count on the advice of his two best friends, McKenzie and Paul. However, it is Tom's adolescent sister, Rachel, who is his voice of reason. After all is said and done, Tom is the one who ultimately has to make the choice to listen or not.","Director":"Marc Webb","Title":"500 Days of Summer","Actors":"Joseph Gordon-Levitt, Zooey Deschanel, Geoffrey Arend, Chloë Grace Moretz","Response":"True","Type":"movie","Awards":"Nominated for 2 Golden Globes. Another 17 wins & 56 nominations.","DVD":"N\/A","Year":"2009","Poster":"https:\/\/m.media-amazon.com\/images\/M\/MV5BMTk5MjM4OTU1OV5BMl5BanBnXkFtZTcwODkzNDIzMw@@._V1_SX300.jpg","Country":"USA","Genre":"Comedy, Drama, Romance","Writer":"Scott Neustadter, Michael H. Weber"}
