{"Metascore":"72","BoxOffice":"N\/A","Website":"N\/A","imdbRating":"7.6","imdbVotes":"313,545","Ratings":[{"Value":"7.6\/10","Source":"Internet Movie Database"},{"Value":"93%","Source":"Rotten Tomatoes"},{"Value":"72\/100","Source":"Metacritic"}],"Runtime":"100 min","Language":"English","Rated":"R","Production":"Point Grey","Released":"30 Sep 2011","imdbID":"tt1306980","Plot":"Adam is a 27 year old writer of radio programs and is diagnosed with a rare form of spinal cancer. With the help of his best friend, his mother, and a young therapist at the cancer center, Adam learns what and who the most important things in his life are.","Director":"Jonathan Levine","Title":"50\/50","Actors":"Joseph Gordon-Levitt, Seth Rogen, Anna Kendrick, Bryce Dallas Howard","Response":"True","Type":"movie","Awards":"Nominated for 2 Golden Globes. Another 12 wins & 26 nominations.","DVD":"N\/A","Year":"2011","Poster":"https:\/\/m.media-amazon.com\/images\/M\/MV5BNjg3ODQyNTIyN15BMl5BanBnXkFtZTcwMjUzNzM5NQ@@._V1_SX300.jpg","Country":"USA","Genre":"Comedy, Drama, Romance","Writer":"Will Reiser"}
