{"Metascore":"91","BoxOffice":"N\/A","Website":"N\/A","imdbRating":"8.0","imdbVotes":"107,493","Ratings":[{"Value":"8.0\/10","Source":"Internet Movie Database"},{"Value":"98%","Source":"Rotten Tomatoes"},{"Value":"91\/100","Source":"Metacritic"}],"Runtime":"138 min","Language":"Italian, French, English, German","Rated":"Not Rated","Production":"Cineriz, Francinex","Released":"24 Jun 1963","imdbID":"tt0056801","Plot":"Guido is a film director, trying to relax after his last big hit. He can't get a moment's peace, however, with the people who have worked with him in the past constantly looking for more work. He wrestles with his conscience, but is unable to come up with a new idea. While thinking, he starts to recall major happenings in his life, and all the women he has loved and left. An autobiographical film of Fellini, about the trials and tribulations of film making.","Director":"Federico Fellini","Title":"8½","Actors":"Marcello Mastroianni, Claudia Cardinale, Anouk Aimée, Sandra Milo","Response":"True","Type":"movie","Awards":"Won 2 Oscars. Another 17 wins & 9 nominations.","DVD":"N\/A","Year":"1963","Poster":"https:\/\/m.media-amazon.com\/images\/M\/MV5BMTQ4MTA0NjEzMF5BMl5BanBnXkFtZTgwMDg4NDYxMzE@._V1_SX300.jpg","Country":"Italy, France","Genre":"Drama","Writer":"Federico Fellini (story), Ennio Flaiano (story), Federico Fellini (screenplay), Tullio Pinelli (screenplay), Ennio Flaiano (screenplay), Brunello Rondi (screenplay)"}
