{"Metascore":"72","BoxOffice":"N\/A","Website":"N\/A","imdbRating":"8.2","imdbVotes":"833,458","Ratings":[{"Value":"8.2\/10","Source":"Internet Movie Database"},{"Value":"74%","Source":"Rotten Tomatoes"},{"Value":"72\/100","Source":"Metacritic"}],"Runtime":"135 min","Language":"English","Rated":"PG-13","Production":"Imagine Entertainment, DreamWorks, Universal Pictures","Released":"04 Jan 2002","imdbID":"tt0268978","Plot":"From the heights of notoriety to the depths of depravity, John Forbes Nash, Jr. experienced it all. A mathematical genius, he made an astonishing discovery early in his career and stood on the brink of international acclaim. But the handsome and arrogant Nash soon found himself on a painful and harrowing journey of self-discovery. After many years of struggle, he eventually triumphed over his tragedy, and finally - late in life - received the Nobel Prize.","Director":"Ron Howard","Title":"A Beautiful Mind","Actors":"Russell Crowe, Ed Harris, Jennifer Connelly, Christopher Plummer","Response":"True","Type":"movie","Awards":"Won 4 Oscars. Another 33 wins & 69 nominations.","DVD":"N\/A","Year":"2001","Poster":"https:\/\/m.media-amazon.com\/images\/M\/MV5BMzcwYWFkYzktZjAzNC00OGY1LWI4YTgtNzc5MzVjMDVmNjY0XkEyXkFqcGdeQXVyMTQxNzMzNDI@._V1_SX300.jpg","Country":"USA","Genre":"Biography, Drama","Writer":"Akiva Goldsman, Sylvia Nasar (book)"}
