{"Metascore":"55","BoxOffice":"N\/A","Website":"N\/A","imdbRating":"7.8","imdbVotes":"294,075","Ratings":[{"Value":"7.8\/10","Source":"Internet Movie Database"},{"Value":"68%","Source":"Rotten Tomatoes"},{"Value":"55\/100","Source":"Metacritic"}],"Runtime":"123 min","Language":"English","Rated":"R","Production":"Working Title Films","Released":"08 Nov 2013","imdbID":"tt2194499","Plot":"At the age of 21, Tim Lake (Domhnall Gleeson) discovers he can travel in time... The night after another unsatisfactory New Year party, Tim's father (Bill Nighy) tells his son that the men in his family have always had the ability to travel through time. Tim can't change history, but he can change what happens and has happened in his own life-so he decides to make his world a better place...by getting a girlfriend. Sadly, that turns out not to be as easy as you might think. Moving from the Cornwall coast to London to train as a lawyer, Tim finally meets the beautiful but insecure Mary (Rachel McAdams). They fall in love, then an unfortunate time-travel incident means he's never met her at all. So they meet for the first time again-and again-but finally, after a lot of cunning time-traveling, he wins her heart. Tim then uses his power to create the perfect romantic proposal, to save his wedding from the worst best-man speeches, to save his best friend from professional disaster and to get his pregnant wife to the hospital in time for the birth of their daughter, despite a nasty traffic jam outside Abbey Road. But as his unusual life progresses, Tim finds out that his unique gift can't save him from the sorrows and ups and downs that affect all families, everywhere. There are great limits to what time travel can achieve, and it can be dangerous too.","Director":"Richard Curtis","Title":"About Time","Actors":"Domhnall Gleeson, Rachel McAdams, Bill Nighy, Lydia Wilson","Response":"True","Type":"movie","Awards":"3 wins & 9 nominations.","DVD":"N\/A","Year":"2013","Poster":"https:\/\/m.media-amazon.com\/images\/M\/MV5BMTA1ODUzMDA3NzFeQTJeQWpwZ15BbWU3MDgxMTYxNTk@._V1_SX300.jpg","Country":"UK","Genre":"Comedy, Drama, Fantasy, Romance, Sci-Fi","Writer":"Richard Curtis"}
