{"Metascore":"80","BoxOffice":"N\/A","Website":"N\/A","imdbRating":"7.8","imdbVotes":"126,279","Ratings":[{"Value":"7.8\/10","Source":"Internet Movie Database"},{"Value":"97%","Source":"Rotten Tomatoes"},{"Value":"80\/100","Source":"Metacritic"}],"Runtime":"121 min","Language":"English, Italian","Rated":"R","Production":"Silvio Berlusconi Communications","Released":"01 Oct 1993","imdbID":"tt0106489","Plot":"Gangster Sonny is the big man in the Bronx neighborhood of an Italian small boy named Calogero. A shooting witnessed by the boy (nicknamed C) is the starting point of a lasting bond between the gangster and the boy. Father (bus driver Lorenzo), however, disapproves. C grows up under the wing of both men, torn between his own natural honesty and his fascination with Sonny. C's neighborhood cronies get involved in theft, use of guns, and racial fights. When C falls for an African American girl, things don't get any easier. C's leap to manhood is marked by tragedy, but also by his recognition of the many faces of love.","Director":"Robert De Niro","Title":"A Bronx Tale","Actors":"Robert De Niro, Chazz Palminteri, Lillo Brancato, Francis Capra","Response":"True","Type":"movie","Awards":"1 win & 3 nominations.","DVD":"N\/A","Year":"1993","Poster":"https:\/\/m.media-amazon.com\/images\/M\/MV5BMTczOTczNjE3Ml5BMl5BanBnXkFtZTgwODEzMzg5MTI@._V1_SX300.jpg","Country":"USA","Genre":"Crime, Drama, Romance","Writer":"Chazz Palminteri (screenplay by), Chazz Palminteri (based on his play)"}
