{"Metascore":"77","BoxOffice":"N\/A","Website":"N\/A","imdbRating":"7.9","imdbVotes":"128,025","Ratings":[{"Value":"7.9\/10","Source":"Internet Movie Database"},{"Value":"89%","Source":"Rotten Tomatoes"},{"Value":"77\/100","Source":"Metacritic"}],"Runtime":"94 min","Language":"English","Rated":"PG","Production":"Metro Goldwyn Mayer, Christmas Tree Films","Released":"18 Nov 1983","imdbID":"tt0085334","Plot":"Christmas is approaching and 9 year-old Ralphie wants only one thing: a Red Ryder Range 200 Shot BB gun. When he mentions it at the dinner table, his mother's immediate reaction is that he'll put his eye out. He then decides on a perfect theme for his teacher but her reaction is like his. He fantasizes about what it would be like to be Red Ryder and catch the bad guys. When the big day arrives he gets lots of present under the tree including a lovely gift from his aunt that his mother just adores. But what about the BB gun?","Director":"Bob Clark","Title":"A Christmas Story","Actors":"Melinda Dillon, Darren McGavin, Scott Schwartz, Jean Shepherd","Response":"True","Type":"movie","Awards":"3 wins & 11 nominations.","DVD":"N\/A","Year":"1983","Poster":"https:\/\/m.media-amazon.com\/images\/M\/MV5BOWMyNjE0MzEtMzVjNy00NjIxLTg0ZjMtMWJhNGI1YmVjYTczL2ltYWdlXkEyXkFqcGdeQXVyNzc5MjA3OA@@._V1_SX300.jpg","Country":"USA, Canada","Genre":"Comedy, Family","Writer":"Jean Shepherd (based on the novel \"In God We Trust,  All Others Pay Cash\" by), Jean Shepherd (screenplay), Leigh Brown (screenplay), Bob Clark (screenplay)"}
