{"Metascore":"77","BoxOffice":"N\/A","Website":"N\/A","imdbRating":"8.3","imdbVotes":"745,406","Ratings":[{"Value":"8.3\/10","Source":"Internet Movie Database"},{"Value":"88%","Source":"Rotten Tomatoes"},{"Value":"77\/100","Source":"Metacritic"}],"Runtime":"136 min","Language":"English","Rated":"R","Production":"Warner Brothers, Polaris Productions, Hawk Films","Released":"02 Feb 1972","imdbID":"tt0066921","Plot":"Protagonist Alex DeLarge is an \"ultraviolent\" youth in futuristic Britain. As with all luck, his eventually runs out and he's arrested and convicted of murder and rape. While in prison, Alex learns of an experimental program in which convicts are programmed to detest violence. If he goes through the program, his sentence will be reduced and he will be back on the streets sooner than expected. But Alex's ordeals are far from over once he hits the mean streets of Britain that he had a hand in creating.","Director":"Stanley Kubrick","Title":"A Clockwork Orange","Actors":"Malcolm McDowell, Patrick Magee, Michael Bates, Warren Clarke","Response":"True","Type":"movie","Awards":"Nominated for 4 Oscars. Another 11 wins & 20 nominations.","DVD":"N\/A","Year":"1971","Poster":"https:\/\/m.media-amazon.com\/images\/M\/MV5BMTY3MjM1Mzc4N15BMl5BanBnXkFtZTgwODM0NzAxMDE@._V1_SX300.jpg","Country":"UK, USA","Genre":"Crime, Drama, Sci-Fi","Writer":"Stanley Kubrick (screenplay), Anthony Burgess (novel)"}
