{"Metascore":"83","BoxOffice":"N\/A","Website":"N\/A","imdbRating":"7.7","imdbVotes":"176,621","Ratings":[{"Value":"7.7\/10","Source":"Internet Movie Database"},{"Value":"91%","Source":"Rotten Tomatoes"},{"Value":"83\/100","Source":"Metacritic"}],"Runtime":"115 min","Language":"English, Latin","Rated":"R","Production":"InterMedia Film Equities Ltd., Clinica Estetico","Released":"14 Feb 2003","imdbID":"tt0268126","Plot":"While his latest movie Being John Malkovich (1999) is in production, screenwriter Charlie Kaufman is hired by Valerie Thomas to adapt Susan Orlean's non-fiction book \"The Orchid Thief\" for the screen. Thomas bought the movie rights before Orlean wrote the book, when it was only an article in The New Yorker. The book details the story of rare orchid hunter John Laroche, whose passion for orchids and horticulture made Orlean discover passion and beauty for the first time in her life. Charlie wants to be faithful to the book in his adaptation, but despite Laroche himself being an interesting character in his own right, Charlie is having difficulty finding enough material in Laroche to fill a movie, while equally not having enough to say cinematically about the beauty of orchids. At the same time, Charlie is going through other issues in his life. His insecurity as a person doesn't allow him to act upon his feelings for Amelia Kavan, who is interested in him as a man. And Charlie's twin brother, pretentious Donald, has moved into his house with a goal of also becoming a screenwriter. Despite not admiring Donald as a screenwriter, Charlie asks for his advice. Together, they feel that there is some interesting subtext in the book on which Orlean herself can only elaborate, if only Charlie has the nerve to talk to her. If she can't or won't elaborate, they may have to find out the meaning of that subtext on their own.","Director":"Spike Jonze","Title":"Adaptation.","Actors":"Nicolas Cage, Tilda Swinton, Meryl Streep, Chris Cooper","Response":"True","Type":"movie","Awards":"Won 1 Oscar. Another 64 wins & 100 nominations.","DVD":"N\/A","Year":"2002","Poster":"https:\/\/m.media-amazon.com\/images\/M\/MV5BZjIwZWU0ZDItNzBlNS00MDIwLWFlZjctZTJjODdjZWYxNzczL2ltYWdlXkEyXkFqcGdeQXVyMTMxODk2OTU@._V1_SX300.jpg","Country":"USA","Genre":"Comedy, Drama","Writer":"Susan Orlean (book), Charlie Kaufman (screenplay)"}
