{"Metascore":"62","BoxOffice":"N\/A","Website":"N\/A","imdbRating":"7.7","imdbVotes":"231,448","Ratings":[{"Value":"7.7\/10","Source":"Internet Movie Database"},{"Value":"83%","Source":"Rotten Tomatoes"},{"Value":"62\/100","Source":"Metacritic"}],"Runtime":"138 min","Language":"English, French","Rated":"R","Production":"Castle Rock Entertainment, Columbia Pictures Corporation, New Line Cinema","Released":"11 Dec 1992","imdbID":"tt0104257","Plot":"In this dramatic courtroom thriller, LT Daniel Kaffee, a Navy lawyer who has never seen the inside of the courtroom, defends two stubborn Marines who have been accused of murdering a colleague. Kaffee is known as being lazy and had arranged for a plea bargain. Downey's Aunt Ginny appoints Cmdr. Galloway to represent him. Also on the legal staff is LTJG Sam Weinberg. The team rounds up many facts and Kaffee is discovering that he is really cut out for trial work. The defense is originally based upon the fact that PFC Santiago, the victim, was given a \"CODE RED\". Santiago was basically a screw-up. At Gitmo, screw-ups aren't tolerated. Especially by Col. Nathan Jessup. In Cuba, Jessup and two senior officers try to give all the help they can, but Kaffee knows something's fishy. In the conclusion of the film, the fireworks are set off by a confrontation between Jessup and Kaffee.","Director":"Rob Reiner","Title":"A Few Good Men","Actors":"Tom Cruise, Jack Nicholson, Demi Moore, Kevin Bacon","Response":"True","Type":"movie","Awards":"Nominated for 4 Oscars. Another 10 wins & 26 nominations.","DVD":"N\/A","Year":"1992","Poster":"https:\/\/m.media-amazon.com\/images\/M\/MV5BMmRlZDQ1MmUtMzE2Yi00YTkxLTk1MGMtYmIyYWQwODcxYzRlXkEyXkFqcGdeQXVyNTI4MjkwNjA@._V1_SX300.jpg","Country":"USA","Genre":"Drama, Thriller","Writer":"Aaron Sorkin (play), Aaron Sorkin (screenplay)"}
