{"Metascore":"90","BoxOffice":"N\/A","Website":"N\/A","imdbRating":"7.7","imdbVotes":"57,533","Ratings":[{"Value":"7.7\/10","Source":"Internet Movie Database"},{"Value":"89%","Source":"Rotten Tomatoes"},{"Value":"90\/100","Source":"Metacritic"}],"Runtime":"97 min","Language":"English","Rated":"R","Production":"The Geffen Company","Released":"11 Oct 1985","imdbID":"tt0088680","Plot":"A meek word processor impulsively travels to Manhattan's Soho District to date an attractive but apparently disturbed young woman and finds himself trapped there in a nightmarishly surreal vortex of improbable coincidences and farcical circumstances.","Director":"Martin Scorsese","Title":"After Hours","Actors":"Griffin Dunne, Rosanna Arquette, Verna Bloom, Tommy Chong","Response":"True","Type":"movie","Awards":"Nominated for 1 Golden Globe. Another 3 wins & 9 nominations.","DVD":"N\/A","Year":"1985","Poster":"https:\/\/m.media-amazon.com\/images\/M\/MV5BMTUxMjEzMzI2MV5BMl5BanBnXkFtZTgwNTU3ODAxMDE@._V1_SX300.jpg","Country":"USA","Genre":"Comedy, Crime, Drama, Thriller","Writer":"Joseph Minion"}
