{"Metascore":"78","BoxOffice":"N\/A","Website":"N\/A","imdbRating":"7.7","imdbVotes":"31,622","Ratings":[{"Value":"7.7\/10","Source":"Internet Movie Database"},{"Value":"88%","Source":"Rotten Tomatoes"},{"Value":"78\/100","Source":"Metacritic"}],"Runtime":"120 min","Language":"Danish, Swedish, English, Hindi","Rated":"R","Production":"Zentropa Entertainments","Released":"11 May 2007","imdbID":"tt0457655","Plot":"Jacob Pederson lives in shanty surroundings in Bombay, India, and assists in the running of Anand Orphanage and School. He had attempted a number of projects to assist orphans, including child prostitutes - all quite in vain. He has adopted a young male orphan, Pramod, and takes special care of him. With growing pressure on the facilities, which is on the verge bankruptcy, the orphanage receives an offer of funding from wealthy Danish citizen, Jorgen, which may put an end to its problems. In order to obtain the money, Jacob must travel to Copenhagen, meet with Jorgen, get financial assistance, and be back to celebrate Pramod's 8th birthday. He sets forth, is received by Christian Refner, an employee and future son-in-law of Jorgen. Jacob is shown all possible courtesy and even housed in a posh apartment. He subsequently meets with Jorgen, shows him video-tapes and submits that a few Kroner could really save several lives which would otherwise succumb to minor illnesses and infections. Jorgen views the videos, but does not display much interest. He invites Jacob to attend his daughter's wedding. Jacob does attend the ceremony, is introduced to Helene, Jorgen's wife; the bride, Anna; and Jorgen's twins - Martin and Morten. After the wedding ceremony, Christian makes a speech. Quite unconventionally, Anna also decides to make a speech - it is this speech that will shatter Jacob's world, slowly make him realize that this invitation to Copenhagen was a ploy to not only ensnare him but also prevent him from returning to India.","Director":"Susanne Bier","Title":"After the Wedding","Actors":"Mads Mikkelsen, Neeral Mulchandani, Tanya Sharma, Swini Khara","Response":"True","Type":"movie","Awards":"Nominated for 1 Oscar. Another 9 wins & 16 nominations.","DVD":"N\/A","Year":"2006","Poster":"https:\/\/m.media-amazon.com\/images\/M\/MV5BMjIxODEyOTQ5Ml5BMl5BanBnXkFtZTcwNjE3NzI5Mw@@._V1_SX300.jpg","Country":"Denmark, Sweden, UK, Norway","Genre":"Drama","Writer":"Susanne Bier (story), Anders Thomas Jensen (story), Anders Thomas Jensen (screenplay)"}
