{"Metascore":"96","BoxOffice":"N\/A","Website":"N\/A","imdbRating":"7.6","imdbVotes":"39,875","Ratings":[{"Value":"7.6\/10","Source":"Internet Movie Database"},{"Value":"98%","Source":"Rotten Tomatoes"},{"Value":"96\/100","Source":"Metacritic"}],"Runtime":"87 min","Language":"English, German, French","Rated":"G","Production":"Proscenium Films","Released":"07 Jul 1964","imdbID":"tt0058182","Plot":"The Beatles--the world's most famous rock and roll band--travel from their home town of Liverpool to London to perform in a television broadcast. Along the way they must rescue Paul's unconventional grandfather from various misadventures and drummer Ringo goes missing just before the crucial concert.","Director":"Richard Lester","Title":"A Hard Day's Night","Actors":"The Beatles, John Lennon, Paul McCartney, George Harrison","Response":"True","Type":"movie","Awards":"Nominated for 2 Oscars. Another 2 wins & 5 nominations.","DVD":"N\/A","Year":"1964","Poster":"https:\/\/m.media-amazon.com\/images\/M\/MV5BZjQyMGUwNzAtNTc2MC00Y2FjLThlM2ItZGRjNzM0OWVmZGYyXkEyXkFqcGdeQXVyNjc1NTYyMjg@._V1_SX300.jpg","Country":"UK","Genre":"Comedy, Music, Musical","Writer":"Alun Owen (original screenplay)"}
