{"Metascore":"78","BoxOffice":"N\/A","Website":"N\/A","imdbRating":"7.7","imdbVotes":"211,331","Ratings":[{"Value":"7.7\/10","Source":"Internet Movie Database"},{"Value":"97%","Source":"Rotten Tomatoes"},{"Value":"78\/100","Source":"Metacritic"}],"Runtime":"88 min","Language":"English","Rated":"PG","Production":"Paramount Pictures","Released":"02 Jul 1980","imdbID":"tt0080339","Plot":"Still craving for the love of his life, Ted Striker follows Elaine onto the flight that she is working on as a member of the cabin crew. Elaine doesn't want to be with Ted anymore, but when the crew and passengers fall ill from food poisoning, all eyes are on Ted.","Director":"Jim Abrahams, David Zucker, Jerry Zucker","Title":"Airplane!","Actors":"Kareem Abdul-Jabbar, Lloyd Bridges, Peter Graves, Julie Hagerty","Response":"True","Type":"movie","Awards":"Nominated for 1 Golden Globe. Another 2 wins & 6 nominations.","DVD":"N\/A","Year":"1980","Poster":"https:\/\/m.media-amazon.com\/images\/M\/MV5BZjA3YjdhMWEtYjc2Ni00YzVlLWI0MTUtMGZmNTJjNmU0Yzk2XkEyXkFqcGdeQXVyNzkwMjQ5NzM@._V1_SX300.jpg","Country":"USA","Genre":"Comedy","Writer":"Jim Abrahams (written for the screen by), David Zucker (written for the screen by), Jerry Zucker (written for the screen by)"}
