{"Metascore":"86","BoxOffice":"N\/A","Website":"N\/A","imdbRating":"8.0","imdbVotes":"369,423","Ratings":[{"Value":"8.0\/10","Source":"Internet Movie Database"},{"Value":"95%","Source":"Rotten Tomatoes"},{"Value":"86\/100","Source":"Metacritic"}],"Runtime":"90 min","Language":"English","Rated":"G","Production":"Walt Disney Pictures","Released":"25 Nov 1992","imdbID":"tt0103639","Plot":"Aladdin is a poor street urchin who spends his time stealing food from the marketplace in the city of Agrabah. His adventures begin when he meets a young girl who happens to be Princess Jasmine, who is forced to be married by her wacky yet estranged father. Aladdin's luck suddenly changes when he retrieves a magical lamp from the Cave of Wonders. What he unwittingly gets is a fun-loving genie who only wishes to have his freedom. Little do they know is that the Sultan's sinister advisor Jafar has his own plans for both Aladdin and the lamp.","Director":"Ron Clements, John Musker","Title":"Aladdin","Actors":"Scott Weinger, Robin Williams, Linda Larkin, Jonathan Freeman","Response":"True","Type":"movie","Awards":"Won 2 Oscars. Another 31 wins & 22 nominations.","DVD":"N\/A","Year":"1992","Poster":"https:\/\/m.media-amazon.com\/images\/M\/MV5BY2Q2NDI1MjUtM2Q5ZS00MTFlLWJiYWEtNTZmNjQ3OGJkZDgxXkEyXkFqcGdeQXVyNTI4MjkwNjA@._V1_SX300.jpg","Country":"USA","Genre":"Animation, Adventure, Comedy, Family, Fantasy, Musical, Romance","Writer":"Ron Clements (screenplay by), John Musker (screenplay by), Ted Elliott (screenplay by), Terry Rossio (screenplay by), Burny Mattinson (story), Roger Allers (story), Daan Jippes (story), Kevin Harkey (story), Sue C. Nichols (story), Francis Glebas (story), Darrell Rooney (story), Larry Leker (story), James Fujii (story), Kirk Hanson (story), Kevin Lima (story), Rebecca Rees (story), David S. Smith (story), Chris Sanders (story), Brian Pimental (story), Patrick A. Ventura (story)"}
