{"Metascore":"89","BoxOffice":"N\/A","Website":"N\/A","imdbRating":"8.4","imdbVotes":"775,141","Ratings":[{"Value":"8.4\/10","Source":"Internet Movie Database"},{"Value":"98%","Source":"Rotten Tomatoes"},{"Value":"89\/100","Source":"Metacritic"}],"Runtime":"117 min","Language":"English","Rated":"R","Production":"Twentieth Century Fox, Brandywine Productions","Released":"22 Jun 1979","imdbID":"tt0078748","Plot":"A commercial crew aboard the deep space towing vessel, Nostromo is on its way home when they pick up an SOS warning from a distant moon. What they don't know is that the SOS warning is not like any other ordinary warning call. Picking up the signal, the crew realizes that they are not alone on the spaceship when an alien stowaway is on the cargo ship.","Director":"Ridley Scott","Title":"Alien","Actors":"Tom Skerritt, Sigourney Weaver, Veronica Cartwright, Harry Dean Stanton","Response":"True","Type":"movie","Awards":"Won 1 Oscar. Another 16 wins & 22 nominations.","DVD":"N\/A","Year":"1979","Poster":"https:\/\/m.media-amazon.com\/images\/M\/MV5BMmQ2MmU3NzktZjAxOC00ZDZhLTk4YzEtMDMyMzcxY2IwMDAyXkEyXkFqcGdeQXVyNzkwMjQ5NzM@._V1_SX300.jpg","Country":"UK, USA","Genre":"Horror, Sci-Fi","Writer":"Dan O'Bannon (screenplay by), Dan O'Bannon (story by), Ronald Shusett (story by)"}
