{"Metascore":"84","BoxOffice":"N\/A","Website":"N\/A","imdbRating":"8.3","imdbVotes":"644,709","Ratings":[{"Value":"8.3\/10","Source":"Internet Movie Database"},{"Value":"97%","Source":"Rotten Tomatoes"},{"Value":"84\/100","Source":"Metacritic"}],"Runtime":"137 min","Language":"English","Rated":"R","Production":"Twentieth Century Fox, Brandywine Productions","Released":"18 Jul 1986","imdbID":"tt0090605","Plot":"Fifty seven years after Ellen Ripley survived her disastrous ordeal, her escape vessel is recovered after drifting across the galaxy as she slept in cryogenic stasis. Back on Earth, nobody believed her story about the \"Aliens\" on the moon LV-426. After the \"Company\" orders the colony on LV-426 to investigate, however, all communication with the colony is lost. The Company enlists Ripley to aid a team of tough, rugged space marines on a rescue mission to the now partially terraformed moon to find out if there are aliens or survivors. As the mission unfolds, Ripley will be forced to come to grips with her worst nightmare, but even as she does, she finds that the worst is yet to come.","Director":"James Cameron","Title":"Aliens","Actors":"Sigourney Weaver, Carrie Henn, Michael Biehn, Paul Reiser","Response":"True","Type":"movie","Awards":"Won 2 Oscars. Another 18 wins & 23 nominations.","DVD":"N\/A","Year":"1986","Poster":"https:\/\/m.media-amazon.com\/images\/M\/MV5BZGU2OGY5ZTYtMWNhYy00NjZiLWI0NjUtZmNhY2JhNDRmODU3XkEyXkFqcGdeQXVyNzkwMjQ5NzM@._V1_SX300.jpg","Country":"USA, UK","Genre":"Action, Adventure, Sci-Fi, Thriller","Writer":"James Cameron (story by), David Giler (story by), Walter Hill (story by), Dan O'Bannon (based on characters created by), Ronald Shusett (based on characters created by), James Cameron (screenplay by)"}
