{"Metascore":"83","BoxOffice":"N\/A","Website":"N\/A","imdbRating":"7.7","imdbVotes":"31,651","Ratings":[{"Value":"7.7\/10","Source":"Internet Movie Database"},{"Value":"97%","Source":"Rotten Tomatoes"},{"Value":"83\/100","Source":"Metacritic"}],"Runtime":"97 min","Language":"English, French","Rated":"G","Production":"Warner Brothers, Baltimore Pictures","Released":"19 May 1995","imdbID":"tt0113670","Plot":"When her father enlists to fight for the British in WWI, young Sara Crewe goes to New York to attend the same boarding school her late mother attended. She soon clashes with the severe headmistress, Miss Minchin, who attempts to stifle Sara's creativity and sense of self-worth. Sara's belief that \"every girl's a princess\" is tested to the limit, however, when word comes that her father was killed in action and his estate has been seized by the British government.","Director":"Alfonso Cuarón","Title":"A Little Princess","Actors":"Liesel Matthews, Eleanor Bron, Liam Cunningham, Rusty Schwimmer","Response":"True","Type":"movie","Awards":"Nominated for 2 Oscars. Another 3 wins & 7 nominations.","DVD":"N\/A","Year":"1995","Poster":"https:\/\/m.media-amazon.com\/images\/M\/MV5BZDQzMGE5ODYtZDdiNC00MzZjLTg2NjAtZTk0ODlkYmY4MTQzXkEyXkFqcGdeQXVyMTQxNzMzNDI@._V1_SX300.jpg","Country":"USA","Genre":"Drama, Family, Fantasy","Writer":"Frances Hodgson Burnett (novel), Richard LaGravenese (screenplay), Elizabeth Chandler (screenplay)"}
