{"Metascore":"84","BoxOffice":"N\/A","Website":"N\/A","imdbRating":"8.0","imdbVotes":"101,099","Ratings":[{"Value":"8.0\/10","Source":"Internet Movie Database"},{"Value":"94%","Source":"Rotten Tomatoes"},{"Value":"84\/100","Source":"Metacritic"}],"Runtime":"138 min","Language":"English, Spanish","Rated":"PG","Production":"Warner Brothers, Wildwood","Released":"09 Apr 1976","imdbID":"tt0074119","Plot":"In the run-up to the 1972 elections, Washington Post reporter Bob Woodward covers what seems to be a minor break-in at the Democratic Party National headquarters. He is surprised to find top lawyers already on the defense case, and the discovery of names and addresses of Republican fund organizers on the accused further arouses his suspicions. The editor of the Post is prepared to run with the story and assigns Woodward and Carl Bernstein to it. They find the trail leading higher and higher in the Republican Party, and eventually into the White House itself.","Director":"Alan J. Pakula","Title":"All the President's Men","Actors":"Dustin Hoffman, Robert Redford, Jack Warden, Martin Balsam","Response":"True","Type":"movie","Awards":"Won 4 Oscars. Another 13 wins & 21 nominations.","DVD":"N\/A","Year":"1976","Poster":"https:\/\/m.media-amazon.com\/images\/M\/MV5BOWI2YWQxM2MtY2U4Yi00YjgzLTgwNzktN2ExNTgzNTIzMmUzXkEyXkFqcGdeQXVyMTAwMzUyOTc@._V1_SX300.jpg","Country":"USA","Genre":"Biography, Drama, History, Thriller","Writer":"Carl Bernstein (book), Bob Woodward (book), William Goldman (screenplay)"}
