{"Metascore":"72","BoxOffice":"N\/A","Website":"N\/A","imdbRating":"7.9","imdbVotes":"27,608","Ratings":[{"Value":"7.9\/10","Source":"Internet Movie Database"},{"Value":"85%","Source":"Rotten Tomatoes"},{"Value":"72\/100","Source":"Metacritic"}],"Runtime":"123 min","Language":"English, Spanish","Rated":"R","Production":"Columbia Pictures, Twentieth Century Fox","Released":"20 Dec 1979","imdbID":"tt0078754","Plot":"Choreographing and picking dancers for his current show whilst editing his feature film about a stand-up comedian is getting to Joe Gideon. Without the chemical substances, he would not have the energy to keep up with his girlfriend, his ex-wife, and his special dancing daughter. They attempt to bring him back from the brink, but it's too late for his exhausted body and stress-ravaged heart. He chain-smokes, uses drugs, sleeps with his dancers and overworks himself into open-heart surgery. Scenes from his past life start to encroach on the present and he becomes increasingly aware of his mortality.","Director":"Bob Fosse","Title":"All That Jazz","Actors":"Roy Scheider, Jessica Lange, Ann Reinking, Leland Palmer","Response":"True","Type":"movie","Awards":"Won 4 Oscars. Another 7 wins & 14 nominations.","DVD":"N\/A","Year":"1979","Poster":"https:\/\/m.media-amazon.com\/images\/M\/MV5BZWE4N2JkNDUtZDU4MC00ZjNhLTlkMjYtOTNkMjZhMDAwMDMyXkEyXkFqcGdeQXVyMTA0MjU0Ng@@._V1_SX300.jpg","Country":"USA","Genre":"Drama, Music, Musical","Writer":"Robert Alan Aurthur, Bob Fosse"}
