{"Metascore":"90","BoxOffice":"N\/A","Website":"N\/A","imdbRating":"7.9","imdbVotes":"249,222","Ratings":[{"Value":"7.9\/10","Source":"Internet Movie Database"},{"Value":"89%","Source":"Rotten Tomatoes"},{"Value":"90\/100","Source":"Metacritic"}],"Runtime":"122 min","Language":"English, French","Rated":"R","Production":"DreamWorks Pictures, Vinyl Films","Released":"22 Sep 2000","imdbID":"tt0181875","Plot":"William Miller is a 15-year-old kid hired by Rolling Stone magazine to tour with and write about Stillwater, an up and coming rock band. This wonderfully witty coming-of-age film follows William as he falls face first to confront life, love, and lingo.","Director":"Cameron Crowe","Title":"Almost Famous","Actors":"Billy Crudup, Frances McDormand, Kate Hudson, Jason Lee","Response":"True","Type":"movie","Awards":"Won 1 Oscar. Another 52 wins & 103 nominations.","DVD":"N\/A","Year":"2000","Poster":"https:\/\/m.media-amazon.com\/images\/M\/MV5BMzY1ZjMwMGEtYTY1ZS00ZDllLTk0ZmUtYzA3ZTA4NmYwNGNkXkEyXkFqcGdeQXVyNDk3NzU2MTQ@._V1_SX300.jpg","Country":"USA","Genre":"Adventure, Comedy, Drama, Music","Writer":"Cameron Crowe"}
