{"Metascore":"88","BoxOffice":"N\/A","Website":"N\/A","imdbRating":"8.3","imdbVotes":"364,261","Ratings":[{"Value":"8.3\/10","Source":"Internet Movie Database"},{"Value":"93%","Source":"Rotten Tomatoes"},{"Value":"88\/100","Source":"Metacritic"}],"Runtime":"160 min","Language":"English, Italian, Latin, German","Rated":"R","Production":"AMLF","Released":"19 Sep 1984","imdbID":"tt0086879","Plot":"Antonio Salieri believes that Wolfgang Amadeus Mozart's music is divine and miraculous. He wishes he was himself as good a musician as Mozart so that he can praise the Lord through composing. He began his career as a devout man who believes his success and talent as a composer are God's rewards for his piety. He's also content as the respected, financially well-off, court composer of Austrian Emperor Joseph II. But he's shocked to learn that Mozart is such a vulgar creature, and can't understand why God favored Mozart to be his instrument. Salieri's envy has made him an enemy of God whose greatness was evident in Mozart. He is ready to take revenge against God and Mozart for his own musical mediocrity.","Director":"Milos Forman","Title":"Amadeus","Actors":"F. Murray Abraham, Tom Hulce, Elizabeth Berridge, Roy Dotrice","Response":"True","Type":"movie","Awards":"Won 8 Oscars. Another 35 wins & 14 nominations.","DVD":"N\/A","Year":"1984","Poster":"https:\/\/m.media-amazon.com\/images\/M\/MV5BNWJlNzUzNGMtYTAwMS00ZjI2LWFmNWQtODcxNWUxODA5YmU1XkEyXkFqcGdeQXVyNTIzOTk5ODM@._V1_SX300.jpg","Country":"USA, France, Czechoslovakia, Italy","Genre":"Biography, Drama, History, Music","Writer":"Peter Shaffer (original stage play), Peter Shaffer (original screenplay)"}
