{"Metascore":"72","BoxOffice":"N\/A","Website":"N\/A","imdbRating":"7.7","imdbVotes":"30,608","Ratings":[{"Value":"7.7\/10","Source":"Internet Movie Database"},{"Value":"83%","Source":"Rotten Tomatoes"},{"Value":"72\/100","Source":"Metacritic"}],"Runtime":"120 min","Language":"English, Latin, Spanish, French","Rated":"G","Production":"Open Road","Released":"03 May 1967","imdbID":"tt0060665","Plot":"The story takes place in 16th century England. But men like Sir Thomas More, who love life yet have the moral fiber to lay down their lives for their principles, are found in every century. Concentrating on the last seven years of English chancellor's life, the struggle between More and his King, Henry VIII, hinges on Henry's determination to break with Rome so he can divorce his current wife and wed again, and good Catholic More's inability to go along with such heresy. More resigns as chancellor, hoping to be able to live out his life as a private citizen. But Henry will settle for nothing less than that the much respected More give public approval to his headstrong course.","Director":"Fred Zinnemann","Title":"A Man for All Seasons","Actors":"Paul Scofield, Wendy Hiller, Leo McKern, Robert Shaw","Response":"True","Type":"movie","Awards":"Won 6 Oscars. Another 27 wins & 9 nominations.","DVD":"N\/A","Year":"1966","Poster":"https:\/\/m.media-amazon.com\/images\/M\/MV5BMTRjOTA1NzctNzFmMy00ZjcwLWExYjgtYWQyZDM5ZWY1Y2JlXkEyXkFqcGdeQXVyMDI2NDg0NQ@@._V1_SX300.jpg","Country":"UK","Genre":"Biography, Drama, History","Writer":"Robert Bolt (from the play by), Robert Bolt (screenplay)"}
