{"Metascore":"62","BoxOffice":"N\/A","Website":"N\/A","imdbRating":"8.5","imdbVotes":"1,022,451","Ratings":[{"Value":"8.5\/10","Source":"Internet Movie Database"},{"Value":"83%","Source":"Rotten Tomatoes"},{"Value":"62\/100","Source":"Metacritic"}],"Runtime":"119 min","Language":"English","Rated":"R","Production":"New Line Cinema, Turman-Morrissey Company","Released":"20 Nov 1998","imdbID":"tt0120586","Plot":"Derek Vineyard is paroled after serving 3 years in prison for brutally killing two black men who tried to break into\/steal his truck. Through his brother, Danny Vineyard's narration, we learn that before going to prison, Derek was a skinhead and the leader of a violent white supremacist gang that committed acts of racial crime throughout L.A. and his actions greatly influenced Danny. Reformed and fresh out of prison, Derek severs contact with the gang and becomes determined to keep Danny from going down the same violent path as he did.","Director":"Tony Kaye","Title":"American History X","Actors":"Edward Norton, Edward Furlong, Beverly D'Angelo, Jennifer Lien","Response":"True","Type":"movie","Awards":"Nominated for 1 Oscar. Another 4 wins & 14 nominations.","DVD":"N\/A","Year":"1998","Poster":"https:\/\/m.media-amazon.com\/images\/M\/MV5BZjA0MTM4MTQtNzY5MC00NzY3LWI1ZTgtYzcxMjkyMzU4MDZiXkEyXkFqcGdeQXVyNDYyMDk5MTU@._V1_SX300.jpg","Country":"USA","Genre":"Drama","Writer":"David McKenna"}
