{"Metascore":"76","BoxOffice":"N\/A","Website":"N\/A","imdbRating":"7.8","imdbVotes":"386,599","Ratings":[{"Value":"7.8\/10","Source":"Internet Movie Database"},{"Value":"80%","Source":"Rotten Tomatoes"},{"Value":"76\/100","Source":"Metacritic"}],"Runtime":"157 min","Language":"English, Thai, Spanish","Rated":"R","Production":"Scott Free Productions","Released":"02 Nov 2007","imdbID":"tt0765429","Plot":"Following the death of his employer and mentor, Bumpy Johnson, Frank Lucas establishes himself as the number one importer of heroin in the Harlem district of Manhattan. He does so by buying heroin directly from the source in South East Asia and he comes up with a unique way of importing the drugs into the United States. As a result, his product is superior to what is currently available on the street and his prices are lower. His alliance with the New York Mafia ensures his position. It is also the story of a dedicated and honest policeman, Richie Roberts, who heads up a joint narcotics task force with the Federal government. Based on a true story.","Director":"Ridley Scott","Title":"American Gangster","Actors":"Denzel Washington, Russell Crowe, Chiwetel Ejiofor, Josh Brolin","Response":"True","Type":"movie","Awards":"Nominated for 2 Oscars. Another 13 wins & 35 nominations.","DVD":"N\/A","Year":"2007","Poster":"https:\/\/m.media-amazon.com\/images\/M\/MV5BMjFmZGI2YTEtYmJhMS00YTE5LWJjNjAtNDI5OGY5ZDhmNTRlXkEyXkFqcGdeQXVyODAwMTU1MTE@._V1_SX300.jpg","Country":"USA, UK","Genre":"Biography, Crime, Drama, Thriller","Writer":"Steven Zaillian, Mark Jacobson (article)"}
