{"Metascore":"64","BoxOffice":"N\/A","Website":"N\/A","imdbRating":"7.6","imdbVotes":"480,597","Ratings":[{"Value":"7.6\/10","Source":"Internet Movie Database"},{"Value":"69%","Source":"Rotten Tomatoes"},{"Value":"64\/100","Source":"Metacritic"}],"Runtime":"101 min","Language":"English, Spanish, Cantonese","Rated":"R","Production":"P.P.S. Films, Lions Gate Entertainment, Edward R. Pressman Film Corp., Muse Productions, Quadra Entertainment","Released":"14 Apr 2000","imdbID":"tt0144084","Plot":"Patrick Bateman is handsome, well educated and intelligent. He is twenty-seven and living his own American dream. He works by day on Wall Street, earning a fortune to complement the one he was born with. At night he descends into madness, as he experiments with fear and violence.","Director":"Mary Harron","Title":"American Psycho","Actors":"Christian Bale, Justin Theroux, Josh Lucas, Bill Sage","Response":"True","Type":"movie","Awards":"8 wins & 13 nominations.","DVD":"N\/A","Year":"2000","Poster":"https:\/\/m.media-amazon.com\/images\/M\/MV5BZTM2ZGJmNjQtN2UyOS00NjcxLWFjMDktMDE2NzMyNTZlZTBiXkEyXkFqcGdeQXVyNzkwMjQ5NzM@._V1_SX300.jpg","Country":"USA, Canada","Genre":"Comedy, Crime, Drama","Writer":"Bret Easton Ellis (novel), Mary Harron (screenplay), Guinevere Turner (screenplay)"}
