{"Metascore":"69","BoxOffice":"N\/A","Website":"N\/A","imdbRating":"8.3","imdbVotes":"694,570","Ratings":[{"Value":"8.3\/10","Source":"Internet Movie Database"},{"Value":"89%","Source":"Rotten Tomatoes"},{"Value":"69\/100","Source":"Metacritic"}],"Runtime":"122 min","Language":"French, Russian, English","Rated":"R","Production":"MMC Independent GmbH, Tapioca Films, MMC Independent, France 3 Cinéma, UGC","Released":"08 Feb 2002","imdbID":"tt0211915","Plot":"Amélie is a story about a girl named Amélie whose childhood was suppressed by her Father's mistaken concerns of a heart defect. With these concerns Amélie gets hardly any real life contact with other people. This leads Amélie to resort to her own fantastical world and dreams of love and beauty. She later on becomes a young woman and moves to the central part of Paris as a waitress. After finding a lost treasure belonging to the former occupant of her apartment, she decides to return it to him. After seeing his reaction and his new found perspective - she decides to devote her life to the people around her. Such as, her father who is obsessed with his garden-gnome, a failed writer, a hypochondriac, a man who stalks his ex girlfriends, the \"ghost\", a suppressed young soul, the love of her life and a man whose bones are as brittle as glass. But after consuming herself with these escapades - she finds out that she is disregarding her own life and damaging her quest for love. Amélie then discovers she must become more aggressive and take a hold of her life and capture the beauty of love she has always dreamed of.","Director":"Jean-Pierre Jeunet","Title":"Amélie","Actors":"Audrey Tautou, Mathieu Kassovitz, Rufus, Lorella Cravotta","Response":"True","Type":"movie","Awards":"Nominated for 5 Oscars. Another 59 wins & 68 nominations.","DVD":"N\/A","Year":"2001","Poster":"https:\/\/m.media-amazon.com\/images\/M\/MV5BNDg4NjM1YjMtYmNhZC00MjM0LWFiZmYtNGY1YjA3MzZmODc5XkEyXkFqcGdeQXVyNDk3NzU2MTQ@._V1_SX300.jpg","Country":"France, Germany","Genre":"Comedy, Romance","Writer":"Guillaume Laurant (scenario), Jean-Pierre Jeunet (scenario), Guillaume Laurant (dialogue)"}
