{"Metascore":"94","BoxOffice":"N\/A","Website":"N\/A","imdbRating":"7.9","imdbVotes":"91,773","Ratings":[{"Value":"7.9\/10","Source":"Internet Movie Database"},{"Value":"93%","Source":"Rotten Tomatoes"},{"Value":"94\/100","Source":"Metacritic"}],"Runtime":"127 min","Language":"French, English","Rated":"PG-13","Production":"Les Films du Losange, Westdeutscher Rundfunk, Bayerischer Rundfunk","Released":"20 Sep 2012","imdbID":"tt1602620","Plot":"Georges and Anne are a couple of retired music teachers enjoying life in their eighties. However, Anne suddenly has a stroke at breakfast and their lives are never the same. That incident begins Anne's harrowingly steep physical and mental decline as Georges attempts to care for her at home as she wishes. Even as the fruits of their lives and career remain bright, the couple's hopes for some dignity prove a dispiriting struggle even as their daughter enters the conflict. In the end, George, with his love fighting against his own weariness and diminished future on top of Anne's, is driven to make some critical decisions for them both.","Director":"Michael Haneke","Title":"Amour","Actors":"Jean-Louis Trintignant, Emmanuelle Riva, Isabelle Huppert, Alexandre Tharaud","Response":"True","Type":"movie","Awards":"Won 1 Oscar. Another 81 wins & 105 nominations.","DVD":"N\/A","Year":"2012","Poster":"https:\/\/m.media-amazon.com\/images\/M\/MV5BMTk1NTc3NDc4MF5BMl5BanBnXkFtZTcwNjYwNDk0OA@@._V1_SX300.jpg","Country":"Austria, France, Germany","Genre":"Drama, Romance","Writer":"Michael Haneke (screenplay)"}
