{"Metascore":"N\/A","BoxOffice":"N\/A","Website":"N\/A","imdbRating":"8.3","imdbVotes":"68,412","Ratings":[{"Value":"8.3\/10","Source":"Internet Movie Database"},{"Value":"100%","Source":"Rotten Tomatoes"}],"Runtime":"139 min","Language":"Hindi, English","Rated":"Not Rated","Production":"Matchbox Pictures Inc., Viacom 18 Motion Pictures","Released":"05 Oct 2018","imdbID":"tt8108198","Plot":"A series of mysterious events change the life of a blind pianist, who must now report a crime that he should technically know nothing of.","Director":"Sriram Raghavan","Title":"Andhadhun","Actors":"Ayushmann Khurrana, Tabu, Radhika Apte, Anil Dhawan","Response":"True","Type":"movie","Awards":"25 wins & 25 nominations.","DVD":"N\/A","Year":"2018","Poster":"https:\/\/m.media-amazon.com\/images\/M\/MV5BZWZhMjhhZmYtOTIzOC00MGYzLWI1OGYtM2ZkN2IxNTI4ZWI3XkEyXkFqcGdeQXVyNDAzNDk0MTQ@._V1_SX300.jpg","Country":"India","Genre":"Crime, Drama, Music, Mystery, Thriller","Writer":"Arijit Biswas, Yogesh Chandekar, Sriram Raghavan, Hemanth M. Rao, Pooja Ladha Surti, Olivier Treiner (based on the story by)"}
