{"Metascore":"92","BoxOffice":"N\/A","Website":"N\/A","imdbRating":"8.0","imdbVotes":"249,146","Ratings":[{"Value":"8.0\/10","Source":"Internet Movie Database"},{"Value":"98%","Source":"Rotten Tomatoes"},{"Value":"92\/100","Source":"Metacritic"}],"Runtime":"93 min","Language":"English, German","Rated":"PG","Production":"Rollins-Joffe Productions","Released":"20 Apr 1977","imdbID":"tt0075686","Plot":"Alvy Singer, a forty year old twice divorced, neurotic, intellectual Jewish New York stand-up comic, reflects on the demise of his latest relationship, to Annie Hall, an insecure, flighty, Midwestern WASP aspiring nightclub singer. Unlike his previous relationships, Alvy believed he may have worked out all the issues in his life through fifteen years of therapy to make this relationship with Annie last, among those issues being not wanting to date any woman that would want to date him, and thus subconsciously pushing those women away. Alvy not only reviews the many ups and many downs of their relationship, but also reviews the many facets of his makeup that led to him starting to date Annie. Those facets include growing up next to Coney Island in Brooklyn, being attracted to the opposite sex for as long as he can remember, and enduring years of Jewish guilt with his constantly arguing parents.","Director":"Woody Allen","Title":"Annie Hall","Actors":"Woody Allen, Diane Keaton, Tony Roberts, Carol Kane","Response":"True","Type":"movie","Awards":"Won 4 Oscars. Another 26 wins & 8 nominations.","DVD":"N\/A","Year":"1977","Poster":"https:\/\/m.media-amazon.com\/images\/M\/MV5BZDg1OGQ4YzgtM2Y2NS00NjA3LWFjYTctMDRlMDI3NWE1OTUyXkEyXkFqcGdeQXVyMjUzOTY1NTc@._V1_SX300.jpg","Country":"USA","Genre":"Comedy, Romance","Writer":"Woody Allen, Marshall Brickman"}
