{"Metascore":"94","BoxOffice":"N\/A","Website":"N\/A","imdbRating":"8.4","imdbVotes":"597,478","Ratings":[{"Value":"8.4\/10","Source":"Internet Movie Database"},{"Value":"98%","Source":"Rotten Tomatoes"},{"Value":"94\/100","Source":"Metacritic"}],"Runtime":"147 min","Language":"English, French, Vietnamese","Rated":"R","Production":"Zoetrope Studios","Released":"15 Aug 1979","imdbID":"tt0078788","Plot":"It is the height of the war in Vietnam, and U.S. Army Captain Willard is sent by Colonel Lucas and a General to carry out a mission that, officially, 'does not exist - nor will it ever exist'. The mission: To seek out a mysterious Green Beret Colonel, Walter Kurtz, whose army has crossed the border into Cambodia and is conducting hit-and-run missions against the Viet Cong and NVA. The army believes Kurtz has gone completely insane and Willard's job is to eliminate him! Willard, sent up the Nung River on a U.S. Navy patrol boat, discovers that his target is one of the most decorated officers in the U.S. Army. His crew meets up with surfer-type Lt-Colonel Kilgore, head of a U.S Army helicopter cavalry group which eliminates a Viet Cong outpost to provide an entry point into the Nung River. After some hair-raising encounters, in which some of his crew are killed, Willard, Lance and Chef reach Colonel Kurtz's outpost, beyond the Do Lung Bridge. Now, after becoming prisoners of Kurtz, will Willard & the others be able to fulfill their mission?","Director":"Francis Ford Coppola","Title":"Apocalypse Now","Actors":"Marlon Brando, Martin Sheen, Robert Duvall, Frederic Forrest","Response":"True","Type":"movie","Awards":"Won 2 Oscars. Another 19 wins & 32 nominations.","DVD":"N\/A","Year":"1979","Poster":"https:\/\/m.media-amazon.com\/images\/M\/MV5BMDdhODg0MjYtYzBiOS00ZmI5LWEwZGYtZDEyNDU4MmQyNzFkXkEyXkFqcGdeQXVyNzkwMjQ5NzM@._V1_SX300.jpg","Country":"USA","Genre":"Drama, Mystery, War","Writer":"John Milius, Francis Ford Coppola, Michael Herr (narration)"}
