{"Metascore":"77","BoxOffice":"N\/A","Website":"N\/A","imdbRating":"7.6","imdbVotes":"265,026","Ratings":[{"Value":"7.6\/10","Source":"Internet Movie Database"},{"Value":"96%","Source":"Rotten Tomatoes"},{"Value":"77\/100","Source":"Metacritic"}],"Runtime":"140 min","Language":"English","Rated":"PG","Production":"Imagine Entertainment, Universal Pictures","Released":"30 Jun 1995","imdbID":"tt0112384","Plot":"Based on the true story of the ill-fated 13th Apollo mission bound for the moon. Astronauts Lovell, Haise and Swigert were scheduled to fly Apollo 14, but are moved up to 13. It's 1970, and The US has already achieved their lunar landing goal, so there's little interest in this \"routine\" flight.. until that is, things go very wrong, and prospects of a safe return fade.","Director":"Ron Howard","Title":"Apollo 13","Actors":"Tom Hanks, Bill Paxton, Kevin Bacon, Gary Sinise","Response":"True","Type":"movie","Awards":"Won 2 Oscars. Another 26 wins & 59 nominations.","DVD":"N\/A","Year":"1995","Poster":"https:\/\/m.media-amazon.com\/images\/M\/MV5BNjEzYjJmNzgtNDkwNy00MTQ4LTlmMWMtNzA4YjE2NjI0ZDg4XkEyXkFqcGdeQXVyNjU0OTQ0OTY@._V1_SX300.jpg","Country":"USA","Genre":"Adventure, Drama, History","Writer":"Jim Lovell (book), Jeffrey Kluger (book), William Broyles Jr. (screenplay), Al Reinert (screenplay)"}
