{"Metascore":"86","BoxOffice":"N\/A","Website":"N\/A","imdbRating":"7.7","imdbVotes":"566,929","Ratings":[{"Value":"7.7\/10","Source":"Internet Movie Database"},{"Value":"96%","Source":"Rotten Tomatoes"},{"Value":"86\/100","Source":"Metacritic"}],"Runtime":"120 min","Language":"English, Persian, German, Arabic","Rated":"R","Production":"Smoke House","Released":"12 Oct 2012","imdbID":"tt1024648","Plot":"In 1979, the American embassy in Iran was invaded by Iranian revolutionaries and several Americans were taken hostage. However, six managed to escape to the official residence of the Canadian Ambassador and the CIA was ordered to get them out of the country. With few options, exfiltration expert Tony Mendez devised a daring plan: create a phony Canadian film project looking to shoot in Iran and smuggle the Americans out as its production crew. With the help of some trusted Hollywood contacts, Mendez created the ruse and proceeded to Iran as its associate producer. However, time was running out with the Iranian security forces closing in on the truth while both his charges and the White House had grave doubts about the operation themselves.","Director":"Ben Affleck","Title":"Argo","Actors":"Ben Affleck, Bryan Cranston, Alan Arkin, John Goodman","Response":"True","Type":"movie","Awards":"Won 3 Oscars. Another 93 wins & 153 nominations.","DVD":"N\/A","Year":"2012","Poster":"https:\/\/m.media-amazon.com\/images\/M\/MV5BNzljNjY3MDYtYzc0Ni00YjU0LWIyNDUtNTE0ZDRiMGExMjZlXkEyXkFqcGdeQXVyMTMxODk2OTU@._V1_SX300.jpg","Country":"USA, UK","Genre":"Biography, Drama, Thriller","Writer":"Chris Terrio (screenplay by), Tony Mendez (based on a selection from \"The Master of Disguise\" by), Joshuah Bearman (based on the Wired Magazine article \"The Great Escape\" by)"}
