{"Metascore":"81","BoxOffice":"N\/A","Website":"N\/A","imdbRating":"7.9","imdbVotes":"582,367","Ratings":[{"Value":"7.9\/10","Source":"Internet Movie Database"},{"Value":"94%","Source":"Rotten Tomatoes"},{"Value":"81\/100","Source":"Metacritic"}],"Runtime":"116 min","Language":"English, Russian, Mandarin","Rated":"PG-13","Production":"21 Laps Entertainment, FilmNation, Lava Bear Films","Released":"11 Nov 2016","imdbID":"tt2543164","Plot":"Linguistics professor Louise Banks leads an elite team of investigators when gigantic spaceships touchdown in 12 locations around the world. As nations teeter on the verge of global war, Banks and her crew must race against time to find a way to communicate with the extraterrestrial visitors. Hoping to unravel the mystery, she takes a chance that could threaten her life and quite possibly all of mankind.","Director":"Denis Villeneuve","Title":"Arrival","Actors":"Amy Adams, Jeremy Renner, Forest Whitaker, Michael Stuhlbarg","Response":"True","Type":"movie","Awards":"Won 1 Oscar. Another 67 wins & 263 nominations.","DVD":"N\/A","Year":"2016","Poster":"https:\/\/m.media-amazon.com\/images\/M\/MV5BMTExMzU0ODcxNDheQTJeQWpwZ15BbWU4MDE1OTI4MzAy._V1_SX300.jpg","Country":"USA, Canada","Genre":"Drama, Mystery, Sci-Fi, Thriller","Writer":"Eric Heisserer (screenplay by), Ted Chiang (based on the story \"Story of Your Life\" written by)"}
