{"Metascore":"67","BoxOffice":"N\/A","Website":"N\/A","imdbRating":"7.7","imdbVotes":"271,832","Ratings":[{"Value":"7.7\/10","Source":"Internet Movie Database"},{"Value":"85%","Source":"Rotten Tomatoes"},{"Value":"67\/100","Source":"Metacritic"}],"Runtime":"139 min","Language":"English","Rated":"PG-13","Production":"Gracie Films, TriStar Pictures","Released":"25 Dec 1997","imdbID":"tt0119822","Plot":"New York City. Melvin Udall, a cranky, bigoted, obsessive-compulsive writer, finds his life turned upside down when neighboring gay artist Simon is hospitalized and his dog is entrusted to Melvin. In addition, Carol, the only waitress who will tolerate him, must leave work to care for her sick son, making it impossible for Melvin to eat breakfast.","Director":"James L. Brooks","Title":"As Good as It Gets","Actors":"Jack Nicholson, Helen Hunt, Greg Kinnear, Cuba Gooding Jr.","Response":"True","Type":"movie","Awards":"Won 2 Oscars. Another 36 wins & 54 nominations.","DVD":"N\/A","Year":"1997","Poster":"https:\/\/m.media-amazon.com\/images\/M\/MV5BNWMxZTgzMWEtMTU0Zi00NDc5LWFkZjctMzUxNDIyNzZiMmNjXkEyXkFqcGdeQXVyMTQxNzMzNDI@._V1_SX300.jpg","Country":"USA","Genre":"Comedy, Drama, Romance","Writer":"Mark Andrus (story), Mark Andrus (screenplay), James L. Brooks (screenplay)"}
