{"Metascore":"88","BoxOffice":"N\/A","Website":"N\/A","imdbRating":"7.7","imdbVotes":"324,024","Ratings":[{"Value":"7.7\/10","Source":"Internet Movie Database"},{"Value":"90%","Source":"Rotten Tomatoes"},{"Value":"88\/100","Source":"Metacritic"}],"Runtime":"136 min","Language":"English","Rated":"R","Production":"Jon Peters\/Bill Gerber\/Joint Effort Production","Released":"05 Oct 2018","imdbID":"tt1517451","Plot":"Jackson Maine (Cooper), a country music star on the brink of decline, discovers a talented unknown named Ally (Germanotta). As the two begin a passionate love affair, Jackson coaxes Ally into the spotlight, catapulting her to stardom. But as Ally's career quickly eclipses his own, Jack finds it increasingly hard to handle his fading glory.","Director":"Bradley Cooper","Title":"A Star Is Born","Actors":"Lady Gaga, Bradley Cooper, Sam Elliott, Andrew Dice Clay","Response":"True","Type":"movie","Awards":"Won 1 Oscar. Another 94 wins & 274 nominations.","DVD":"N\/A","Year":"2018","Poster":"https:\/\/m.media-amazon.com\/images\/M\/MV5BNmE5ZmE3OGItNTdlNC00YmMxLWEzNjctYzAwOGQ5ODg0OTI0XkEyXkFqcGdeQXVyMTMxODk2OTU@._V1_SX300.jpg","Country":"USA","Genre":"Drama, Music, Romance","Writer":"Eric Roth (screenplay by), Bradley Cooper (screenplay by), Will Fetters (screenplay by), Moss Hart (based on the 1954 screenplay by), John Gregory Dunne (based on the 1976 screenplay by), Joan Didion (based on the 1976 screenplay by), Frank Pierson (based on the 1976 screenplay by), William A. Wellman (based on a story by), Robert Carson (based on a story by)"}
