{"Metascore":"85","BoxOffice":"N\/A","Website":"N\/A","imdbRating":"7.8","imdbVotes":"246,950","Ratings":[{"Value":"7.8\/10","Source":"Internet Movie Database"},{"Value":"83%","Source":"Rotten Tomatoes"},{"Value":"85\/100","Source":"Metacritic"}],"Runtime":"123 min","Language":"English, French","Rated":"R","Production":"Working Title Films","Released":"11 Jan 2008","imdbID":"tt0783233","Plot":"SPOILER: When Briony Tallis, 13 years old and an aspiring writer, sees her older sister Cecilia and Robbie Turner at the fountain in front of the family estate she misinterprets what is happening thus setting into motion a series of misunderstandings and a childish pique that will have lasting repercussions for all of them. Robbie is the son of a family servant toward whom the family has always been kind. They paid for his time at Cambridge and now he plans on going to medical school. After the fountain incident, Briony reads a letter intended for Cecilia and concludes that Robbie is a deviant. When her cousin Lola is raped, she tells the police that it was Robbie she saw committing the deed.","Director":"Joe Wright","Title":"Atonement","Actors":"Saoirse Ronan, Ailidh Mackay, Brenda Blethyn, Julia West","Response":"True","Type":"movie","Awards":"Won 1 Oscar. Another 50 wins & 149 nominations.","DVD":"N\/A","Year":"2007","Poster":"https:\/\/m.media-amazon.com\/images\/M\/MV5BMGRiYjE0YzItMzk3Zi00ZmYwLWJjNDktYTAwYjIwMjIxYzM3XkEyXkFqcGdeQXVyMTMxODk2OTU@._V1_SX300.jpg","Country":"UK, France, USA","Genre":"Drama, Mystery, Romance, War","Writer":"Ian McEwan (novel), Christopher Hampton (screenplay)"}
