{"Metascore":"88","BoxOffice":"N\/A","Website":"N\/A","imdbRating":"8.0","imdbVotes":"30,809","Ratings":[{"Value":"8.0\/10","Source":"Internet Movie Database"},{"Value":"97%","Source":"Rotten Tomatoes"},{"Value":"88\/100","Source":"Metacritic"}],"Runtime":"104 min","Language":"French, German, English, Greek, Latin","Rated":"PG","Production":"NEF Filmproduktion, Nouvelles Éditions de Films (NEF), Stella Film, MK2 Productions","Released":"12 Feb 1988","imdbID":"tt0092593","Plot":"In 1944, upper class boy Julien Quentin and his brother François travel to Catholic boarding school in the countryside after vacations. Julien is a leader and good student and when the new student Jean Bonnet arrives in the school, they have friction in their relationship. However, Julien learns to respect Jean and discovers that he is Jewish and the priests are hiding him from the Nazis. They become best friends and Julien keeps the secret. When the priest Jean discovers that the servant Joseph is stealing supplies from the school to sell in the black market, he fires the youth. Sooner the Gestapo arrives at school to investigate the students and the priests that run and work in the boarding school.","Director":"Louis Malle","Title":"Au Revoir les Enfants","Actors":"Gaspard Manesse, Raphael Fejtö, Francine Racette, Stanislas Carré de Malberg","Response":"True","Type":"movie","Awards":"Nominated for 2 Oscars. Another 28 wins & 11 nominations.","DVD":"N\/A","Year":"1987","Poster":"https:\/\/m.media-amazon.com\/images\/M\/MV5BZmYxOTA5YTEtNDY3Ni00YTE5LWE1MTgtYjc4ZWUxNWY3ZTkxXkEyXkFqcGdeQXVyNjQ2MjQ5NzM@._V1_SX300.jpg","Country":"France, West Germany, Italy","Genre":"Drama, War","Writer":"Louis Malle, Louis Malle (scenario)"}
