{"Metascore":"N\/A","BoxOffice":"N\/A","Website":"N\/A","imdbRating":"8.3","imdbVotes":"24,643","Ratings":[{"Value":"8.3\/10","Source":"Internet Movie Database"},{"Value":"84%","Source":"Rotten Tomatoes"}],"Runtime":"99 min","Language":"Swedish, English","Rated":"PG","Production":"Suede Film, Filmédis, Personafilm, Incorporated Television Company","Released":"18 Oct 1978","imdbID":"tt0077711","Plot":"After having neglected her children for many years, world famous pianist Charlotte visits her daughter Eva in her home. To her surprise she finds her other daughter, Helena, there as well. Helena is mentally disabled, and Eva has taken Helena out of the institution where their mother had placed her. The tension between Charlotte and Eva only builds up slowly, until a nightly conversation releases all the things they have wanted to tell each other.","Director":"Ingmar Bergman","Title":"Autumn Sonata","Actors":"Ingrid Bergman, Liv Ullmann, Lena Nyman, Halvar Björk","Response":"True","Type":"movie","Awards":"Nominated for 2 Oscars. Another 10 wins & 7 nominations.","DVD":"N\/A","Year":"1978","Poster":"https:\/\/m.media-amazon.com\/images\/M\/MV5BNGIyMWRlYTctMWNlMi00ZGIzLThjOTgtZjQzZjRjNmRhMDdlXkEyXkFqcGdeQXVyMTAwMzUyOTc@._V1_SX300.jpg","Country":"Sweden, France, West Germany, UK, Norway","Genre":"Drama, Music","Writer":"Ingmar Bergman"}
