{"Metascore":"83","BoxOffice":"N\/A","Website":"N\/A","imdbRating":"7.8","imdbVotes":"1,107,342","Ratings":[{"Value":"7.8\/10","Source":"Internet Movie Database"},{"Value":"82%","Source":"Rotten Tomatoes"},{"Value":"83\/100","Source":"Metacritic"}],"Runtime":"162 min","Language":"English, Spanish","Rated":"PG-13","Production":"Dune, Lightstorm Entertainment, Ingenious Film Partners","Released":"18 Dec 2009","imdbID":"tt0499549","Plot":"When his brother is killed in a robbery, paraplegic Marine Jake Sully decides to take his place in a mission on the distant world of Pandora. There he learns of greedy corporate figurehead Parker Selfridge's intentions of driving off the native humanoid \"Na'vi\" in order to mine for the precious material scattered throughout their rich woodland. In exchange for the spinal surgery that will fix his legs, Jake gathers intel for the cooperating military unit spearheaded by gung-ho Colonel Quaritch, while simultaneously attempting to infiltrate the Na'vi people with the use of an \"avatar\" identity. While Jake begins to bond with the native tribe and quickly falls in love with the beautiful alien Neytiri, the restless Colonel moves forward with his ruthless extermination tactics, forcing the soldier to take a stand - and fight back in an epic battle for the fate of Pandora.","Director":"James Cameron","Title":"Avatar","Actors":"Sam Worthington, Zoe Saldana, Sigourney Weaver, Stephen Lang","Response":"True","Type":"movie","Awards":"Won 3 Oscars. Another 86 wins & 130 nominations.","DVD":"N\/A","Year":"2009","Poster":"https:\/\/m.media-amazon.com\/images\/M\/MV5BMTYwOTEwNjAzMl5BMl5BanBnXkFtZTcwODc5MTUwMw@@._V1_SX300.jpg","Country":"USA","Genre":"Action, Adventure, Fantasy, Sci-Fi","Writer":"James Cameron"}
