{"Metascore":"68","BoxOffice":"N\/A","Website":"N\/A","imdbRating":"8.4","imdbVotes":"812,007","Ratings":[{"Value":"8.4\/10","Source":"Internet Movie Database"},{"Value":"85%","Source":"Rotten Tomatoes"},{"Value":"68\/100","Source":"Metacritic"}],"Runtime":"149 min","Language":"English","Rated":"PG-13","Production":"Marvel Studios","Released":"27 Apr 2018","imdbID":"tt4154756","Plot":"The Avengers and their allies must be willing to sacrifice all in an attempt to defeat the powerful Thanos before his blitz of devastation and ruin puts an end to the universe.","Director":"Anthony Russo, Joe Russo","Title":"Avengers: Infinity War","Actors":"Robert Downey Jr., Chris Hemsworth, Mark Ruffalo, Chris Evans","Response":"True","Type":"movie","Awards":"Nominated for 1 Oscar. Another 46 wins & 75 nominations.","DVD":"N\/A","Year":"2018","Poster":"https:\/\/m.media-amazon.com\/images\/M\/MV5BMjMxNjY2MDU1OV5BMl5BanBnXkFtZTgwNzY1MTUwNTM@._V1_SX300.jpg","Country":"USA","Genre":"Action, Adventure, Sci-Fi","Writer":"Christopher Markus (screenplay by), Stephen McFeely (screenplay by), Stan Lee (based on the Marvel comics by), Jack Kirby (based on the Marvel comics by), Joe Simon (Captain America created by), Jack Kirby (Captain America created by), Steve Englehart (Star-Lord created by), Steve Gan (Star-Lord created by), Bill Mantlo (Rocket Raccoon created by), Keith Giffen (Rocket Raccoon created by), Jim Starlin (Thanos,  Gamora and Drax created by), Stan Lee (Groot created by), Larry Lieber (Groot created by), Jack Kirby (Groot created by), Steve Englehart (Mantis created by), Don Heck (Mantis created by)"}
