{"Metascore":"78","BoxOffice":"N\/A","Website":"N\/A","imdbRating":"8.4","imdbVotes":"780,963","Ratings":[{"Value":"8.4\/10","Source":"Internet Movie Database"},{"Value":"94%","Source":"Rotten Tomatoes"},{"Value":"78\/100","Source":"Metacritic"}],"Runtime":"181 min","Language":"English, Japanese, Xhosa, German","Rated":"PG-13","Production":"Marvel Studios, Walt Disney Pictures","Released":"26 Apr 2019","imdbID":"tt4154796","Plot":"After the devastating events of Avengers: Infinity War (2018), the universe is in ruins. With the help of remaining allies, the Avengers assemble once more in order to reverse Thanos' actions and restore balance to the universe.","Director":"Anthony Russo, Joe Russo","Title":"Avengers: Endgame","Actors":"Robert Downey Jr., Chris Evans, Mark Ruffalo, Chris Hemsworth","Response":"True","Type":"movie","Awards":"Nominated for 1 Oscar. Another 67 wins & 104 nominations.","DVD":"N\/A","Year":"2019","Poster":"https:\/\/m.media-amazon.com\/images\/M\/MV5BMTc5MDE2ODcwNV5BMl5BanBnXkFtZTgwMzI2NzQ2NzM@._V1_SX300.jpg","Country":"USA","Genre":"Action, Adventure, Drama, Sci-Fi","Writer":"Christopher Markus (screenplay by), Stephen McFeely (screenplay by), Stan Lee (based on the Marvel comics by), Jack Kirby (based on the Marvel comics by), Joe Simon (Captain America created by), Jack Kirby (Captain America created by), Steve Englehart (Star-Lord created by), Steve Gan (Star-Lord created by), Bill Mantlo (Rocket Raccoon created by), Keith Giffen (Rocket Raccoon created by), Jim Starlin (Thanos,  Gamora & Drax created by), Stan Lee (Groot created by), Larry Lieber (Groot created by), Jack Kirby (Groot created by), Steve Englehart (Mantis created by), Don Heck (Mantis created by)"}
