{"Metascore":"74","BoxOffice":"N\/A","Website":"N\/A","imdbRating":"7.8","imdbVotes":"122,426","Ratings":[{"Value":"7.8\/10","Source":"Internet Movie Database"},{"Value":"88%","Source":"Rotten Tomatoes"},{"Value":"74\/100","Source":"Metacritic"}],"Runtime":"121 min","Language":"English","Rated":"PG-13","Production":"Columbia Pictures Corporation","Released":"11 Jan 1991","imdbID":"tt0099077","Plot":"1969. Dr. Malcolm Sayer is hired as a clinical physician at a psychiatric hospital in the Bronx, despite he only having a research background. The job is not ideal on his side as he has difficulties relating to people which is the reason he has focused on research projects not involving human subjects, while the hospital hires him somewhat out of desperation in not finding anyone else with the qualifications who wants the job. Most of his patients are in a semi-catatonic state and are housed in what some of the orderlies coin the \"garden\" ward, where all they can do for the patients is water and feed them. He notices that some of the patients, despite their generally catatonic state, respond in unusual ways to certain stimuli. In doing some research, he also finds that some common bonds between these patients are that they suffered from encephalitis in the 1920s or 1930s, and that their physical states are like they have Parkinson's disease frozen in time. As such, he is able to convince, albeit reluctantly, his skeptical boss, Dr. Kaufman, to administer an expensive experimental drug therapy on only one patient with family consent. That patient is forty-one year old Leonard Lowe, who has been in his current state since he was eleven years old, and who has been supported by his loving mother through all these years. As the drug therapy \"awakens\" Leonard, there are several issues that come into play. Malcolm has to try and convince Kaufman and the hospital administration to extend the therapy to the other patients. Despite not knowing the long term effects, Leonard, who was aware of his surroundings through his catatonic state, may have mixed emotions about his situation, wanting both to be treated as human being and an experiment guinea pig to ensure that what is happening benefits him and others in the long run. Mrs. Lowe may be unprepared for the new Leonard, she expecting who she remembers as a sweet eleven year old boy. Through all these issues, what may be the most illuminating issue for Malcolm is the need to stimulate the human spirit, including his own in dealing with people around him.","Director":"Penny Marshall","Title":"Awakenings","Actors":"Robert De Niro, Robin Williams, Julie Kavner, Ruth Nelson","Response":"True","Type":"movie","Awards":"Nominated for 3 Oscars. Another 6 wins & 8 nominations.","DVD":"N\/A","Year":"1990","Poster":"https:\/\/m.media-amazon.com\/images\/M\/MV5BMjI5NjEzMDYyMl5BMl5BanBnXkFtZTgwNjgwNTg4NjE@._V1_SX300.jpg","Country":"USA","Genre":"Biography, Drama","Writer":"Oliver Sacks (book), Steven Zaillian (screenplay)"}
