{"Metascore":"N\/A","BoxOffice":"N\/A","Website":"N\/A","imdbRating":"8.4","imdbVotes":"32,378","Ratings":[{"Value":"8.4\/10","Source":"Internet Movie Database"},{"Value":"91%","Source":"Rotten Tomatoes"}],"Runtime":"125 min","Language":"Chinese, Turkish, Korean, English","Rated":"N\/A","Production":"Dijital Sanatlar Production, Digital Yapim Evi","Released":"27 Oct 2017","imdbID":"tt6316138","Plot":"In 1950, amid-st the ravages of the Korean War, Sergeant Süleyman stumbles upon a half-frozen little girl, with no parents and no help in sight. Frantic, scared and on the verge of death, ...","Director":"Can Ulkay","Title":"Ayla: The Daughter of War","Actors":"Çetin Tekindor, Ismail Hacioglu, Kyung-jin Lee, Kim Seol","Response":"True","Type":"movie","Awards":"19 wins & 11 nominations.","DVD":"N\/A","Year":"2017","Poster":"https:\/\/m.media-amazon.com\/images\/M\/MV5BNWJhMDlmZGUtYzcxNS00NDRiLWIwNjktNDY1Mjg3ZjBkYzY0XkEyXkFqcGdeQXVyMTU4MjUwMjI@._V1_SX300.jpg","Country":"Turkey","Genre":"Biography, Drama, History, War","Writer":"Yigit Güralp"}
