{"Metascore":"86","BoxOffice":"N\/A","Website":"N\/A","imdbRating":"7.6","imdbVotes":"429,106","Ratings":[{"Value":"7.6\/10","Source":"Internet Movie Database"},{"Value":"92%","Source":"Rotten Tomatoes"},{"Value":"86\/100","Source":"Metacritic"}],"Runtime":"113 min","Language":"English, American Sign Language","Rated":"R","Production":"Working Title Films, Big Talk Pictures","Released":"28 Jun 2017","imdbID":"tt3890160","Plot":"Baby is a young and partially hearing impaired getaway driver who can make any wild move while in motion with the right track playing. It's a critical talent he needs to survive his indentured servitude to the crime boss, Doc, who values his role in his meticulously planned robberies. However, just when Baby thinks he is finally free and clear to have his own life with his new girlfriend, Deborah, Doc coerces him back for another job. Now saddled with a crew of thugs too violently unstable to keep to Doc's plans, Baby finds himself and everything he cares for in terrible danger. To survive and escape the coming maelstrom, it will take all of Baby's skill, wits and daring, but even on the best track, can he make it when life is forcing him to face the music?","Director":"Edgar Wright","Title":"Baby Driver","Actors":"Ansel Elgort, Jon Bernthal, Jon Hamm, Eiza González","Response":"True","Type":"movie","Awards":"Nominated for 3 Oscars. Another 42 wins & 63 nominations.","DVD":"N\/A","Year":"2017","Poster":"https:\/\/m.media-amazon.com\/images\/M\/MV5BMjM3MjQ1MzkxNl5BMl5BanBnXkFtZTgwODk1ODgyMjI@._V1_SX300.jpg","Country":"UK, USA","Genre":"Action, Crime, Music, Thriller","Writer":"Edgar Wright"}
