{"Metascore":"57","BoxOffice":"N\/A","Website":"N\/A","imdbRating":"7.8","imdbVotes":"472,667","Ratings":[{"Value":"7.8\/10","Source":"Internet Movie Database"},{"Value":"66%","Source":"Rotten Tomatoes"},{"Value":"57\/100","Source":"Metacritic"}],"Runtime":"108 min","Language":"English","Rated":"PG","Production":"Universal Pictures, Amblin Entertainment","Released":"22 Nov 1989","imdbID":"tt0096874","Plot":"Marty McFly has only just gotten back from the past, when he is once again picked up by Dr. Emmett Brown and sent through time to the future. Marty's job in the future is to pose as his own son to prevent him from being thrown in prison. Unfortunately, things get worse when the future changes the present.","Director":"Robert Zemeckis","Title":"Back to the Future Part II","Actors":"Michael J. Fox, Christopher Lloyd, Lea Thompson, Thomas F. Wilson","Response":"True","Type":"movie","Awards":"Nominated for 1 Oscar. Another 9 wins & 8 nominations.","DVD":"N\/A","Year":"1989","Poster":"https:\/\/m.media-amazon.com\/images\/M\/MV5BZTMxMGM5MjItNDJhNy00MWI2LWJlZWMtOWFhMjI5ZTQwMWM3XkEyXkFqcGdeQXVyMTQxNzMzNDI@._V1_SX300.jpg","Country":"USA","Genre":"Adventure, Comedy, Sci-Fi","Writer":"Robert Zemeckis (characters), Bob Gale (characters), Robert Zemeckis (story), Bob Gale (story), Bob Gale (screenplay)"}
