{"Metascore":"87","BoxOffice":"N\/A","Website":"N\/A","imdbRating":"8.5","imdbVotes":"1,039,498","Ratings":[{"Value":"8.5\/10","Source":"Internet Movie Database"},{"Value":"96%","Source":"Rotten Tomatoes"},{"Value":"87\/100","Source":"Metacritic"}],"Runtime":"116 min","Language":"English","Rated":"PG","Production":"Universal Pictures, Amblin Entertainment","Released":"03 Jul 1985","imdbID":"tt0088763","Plot":"Marty McFly, a typical American teenager of the Eighties, is accidentally sent back to 1955 in a plutonium-powered DeLorean \"time machine\" invented by a slightly mad scientist. During his often hysterical, always amazing trip back in time, Marty must make certain his teenage parents-to-be meet and fall in love - so he can get back to the future.","Director":"Robert Zemeckis","Title":"Back to the Future","Actors":"Michael J. Fox, Christopher Lloyd, Lea Thompson, Crispin Glover","Response":"True","Type":"movie","Awards":"Won 1 Oscar. Another 19 wins & 25 nominations.","DVD":"N\/A","Year":"1985","Poster":"https:\/\/m.media-amazon.com\/images\/M\/MV5BZmU0M2Y1OGUtZjIxNi00ZjBkLTg1MjgtOWIyNThiZWIwYjRiXkEyXkFqcGdeQXVyMTQxNzMzNDI@._V1_SX300.jpg","Country":"USA","Genre":"Adventure, Comedy, Sci-Fi","Writer":"Robert Zemeckis, Bob Gale"}
