{"Metascore":"93","BoxOffice":"N\/A","Website":"N\/A","imdbRating":"7.8","imdbVotes":"64,799","Ratings":[{"Value":"7.8\/10","Source":"Internet Movie Database"},{"Value":"98%","Source":"Rotten Tomatoes"},{"Value":"93\/100","Source":"Metacritic"}],"Runtime":"94 min","Language":"English, Spanish","Rated":"PG","Production":"Badlands Company, Pressman-Williams","Released":"05 Jan 1974","imdbID":"tt0069762","Plot":"It's the late 1950s. Mid-twenty-something Kit is a restless and unfocused young man with a James Dean vibe and swagger which he has heard mentioned about him more than once. Fifteen year old Holly has a somewhat cold relationship with her sign painter father, if only because she is the primary reminder of his wife, who died of pneumonia when Holly was a child. The two meet when Holly and her father move from Texas to the small town where Kit lives, Fort Dupree, South Dakota. They slowly fall in love, something about which she cannot tell her father because of their age difference and Kit coming from the wrong side of the tracks. When he tries to take Holly away with him, Kit, on an impulse, shoots her father dead. After letting the initial emotions of the situation settle down, Holly decides voluntarily to go with Kit, they trying to make it look like they committed suicide in a house fire. But they soon learn that their plan did not work, there being a bounty on their heads. As such, Kit continues his murderous ways in order to protect the life he wants to eke out with Holly. She, on the other hand, wants to support Kit, especially as he begins to feel more and more trapped, but she may only be able to endure what looks increasingly to be a battle they cannot win as a couple. Through it all, they openly and privately muse about their philosophies on their life considering their current circumstance.","Director":"Terrence Malick","Title":"Badlands","Actors":"Martin Sheen, Sissy Spacek, Warren Oates, Ramon Bieri","Response":"True","Type":"movie","Awards":"Nominated for 1 BAFTA Film Award. Another 3 wins.","DVD":"N\/A","Year":"1973","Poster":"https:\/\/m.media-amazon.com\/images\/M\/MV5BMDcxNjhiOTEtMzQ0YS00OTBhLTkxM2QtN2UyZDMzNzIzNWFlXkEyXkFqcGdeQXVyMTQxNzMzNDI@._V1_SX300.jpg","Country":"USA","Genre":"Action, Crime, Drama","Writer":"Terrence Malick"}
