{"Metascore":"89","BoxOffice":"N\/A","Website":"N\/A","imdbRating":"8.1","imdbVotes":"147,202","Ratings":[{"Value":"8.1\/10","Source":"Internet Movie Database"},{"Value":"91%","Source":"Rotten Tomatoes"},{"Value":"89\/100","Source":"Metacritic"}],"Runtime":"185 min","Language":"English, German, French","Rated":"PG","Production":"Hawk Films, Peregrine","Released":"18 Dec 1975","imdbID":"tt0072684","Plot":"In the Eighteenth Century, in a small village in Ireland, Redmond Barry is a young farm boy in love with his cousin Nora Brady. When Nora gets engaged to the British Captain John Quin, Barry challenges him to a duel of pistols. He wins and escapes to Dublin but is robbed on the road. Without an alternative, Barry joins the British Army to fight in the Seven Years War. He deserts and is forced to join the Prussian Army where he saves the life of his captain and becomes his protégé and spy of the Irish gambler Chevalier de Balibari. He helps Chevalier and becomes his associate until he decides to marry the wealthy Lady Lyndon. They move to England and Barry, in his obsession of nobility, dissipates her fortune and makes a dangerous and revengeful enemy.","Director":"Stanley Kubrick","Title":"Barry Lyndon","Actors":"Ryan O'Neal, Marisa Berenson, Patrick Magee, Hardy Krüger","Response":"True","Type":"movie","Awards":"Won 4 Oscars. Another 15 wins & 15 nominations.","DVD":"N\/A","Year":"1975","Poster":"https:\/\/m.media-amazon.com\/images\/M\/MV5BNmY0MWY2NDctZDdmMi00MjA1LTk0ZTQtZDMyZTQ1NTNlYzVjXkEyXkFqcGdeQXVyMjUzOTY1NTc@._V1_SX300.jpg","Country":"UK, USA","Genre":"Adventure, Drama, History, War","Writer":"Stanley Kubrick (written for the screen by), William Makepeace Thackeray (novel)"}
