{"Metascore":"69","BoxOffice":"N\/A","Website":"N\/A","imdbRating":"7.7","imdbVotes":"111,982","Ratings":[{"Value":"7.7\/10","Source":"Internet Movie Database"},{"Value":"90%","Source":"Rotten Tomatoes"},{"Value":"69\/100","Source":"Metacritic"}],"Runtime":"116 min","Language":"English","Rated":"R","Production":"Circle Films, Inc.","Released":"21 Aug 1991","imdbID":"tt0101410","Plot":"In 1941, New York intellectual playwright Barton Fink comes to Hollywood to write a Wallace Beery wrestling picture. Staying in the eerie Hotel Earle, Barton develops severe writer's block. His neighbor, jovial insurance salesman Charlie Meadows, tries to help, but Barton continues to struggle as a bizarre sequence of events distracts him even further from his task.","Director":"Joel Coen, Ethan Coen","Title":"Barton Fink","Actors":"John Turturro, John Goodman, Judy Davis, Michael Lerner","Response":"True","Type":"movie","Awards":"Nominated for 3 Oscars. Another 19 wins & 27 nominations.","DVD":"N\/A","Year":"1991","Poster":"https:\/\/m.media-amazon.com\/images\/M\/MV5BMTgxMDMxMTctNDY0Zi00ZmNlLWFlYmQtODA2YjY4MDk4MjU1XkEyXkFqcGdeQXVyNTc1NTQxODI@._V1_SX300.jpg","Country":"USA, UK","Genre":"Comedy, Drama, Thriller","Writer":"Joel Coen, Ethan Coen"}
