{"Metascore":"28","BoxOffice":"N\/A","Website":"N\/A","imdbRating":"3.8","imdbVotes":"232,076","Ratings":[{"Value":"3.8\/10","Source":"Internet Movie Database"},{"Value":"11%","Source":"Rotten Tomatoes"},{"Value":"28\/100","Source":"Metacritic"}],"Runtime":"125 min","Language":"English","Rated":"PG-13","Production":"Warner Bros., PolyGram Filmed Entertainment","Released":"20 Jun 1997","imdbID":"tt0118688","Plot":"Batman and Robin are back working side-by-side to stop the villains of Gotham City, but is there tension appearing between them, especially when one villainess who calls herself Poison Ivy can make anyone fall in love with her...literally. Along with Poison Ivy, the icy Mr. Freeze is freezing anything which gets in his way from achieving his goal.","Director":"Joel Schumacher","Title":"Batman & Robin","Actors":"Arnold Schwarzenegger, George Clooney, Chris O'Donnell, Uma Thurman","Response":"True","Type":"movie","Awards":"10 wins & 22 nominations.","DVD":"N\/A","Year":"1997","Poster":"https:\/\/m.media-amazon.com\/images\/M\/MV5BMGQ5YTM1NmMtYmIxYy00N2VmLWJhZTYtN2EwYTY3MWFhOTczXkEyXkFqcGdeQXVyNTA2NTI0MTY@._V1_SX300.jpg","Country":"USA, UK","Genre":"Action, Sci-Fi","Writer":"Bob Kane (Batman characters), Akiva Goldsman"}
