{"Metascore":"N\/A","BoxOffice":"N\/A","Website":"N\/A","imdbRating":"6.4","imdbVotes":"48,535","Ratings":[{"Value":"6.4\/10","Source":"Internet Movie Database"},{"Value":"40%","Source":"Rotten Tomatoes"}],"Runtime":"76 min","Language":"English","Rated":"R","Production":"Warner Bros.","Released":"25 Jul 2016","imdbID":"tt4853102","Plot":"As Batman hunts for the escaped Joker, the Clown Prince of Crime attacks the Gordon family to prove a diabolical point mirroring his own fall into madness.","Director":"Sam Liu","Title":"Batman: The Killing Joke","Actors":"Kevin Conroy, Mark Hamill, Tara Strong, Ray Wise","Response":"True","Type":"movie","Awards":"1 win & 2 nominations.","DVD":"N\/A","Year":"2016","Poster":"https:\/\/m.media-amazon.com\/images\/M\/MV5BMTdjZTliODYtNWExMi00NjQ1LWIzN2MtN2Q5NTg5NTk3NzliL2ltYWdlXkEyXkFqcGdeQXVyNTAyODkwOQ@@._V1_SX300.jpg","Country":"USA","Genre":"Animation, Action, Crime, Drama, Thriller","Writer":"Brian Azzarello, Brian Bolland (based on the graphic novel illustrated by), Bob Kane (Batman created by), Bill Finger (Batman created by)"}
