{"Metascore":"51","BoxOffice":"N\/A","Website":"N\/A","imdbRating":"5.4","imdbVotes":"233,105","Ratings":[{"Value":"5.4\/10","Source":"Internet Movie Database"},{"Value":"39%","Source":"Rotten Tomatoes"},{"Value":"51\/100","Source":"Metacritic"}],"Runtime":"121 min","Language":"English","Rated":"PG-13","Production":"Warner Brothers, PolyGram Filmed Entertainment","Released":"16 Jun 1995","imdbID":"tt0112462","Plot":"The Dark Knight of Gotham City confronts a dastardly duo: Two-Face and the Riddler. Formerly District Attorney Harvey Dent, Two-Face incorrectly believes Batman caused the courtroom accident which left him disfigured on one side; he has unleashed a reign of terror on the good people of Gotham. Edward Nygma, computer-genius and former employee of millionaire Bruce Wayne, is out to get the philanthropist; as The Riddler he perfects a device for draining information from all the brains in Gotham, including Bruce Wayne's knowledge of his other identity. Batman\/Wayne is\/are the love focus of Dr. Chase Meridan. Former circus acrobat Dick Grayson, his family killed by Two-Face, becomes Wayne's ward and Batman's new partner Robin the Boy Wonder.","Director":"Joel Schumacher","Title":"Batman Forever","Actors":"Val Kilmer, Tommy Lee Jones, Jim Carrey, Nicole Kidman","Response":"True","Type":"movie","Awards":"Nominated for 3 Oscars. Another 10 wins & 23 nominations.","DVD":"N\/A","Year":"1995","Poster":"https:\/\/m.media-amazon.com\/images\/M\/MV5BNDdjYmFiYWEtYzBhZS00YTZkLWFlODgtY2I5MDE0NzZmMDljXkEyXkFqcGdeQXVyMTMxODk2OTU@._V1_SX300.jpg","Country":"USA, UK","Genre":"Action, Adventure","Writer":"Bob Kane (characters), Lee Batchler (story), Janet Scott Batchler (story), Lee Batchler (screenplay), Janet Scott Batchler (screenplay), Akiva Goldsman (screenplay)"}
