{"Metascore":"N\/A","BoxOffice":"N\/A","Website":"N\/A","imdbRating":"8.1","imdbVotes":"53,801","Ratings":[{"Value":"8.1\/10","Source":"Internet Movie Database"},{"Value":"100%","Source":"Rotten Tomatoes"}],"Runtime":"75 min","Language":"English","Rated":"PG-13","Production":"DC Entertainment, Warner Bros. Animation","Released":"27 Jul 2010","imdbID":"tt1569923","Plot":"Batman faces his ultimate challenge as the mysterious Red Hood takes Gotham City by firestorm. One part vigilante, one part criminal kingpin, Red Hood begins cleaning up Gotham with the efficiency of Batman, but without following the same ethical code. Killing is an option. And when the Joker falls in the balance between the two, hard truths are revealed and old wounds are reopened.","Director":"Brandon Vietti","Title":"Batman: Under the Red Hood","Actors":"Bruce Greenwood, Jensen Ackles, John DiMaggio, Neil Patrick Harris","Response":"True","Type":"movie","Awards":"1 nomination.","DVD":"N\/A","Year":"2010","Poster":"https:\/\/m.media-amazon.com\/images\/M\/MV5BNmY4ZDZjY2UtOWFiYy00MjhjLThmMjctOTQ2NjYxZGRjYmNlL2ltYWdlL2ltYWdlXkEyXkFqcGdeQXVyNTAyODkwOQ@@._V1_SX300.jpg","Country":"USA","Genre":"Animation, Action, Crime, Drama, Mystery, Sci-Fi, Thriller","Writer":"Judd Winick, Bob Kane (Batman created by)"}
