{"Metascore":"N\/A","BoxOffice":"N\/A","Website":"N\/A","imdbRating":"8.0","imdbVotes":"51,859","Ratings":[{"Value":"8.0\/10","Source":"Internet Movie Database"},{"Value":"100%","Source":"Rotten Tomatoes"}],"Runtime":"76 min","Language":"English","Rated":"PG-13","Production":"Warner Premiere, Warner Bros. Animation, DC Entertainment","Released":"25 Sep 2012","imdbID":"tt2313197","Plot":"Batman has not been seen for ten years. A new breed of criminal ravages Gotham City, forcing 55-year-old Bruce Wayne back into the cape and cowl. But, does he still have what it takes to fight crime in a new era?","Director":"Jay Oliva","Title":"Batman: The Dark Knight Returns, Part 1","Actors":"Peter Weller, Ariel Winter, David Selby, Wade Williams","Response":"True","Type":"movie","Awards":"5 nominations.","DVD":"N\/A","Year":"2012","Poster":"https:\/\/m.media-amazon.com\/images\/M\/MV5BMzIxMDkxNDM2M15BMl5BanBnXkFtZTcwMDA5ODY1OQ@@._V1_SX300.jpg","Country":"USA","Genre":"Animation, Action, Crime, Drama, Thriller","Writer":"Bob Kane (character created by: Batman), Frank Miller (comic book), Klaus Janson (comic book), Bob Goodman"}
