{"Metascore":"N\/A","BoxOffice":"N\/A","Website":"N\/A","imdbRating":"8.4","imdbVotes":"45,073","Ratings":[{"Value":"8.4\/10","Source":"Internet Movie Database"},{"Value":"94%","Source":"Rotten Tomatoes"}],"Runtime":"76 min","Language":"English","Rated":"PG-13","Production":"Warner Premiere, Warner Bros. Animation, DC Entertainment","Released":"29 Jan 2013","imdbID":"tt2166834","Plot":"After a 10 year absence, the Dark Knight has returned to Gotham to fight the Mutant threat. After defeating the mutants, he has taken control of a gang loyal to him in order to make Gotham a safer place. But, the Joker has decided to stop this, and fights against Batman in a deadly duel. Meanwhile, the Man of Steel is ordered to stop the Dark Knight because the government believes that his ways are wrong. As Batman fights the Joker, the Man of Steel prepares for his greatest fight.","Director":"Jay Oliva","Title":"Batman: The Dark Knight Returns, Part 2","Actors":"Peter Weller, Ariel Winter, Michael Emerson, David Selby","Response":"True","Type":"movie","Awards":"1 win & 1 nomination.","DVD":"N\/A","Year":"2013","Poster":"https:\/\/m.media-amazon.com\/images\/M\/MV5BYTEzMmE0ZDYtYWNmYi00ZWM4LWJjOTUtYTE0ZmQyYWM3ZjA0XkEyXkFqcGdeQXVyNTA4NzY1MzY@._V1_SX300.jpg","Country":"USA","Genre":"Animation, Action, Crime, Drama, Horror, Sci-Fi, Thriller","Writer":"Bob Kane (character created by: Batman), Jerry Siegel (character created by: Superman), Joe Shuster (character created by: Superman), Frank Miller (comic book), Klaus Janson (comic book), Bob Goodman"}
