{"Metascore":"69","BoxOffice":"N\/A","Website":"N\/A","imdbRating":"7.5","imdbVotes":"334,865","Ratings":[{"Value":"7.5\/10","Source":"Internet Movie Database"},{"Value":"71%","Source":"Rotten Tomatoes"},{"Value":"69\/100","Source":"Metacritic"}],"Runtime":"126 min","Language":"English, French, Spanish","Rated":"PG-13","Production":"Warner Brothers, Guber-Peters Company, PolyGram Filmed Entertainment","Released":"23 Jun 1989","imdbID":"tt0096895","Plot":"Gotham City. Crime boss Carl Grissom (Jack Palance) effectively runs the town but there's a new crime fighter in town - Batman (Michael Keaton). Grissom's right-hand man is Jack Napier (Jack Nicholson), a brutal man who is not entirely sane... After falling out between the two Grissom has Napier set up with the Police and Napier falls to his apparent death in a vat of chemicals. However, he soon reappears as The Joker and starts a reign of terror in Gotham City. Meanwhile, reporter Vicki Vale (Kim Basinger) is in the city to do an article on Batman. She soon starts a relationship with Batman's everyday persona, billionaire Bruce Wayne.","Director":"Tim Burton","Title":"Batman","Actors":"Michael Keaton, Jack Nicholson, Kim Basinger, Robert Wuhl","Response":"True","Type":"movie","Awards":"Won 1 Oscar. Another 7 wins & 26 nominations.","DVD":"N\/A","Year":"1989","Poster":"https:\/\/m.media-amazon.com\/images\/M\/MV5BMTYwNjAyODIyMF5BMl5BanBnXkFtZTYwNDMwMDk2._V1_SX300.jpg","Country":"USA, UK","Genre":"Action, Adventure","Writer":"Bob Kane (Batman characters), Sam Hamm (story), Sam Hamm (screenplay), Warren Skaaren (screenplay)"}
