{"Metascore":"71","BoxOffice":"N\/A","Website":"N\/A","imdbRating":"6.5","imdbVotes":"29,471","Ratings":[{"Value":"6.5\/10","Source":"Internet Movie Database"},{"Value":"78%","Source":"Rotten Tomatoes"},{"Value":"71\/100","Source":"Metacritic"}],"Runtime":"105 min","Language":"English","Rated":"PG","Production":"Twentieth Century Fox, William Dozier Productions, Greenlawn Productions","Released":"30 Jul 1966","imdbID":"tt0060153","Plot":"The arch-villains of the United Underworld - the Joker, the Penguin, the Riddler and the Catwoman - combine forces to dispose of Batman and Robin as they launch their fantastic plot to control the entire world. From his submarine, Penguin and his cohorts hijack a yacht containing a dehydrator, which can extract all moisture from humans and reduce them to particles of dust. The evildoers turn the nine Security Council members in the United World Building into nine vials of multicolored crystals! Batman and Robin track the villains in their Batboat and use Batcharge missiles to force the submarine to surface.","Director":"Leslie H. Martinson","Title":"Batman: The Movie","Actors":"Adam West, Burt Ward, Lee Meriwether, Cesar Romero","Response":"True","Type":"movie","Awards":"1 win.","DVD":"N\/A","Year":"1966","Poster":"https:\/\/m.media-amazon.com\/images\/M\/MV5BMmM1OGIzM2UtNThhZS00ZGNlLWI4NzEtZjlhOTNhNmYxZGQ0XkEyXkFqcGdeQXVyNTkxMzEwMzU@._V1_SX300.jpg","Country":"USA","Genre":"Adventure, Comedy, Crime, Family","Writer":"Lorenzo Semple Jr., Bob Kane (based upon the characters created by)"}
