{"Metascore":"70","BoxOffice":"N\/A","Website":"N\/A","imdbRating":"8.2","imdbVotes":"1,288,835","Ratings":[{"Value":"8.2\/10","Source":"Internet Movie Database"},{"Value":"84%","Source":"Rotten Tomatoes"},{"Value":"70\/100","Source":"Metacritic"}],"Runtime":"140 min","Language":"English, Mandarin","Rated":"PG-13","Production":"Warner Brothers, Di Bonaventura Pictures","Released":"15 Jun 2005","imdbID":"tt0372784","Plot":"When his parents are killed, billionaire playboy Bruce Wayne relocates to Asia where he is mentored by Henri Ducard and Ra's Al Ghul in how to fight evil. When learning about the plan to wipe out evil in Gotham City by Ducard, Bruce prevents this plan from getting any further and heads back to his home. Back in his original surroundings, Bruce adopts the image of a bat to strike fear into the criminals and the corrupt as the icon known as 'Batman'. But it doesn't stay quiet for long.","Director":"Christopher Nolan","Title":"Batman Begins","Actors":"Christian Bale, Michael Caine, Liam Neeson, Katie Holmes","Response":"True","Type":"movie","Awards":"Nominated for 1 Oscar. Another 14 wins & 73 nominations.","DVD":"N\/A","Year":"2005","Poster":"https:\/\/m.media-amazon.com\/images\/M\/MV5BOTY4YjI2N2MtYmFlMC00ZjcyLTg3YjEtMDQyM2ZjYzQ5YWFkXkEyXkFqcGdeQXVyMTQxNzMzNDI@._V1_SX300.jpg","Country":"USA, UK","Genre":"Action, Adventure","Writer":"Bob Kane (characters), David S. Goyer (story), Christopher Nolan (screenplay), David S. Goyer (screenplay)"}
