{"Metascore":"N\/A","BoxOffice":"N\/A","Website":"N\/A","imdbRating":"7.8","imdbVotes":"43,028","Ratings":[{"Value":"7.8\/10","Source":"Internet Movie Database"},{"Value":"84%","Source":"Rotten Tomatoes"}],"Runtime":"76 min","Language":"English","Rated":"PG","Production":"N\/A","Released":"25 Dec 1993","imdbID":"tt0106364","Plot":"Batman, the costumed crime-fighter who prowls the night skies in Gotham City, soon finds there's another vigilante in town knocking off prominent mob figures. Despite the scythe-like blade for a hand, a mechanical voice and the cloud of smoke that follows the figure wherever it goes, the police and outraged officials mistake the homicidal crusader for Batman himself and demand that the city's longtime hero be brought to justice. Meanwhile, Andrea Beaumont returns to town. She is the lost love of Bruce Wayne, the billionaire playboy who is Batman's alter ego, and was an integral part of Wayne's decision ten years earlier to don the cape and cowl. Now, she is back in his life and is no less a disruption than the return of his old archenemy, The Joker, who has a stake in seeing the annihilation of this new vigilante, whoever it proves to be.","Director":"Kevin Altieri, Boyd Kirkland, Frank Paur, Dan Riba, Eric Radomski, Bruce Timm","Title":"Batman: Mask of the Phantasm","Actors":"Kevin Conroy, Dana Delany, Hart Bochner, Stacy Keach","Response":"True","Type":"movie","Awards":"1 nomination.","DVD":"N\/A","Year":"1993","Poster":"https:\/\/m.media-amazon.com\/images\/M\/MV5BYTRiMWM3MGItNjAxZC00M2E3LThhODgtM2QwOGNmZGU4OWZhXkEyXkFqcGdeQXVyNjExODE1MDc@._V1_SX300.jpg","Country":"USA","Genre":"Animation, Action, Crime, Drama, Mystery, Romance, Thriller","Writer":"Alan Burnett (story by), Alan Burnett (screenplay by), Paul Dini (screenplay by), Martin Pasko (screenplay by), Michael Reaves (screenplay by), Bob Kane (created by: Batman)"}
