{"Metascore":"N\/A","BoxOffice":"N\/A","Website":"N\/A","imdbRating":"7.4","imdbVotes":"30,812","Ratings":[{"Value":"7.4\/10","Source":"Internet Movie Database"},{"Value":"88%","Source":"Rotten Tomatoes"}],"Runtime":"64 min","Language":"English, French, Spanish","Rated":"PG-13","Production":"Warner Premiere, Warner Bros. Animation, DC Entertainment","Released":"18 Oct 2011","imdbID":"tt1672723","Plot":"Two men come to Gotham City: Bruce Wayne after years abroad feeding his lifelong obsession for justice and Jim Gordon after being too honest a cop with the wrong people elsewhere. After learning painful lessons about the city's corruption on its streets and police department respectively, this pair learn how to fight back their own way. With that, Gotham's evildoers from top to bottom are terrorized by the mysterious Batman and the equally heroic Gordon is assigned to catch him by comrades who both hate and fear him themselves. In the ensuing manhunt, both find much in common as the seeds of an unexpected friendship are laid with additional friends and rivals helping to start the legend.","Director":"Sam Liu, Lauren Montgomery","Title":"Batman: Year One","Actors":"Bryan Cranston, Ben McKenzie, Eliza Dushku, Jon Polito","Response":"True","Type":"movie","Awards":"1 win.","DVD":"N\/A","Year":"2011","Poster":"https:\/\/m.media-amazon.com\/images\/M\/MV5BNTJjMmVkZjctNjNjMS00ZmI2LTlmYWEtOWNiYmQxYjY0YWVhXkEyXkFqcGdeQXVyNTAyODkwOQ@@._V1_SX300.jpg","Country":"USA","Genre":"Animation, Action, Crime, Drama, Thriller","Writer":"Bob Kane (Batman created by), Tab Murphy, Frank Miller (graphic novel), David Mazzucchelli (graphic novel), Richmond Lewis (graphic novel)"}
