{"Metascore":"44","BoxOffice":"N\/A","Website":"N\/A","imdbRating":"6.4","imdbVotes":"616,400","Ratings":[{"Value":"6.4\/10","Source":"Internet Movie Database"},{"Value":"28%","Source":"Rotten Tomatoes"},{"Value":"44\/100","Source":"Metacritic"}],"Runtime":"152 min","Language":"English","Rated":"PG-13","Production":"Cruel and Unusual, Warner Bros., Syncopy, Atlas Entertainment, DC Entertainment","Released":"25 Mar 2016","imdbID":"tt2975590","Plot":"The general public is concerned over having Superman on their planet and letting the \"Dark Knight\" - Batman - pursue the streets of Gotham. While this is happening, a power-phobic Batman tries to attack Superman.,Meanwhile Superman tries to settle on a decision, and Lex Luthor, the criminal mastermind and millionaire, tries to use his own advantages to fight the \"Man of Steel\".","Director":"Zack Snyder","Title":"Batman v Superman: Dawn of Justice","Actors":"Ben Affleck, Henry Cavill, Amy Adams, Jesse Eisenberg","Response":"True","Type":"movie","Awards":"14 wins & 33 nominations.","DVD":"N\/A","Year":"2016","Poster":"https:\/\/m.media-amazon.com\/images\/M\/MV5BYThjYzcyYzItNTVjNy00NDk0LTgwMWQtYjMwNmNlNWJhMzMyXkEyXkFqcGdeQXVyMTQxNzMzNDI@._V1_SX300.jpg","Country":"USA","Genre":"Action, Adventure, Sci-Fi","Writer":"Chris Terrio, David S. Goyer, Bob Kane (Batman created by), Bill Finger (Batman created by), Jerry Siegel (Superman created by), Joe Shuster (Superman created by), William Moulton Marston (character created by: Wonder Woman)"}
