{"Metascore":"68","BoxOffice":"N\/A","Website":"N\/A","imdbRating":"7.0","imdbVotes":"271,031","Ratings":[{"Value":"7.0\/10","Source":"Internet Movie Database"},{"Value":"80%","Source":"Rotten Tomatoes"},{"Value":"68\/100","Source":"Metacritic"}],"Runtime":"126 min","Language":"English","Rated":"PG-13","Production":"Warner Brothers","Released":"19 Jun 1992","imdbID":"tt0103776","Plot":"In the sewers of gotham city to the rooftops of the gotham city the penguin wants to know where he came from well in his villain ways catwoman plans to kill rich man of gotham max shreak but as he battles with millionaire Bruce Wayne both ladies men have their own secrets Bruce Wayne is back as Bat man trying to stop the penguin Max is helping penguin steal gotham city while selina Kyle\/catwoman tries to help penguin not knowing her man murder target also her murder is helping him but all four men have their goals taking gotham from crime winning gotham city assassination for two men and more money to be gotham citys number one rich man.","Director":"Tim Burton","Title":"Batman Returns","Actors":"Michael Keaton, Danny DeVito, Michelle Pfeiffer, Christopher Walken","Response":"True","Type":"movie","Awards":"Nominated for 2 Oscars. Another 2 wins & 27 nominations.","DVD":"N\/A","Year":"1992","Poster":"https:\/\/m.media-amazon.com\/images\/M\/MV5BOGZmYzVkMmItM2NiOS00MDI3LWI4ZWQtMTg0YWZkODRkMmViXkEyXkFqcGdeQXVyODY0NzcxNw@@._V1_SX300.jpg","Country":"USA, UK","Genre":"Action, Crime, Fantasy","Writer":"Bob Kane (Batman characters), Daniel Waters (story), Sam Hamm (story), Daniel Waters (screenplay)"}
