{"Metascore":"N\/A","BoxOffice":"N\/A","Website":"N\/A","imdbRating":"7.5","imdbVotes":"30,579","Ratings":[{"Value":"7.5\/10","Source":"Internet Movie Database"},{"Value":"75%","Source":"Rotten Tomatoes"}],"Runtime":"76 min","Language":"English","Rated":"PG-13","Production":"DC Entertainment","Released":"29 Jul 2014","imdbID":"tt3139086","Plot":"In Gotham City, the Riddler has secret information on the top secret Task Force X that he threatens to make public, but before Amanda Waller can have him killed, he is captured by Batman. Now with Riddler imprisoned in Arkham Asylum, Amanda Waller reassembles the Suicide Squad of captured supervillains with the mission to infiltrate the forensic mental hospital to retrieve Riddler's information. Led by Deadshot, this black ops team makes their way into the facility, only to face complications from within and without the team with secret agendas and double crosses all around. Meanwhile, Batman has his own concerns with an urgent search for The Joker's deadly bomb that threatens Gotham City. Eventually, all these players converge on Arkham Asylum for a showdown that few are going to escape alive.","Director":"Jay Oliva, Ethan Spaulding","Title":"Batman: Assault on Arkham","Actors":"Kevin Conroy, Neal McDonough, Hynden Walch, Matthew Gray Gubler","Response":"True","Type":"movie","Awards":"3 wins & 2 nominations.","DVD":"N\/A","Year":"2014","Poster":"https:\/\/m.media-amazon.com\/images\/M\/MV5BZDU1ZGRiY2YtYmZjMi00ZDQwLWJjMWMtNzUwNDMwYjQ4ZTVhXkEyXkFqcGdeQXVyNTAyODkwOQ@@._V1_SX300.jpg","Country":"USA","Genre":"Animation, Action, Adventure, Crime, Sci-Fi, Thriller","Writer":"Heath Corson, Bob Kane (Batman created by), Lew Schwartz (Deadshot co-created by), John Ostrander (Amanda Waller created by), John Byrne (Amanda Waller created by), Paul Dini (Harley Quinn created by), Bruce Timm (Harley Quinn created by)"}
