{"Metascore":"N\/A","BoxOffice":"N\/A","Website":"N\/A","imdbRating":"7.8","imdbVotes":"23,402","Ratings":[{"Value":"7.8\/10","Source":"Internet Movie Database"},{"Value":"91%","Source":"Rotten Tomatoes"}],"Runtime":"76 min","Language":"English","Rated":"PG-13","Production":"Warner Brothers\/Seven Arts","Released":"12 Dec 2000","imdbID":"tt0233298","Plot":"While trying to uncover the Joker's secrets, Terry McGinnis, the new Batman, discovers the greatest mystery in the career of the original Batman - the true story of the night Batman fought the Joker for the last time. Though when Bruce Wayne is almost killed in one of the Joker's new attacks, it's up to Batman Beyond to avenge his mentor and put the Joker to rest forever.","Director":"Curt Geda","Title":"Batman Beyond: Return of the Joker","Actors":"Will Friedle, Kevin Conroy, Mark Hamill, Angie Harmon","Response":"True","Type":"movie","Awards":"3 wins & 5 nominations.","DVD":"N\/A","Year":"2000","Poster":"https:\/\/m.media-amazon.com\/images\/M\/MV5BNmRmODEwNzctYzU1MS00ZDQ1LWI2NWMtZWFkNTQwNDg1ZDFiXkEyXkFqcGdeQXVyNTI4MjkwNjA@._V1_SX300.jpg","Country":"USA","Genre":"Animation, Action, Crime, Sci-Fi, Thriller","Writer":"Bob Kane (character created by: Batman), Paul Dini (story by), Glen Murakami (story by), Bruce Timm (story by), Paul Dini (screenplay by)"}
