{"Metascore":"79","BoxOffice":"N\/A","Website":"N\/A","imdbRating":"7.7","imdbVotes":"72,392","Ratings":[{"Value":"7.7\/10","Source":"Internet Movie Database"},{"Value":"92%","Source":"Rotten Tomatoes"},{"Value":"79\/100","Source":"Metacritic"}],"Runtime":"137 min","Language":"English, Akan","Rated":"Not Rated","Production":"N\/A","Released":"16 Oct 2015","imdbID":"tt1365050","Plot":"Follows the journey of a young boy, Agu, who is forced to join a group of soldiers in a fictional West African country. While Agu fears his commander and many of the men around him, his fledgling childhood has been brutally shattered by the war raging through his country, and he is at first torn between conflicting revulsion and fascination Depicts the mechanics of war and does not shy away from explicit, visceral detail, and paints a complex, difficult picture of Agu as a child soldier.","Director":"Cary Joji Fukunaga","Title":"Beasts of No Nation","Actors":"Abraham Attah, Emmanuel Affadzi, Ricky Adelayitor, Andrew Adote","Response":"True","Type":"movie","Awards":"Nominated for 1 Golden Globe. Another 33 wins & 53 nominations.","DVD":"N\/A","Year":"2015","Poster":"https:\/\/m.media-amazon.com\/images\/M\/MV5BMTYwMzMzMDI0NF5BMl5BanBnXkFtZTgwNDQ3NjI3NjE@._V1_SX300.jpg","Country":"USA","Genre":"Drama, War","Writer":"Cary Joji Fukunaga (written for the screen by), Uzodinma Iweala (based on the novel by)"}
