{"Metascore":"95","BoxOffice":"N\/A","Website":"N\/A","imdbRating":"8.0","imdbVotes":"413,253","Ratings":[{"Value":"8.0\/10","Source":"Internet Movie Database"},{"Value":"94%","Source":"Rotten Tomatoes"},{"Value":"95\/100","Source":"Metacritic"}],"Runtime":"84 min","Language":"English, French","Rated":"G","Production":"Walt Disney Pictures","Released":"22 Nov 1991","imdbID":"tt0101414","Plot":"Having lived a life in selfishness, a young prince is cursed by a mysterious enchantress to having the appearance of a monstrous beast. His only hope is to learn to love a young woman and earn her love in return in order to redeem himself. Years later, his chance shows itself when a young maiden named Belle offers to take her ill father's place as his prisoner. With help from the castle's enchanted staff, Belle learns to appreciate her captor and immediately falls in love with him. Back in the village however, an unscrupulous hunter has his own plans for Belle.","Director":"Gary Trousdale, Kirk Wise","Title":"Beauty and the Beast","Actors":"Robby Benson, Jesse Corti, Rex Everhart, Angela Lansbury","Response":"True","Type":"movie","Awards":"Won 2 Oscars. Another 26 wins & 32 nominations.","DVD":"N\/A","Year":"1991","Poster":"https:\/\/m.media-amazon.com\/images\/M\/MV5BMzE5MDM1NDktY2I0OC00YWI5LTk2NzUtYjczNDczOWQxYjM0XkEyXkFqcGdeQXVyMTQxNzMzNDI@._V1_SX300.jpg","Country":"USA","Genre":"Animation, Family, Fantasy, Musical, Romance","Writer":"Linda Woolverton (animation screenplay by), Brenda Chapman (story by), Chris Sanders (story by), Burny Mattinson (story by), Kevin Harkey (story by), Brian Pimental (story by), Bruce Woodside (story by), Joe Ranft (story by), Tom Ellery (story by), Kelly Asbury (story by), Robert Lence (story by)"}
