{"Metascore":"77","BoxOffice":"N\/A","Website":"N\/A","imdbRating":"8.1","imdbVotes":"266,652","Ratings":[{"Value":"8.1\/10","Source":"Internet Movie Database"},{"Value":"100%","Source":"Rotten Tomatoes"},{"Value":"77\/100","Source":"Metacritic"}],"Runtime":"101 min","Language":"English, German, French","Rated":"R","Production":"Castle Rock Entertainment, Columbia Pictures Corporation, Detour Filmproduction","Released":"27 Jan 1995","imdbID":"tt0112471","Plot":"American tourist Jesse and French student Celine meet by chance on the train from Budapest to Vienna. Sensing that they are developing a connection, Jesse asks Celine to spend the day with him in Vienna, and she agrees. So they pass the time before his scheduled flight the next morning together. How do two perfect strangers connect so intimately over the course of a single day? What is that special thing that bonds two people so strongly? As their bond turns to love, what will happen to them the next morning when Jesse flies away?","Director":"Richard Linklater","Title":"Before Sunrise","Actors":"Ethan Hawke, Julie Delpy, Andrea Eckert, Hanno Pöschl","Response":"True","Type":"movie","Awards":"1 win & 7 nominations.","DVD":"N\/A","Year":"1995","Poster":"https:\/\/m.media-amazon.com\/images\/M\/MV5BZDdiZTAwYzAtMDI3Ni00OTRjLTkzN2UtMGE3MDMyZmU4NTU4XkEyXkFqcGdeQXVyNjU0OTQ0OTY@._V1_SX300.jpg","Country":"USA, Austria, Switzerland","Genre":"Drama, Romance","Writer":"Richard Linklater, Kim Krizan"}
