{"Metascore":"94","BoxOffice":"N\/A","Website":"N\/A","imdbRating":"7.9","imdbVotes":"138,805","Ratings":[{"Value":"7.9\/10","Source":"Internet Movie Database"},{"Value":"98%","Source":"Rotten Tomatoes"},{"Value":"94\/100","Source":"Metacritic"}],"Runtime":"109 min","Language":"English, Greek, French","Rated":"R","Production":"Faliro House, Castle Rock Entertainment, Venture Forth","Released":"14 Jun 2013","imdbID":"tt2209418","Plot":"It has been nine years since we last met Jesse and Celine, the French-American couple who once met on a train in Vienna. They now live in Paris with twin daughters, but have spent a summer in Greece on the invitation of an author colleague of Jesse's. When the vacation is over and Jesse must send his teenage son off to the States, he begins to question his life decisions, and his relationship with Celine is at risk.","Director":"Richard Linklater","Title":"Before Midnight","Actors":"Ethan Hawke, Julie Delpy, Seamus Davey-Fitzpatrick, Jennifer Prior","Response":"True","Type":"movie","Awards":"Nominated for 1 Oscar. Another 21 wins & 60 nominations.","DVD":"N\/A","Year":"2013","Poster":"https:\/\/m.media-amazon.com\/images\/M\/MV5BMjA5NzgxODE2NF5BMl5BanBnXkFtZTcwNTI1NTI0OQ@@._V1_SX300.jpg","Country":"USA, Greece","Genre":"Drama, Romance","Writer":"Richard Linklater, Julie Delpy, Ethan Hawke, Richard Linklater (characters), Kim Krizan (characters)"}
