{"Metascore":"90","BoxOffice":"N\/A","Website":"N\/A","imdbRating":"8.1","imdbVotes":"232,134","Ratings":[{"Value":"8.1\/10","Source":"Internet Movie Database"},{"Value":"95%","Source":"Rotten Tomatoes"},{"Value":"90\/100","Source":"Metacritic"}],"Runtime":"80 min","Language":"English, French","Rated":"R","Production":"Warner Independent Pictures","Released":"30 Jul 2004","imdbID":"tt0381681","Plot":"Early thirty-something American Jesse Wallace is in a Paris bookstore, the last stop on a tour to promote his best selling book, This Time. Although he is vague to reporters about the source material for the book, it is about his chance encounter nine years earlier on June 15-16, 1994 with a Parisienne named Celine, and the memorable and romantic day and evening they spent together in Vienna. At the end of their encounter at the Vienna train station, which is also how the book ends, they, not providing contact information to the other, vowed to meet each other again in exactly six months at that very spot. As the media scrum at the bookstore nears its conclusion, Jesse spots Celine in the crowd, she who only found out about the book when she earlier saw his photograph promoting this public appearance. Much like their previous encounter, Jesse and Celine, who is now an environmental activist, decide to spend time together until he is supposed to catch his flight back to New York, this time only being about an hour. Beyond the issue of the six month meeting, what has happened in their lives in the intervening nine years, and their current lives, they once again talk about their philosophies of life and love, this time with the knowledge of their day together and how it shaped what has happened to them.","Director":"Richard Linklater","Title":"Before Sunset","Actors":"Ethan Hawke, Julie Delpy, Vernon Dobtcheff, Louise Lemoine Torrès","Response":"True","Type":"movie","Awards":"Nominated for 1 Oscar. Another 9 wins & 31 nominations.","DVD":"N\/A","Year":"2004","Poster":"https:\/\/m.media-amazon.com\/images\/M\/MV5BMTQ1MjAwNTM5Ml5BMl5BanBnXkFtZTYwNDM0MTc3._V1_SX300.jpg","Country":"USA, France","Genre":"Drama, Romance","Writer":"Richard Linklater (screenplay), Julie Delpy (screenplay), Ethan Hawke (screenplay), Richard Linklater (story), Kim Krizan (story), Richard Linklater (characters), Kim Krizan (characters)"}
