{"Metascore":"83","BoxOffice":"N\/A","Website":"N\/A","imdbRating":"8.0","imdbVotes":"64,605","Ratings":[{"Value":"8.0\/10","Source":"Internet Movie Database"},{"Value":"95%","Source":"Rotten Tomatoes"},{"Value":"83\/100","Source":"Metacritic"}],"Runtime":"130 min","Language":"English, Russian, Italian","Rated":"PG","Production":"NatWest Ventures, Northstar, BSB, Enigma, Lorimar Film Entertainment, CIP, Fujisankei","Released":"08 Feb 1980","imdbID":"tt0078841","Plot":"A simple-minded gardener named Chance has spent all his life in the Washington D.C. house of an old man. When the man dies, Chance is put out on the street with no knowledge of the world except what he has learned from television. After a run in with a limousine, he ends up a guest of a woman (Eve) and her husband Ben, an influential but sickly businessman. Now called Chauncey Gardner, Chance becomes friend and confidante to Ben, and an unlikely political insider.","Director":"Hal Ashby","Title":"Being There","Actors":"Peter Sellers, Shirley MacLaine, Melvyn Douglas, Jack Warden","Response":"True","Type":"movie","Awards":"Won 1 Oscar. Another 13 wins & 15 nominations.","DVD":"N\/A","Year":"1979","Poster":"https:\/\/m.media-amazon.com\/images\/M\/MV5BY2JkZTcxYjEtNmUwNi00MjIzLWE1YjUtMDYzNWJjYWQwMzA5XkEyXkFqcGdeQXVyNzM0MTUwNTY@._V1_SX300.jpg","Country":"West Germany, USA","Genre":"Comedy, Drama","Writer":"Jerzy Kosinski (novel), Jerzy Kosinski (screenplay)"}
