{"Metascore":"58","BoxOffice":"N\/A","Website":"N\/A","imdbRating":"8.0","imdbVotes":"410,543","Ratings":[{"Value":"8.0\/10","Source":"Internet Movie Database"},{"Value":"75%","Source":"Rotten Tomatoes"},{"Value":"58\/100","Source":"Metacritic"}],"Runtime":"125 min","Language":"English, Cantonese","Rated":"PG-13","Production":"Zanuck Company, Jinks\/Cohen Company, Columbia Pictures Corporation","Released":"09 Jan 2004","imdbID":"tt0319061","Plot":"United Press International journalist Will Bloom and his French freelance photojournalist wife Josephine Bloom, who is pregnant with their first child, leave their Paris base to return to Will's hometown of Ashton, Alabama on the news that his father, Edward Bloom, stricken with cancer, will soon die, he being taken off chemotherapy treatment. Although connected indirectly through Will's mother\/Edward's wife, Sandra Bloom, Will has been estranged from his father for three years since his and Josephine's wedding. Will's issue with his father is the fanciful tales Edward has told of his life all his life, not only to Will but the whole world. As a child when Edward was largely absent as a traveling salesman, Will believed those stories, but now realizes that he does not know his father, who, as he continues to tell these stories, he will never get to know unless Edward comes clean with the truth before he dies. On the brink of his own family life beginning, Will does not want to be the kind of father Edward has been to him. One of those stories from Edward's childhood - that he saw his own death in the glass eye of a witch - led to him embracing life since he would not have to fear death knowing when and how it would eventually come. The question is whether Will will be able to reconcile Edward's stories against his real life, either directly from Edward before he dies and\/or from other sources, and thus allow Will to come to a new understanding of himself and his life, past, present and future.","Director":"Tim Burton","Title":"Big Fish","Actors":"Ewan McGregor, Albert Finney, Billy Crudup, Jessica Lange","Response":"True","Type":"movie","Awards":"Nominated for 1 Oscar. Another 68 nominations.","DVD":"N\/A","Year":"2003","Poster":"https:\/\/m.media-amazon.com\/images\/M\/MV5BMmU3NzIyODctYjVhOC00NzBmLTlhNWItMzBlODEwZTlmMjUzXkEyXkFqcGdeQXVyNTIzOTk5ODM@._V1_SX300.jpg","Country":"USA","Genre":"Adventure, Drama, Fantasy, Romance","Writer":"Daniel Wallace (novel), John August (screenplay)"}
