{"Metascore":"74","BoxOffice":"N\/A","Website":"N\/A","imdbRating":"7.8","imdbVotes":"404,690","Ratings":[{"Value":"7.8\/10","Source":"Internet Movie Database"},{"Value":"89%","Source":"Rotten Tomatoes"},{"Value":"74\/100","Source":"Metacritic"}],"Runtime":"102 min","Language":"English","Rated":"PG","Production":"Walt Disney Animation","Released":"07 Nov 2014","imdbID":"tt2245084","Plot":"When a devastating event befalls the city of San Fransokyo and catapults Hiro into the midst of danger, he turns to Baymax and his close friends adrenaline junkie Go Go Tomago, neatnik Wasabi, chemistry whiz Honey Lemon and fanboy Fred. Determined to uncover the mystery, Hiro transforms his friends into a band of high-tech heroes called \"Big Hero 6.\"","Director":"Don Hall, Chris Williams","Title":"Big Hero 6","Actors":"Scott Adsit, Ryan Potter, Daniel Henney, T.J. Miller","Response":"True","Type":"movie","Awards":"Won 1 Oscar. Another 16 wins & 58 nominations.","DVD":"N\/A","Year":"2014","Poster":"https:\/\/m.media-amazon.com\/images\/M\/MV5BMDliOTIzNmUtOTllOC00NDU3LWFiNjYtMGM0NDc1YTMxNjYxXkEyXkFqcGdeQXVyNTM3NzExMDQ@._V1_SX300.jpg","Country":"USA","Genre":"Animation, Action, Adventure, Family, Sci-Fi","Writer":"Jordan Roberts (screenplay by), Robert L. Baird (screenplay by), Daniel Gerson (screenplay by), Man of Action (Big Hero 6 team and characters created by), Steven T. Seagle (characters), Duncan Rouleau (characters)"}
