{"Metascore":"74","BoxOffice":"N\/A","Website":"N\/A","imdbRating":"7.7","imdbVotes":"125,118","Ratings":[{"Value":"7.7\/10","Source":"Internet Movie Database"},{"Value":"85%","Source":"Rotten Tomatoes"},{"Value":"74\/100","Source":"Metacritic"}],"Runtime":"110 min","Language":"English","Rated":"R","Production":"Studio Canal, Working Films, BBC, Tiger Aspect Pictures, Arts Council of England, WT²","Released":"10 Nov 2000","imdbID":"tt0249462","Plot":"County Durham, during the endless, violent 1984 strike against the Thatcher closure of British coal mines. Widower Jackie Elliot and his firstborn, fellow miner Tony, take a dim view of 11 year-old second son Billy's poor record in boxing class, which worsens when they discover he sneakily transferred to the neighboring, otherwise girls-only-attended ballet class. Only one schoolmate, closet-gay Michael Caffrey, encourages Billy's desire, aroused by the teacher, who judged him talented enough for private lesson, to train and try out for the world-renowned Royal Ballet audition. Only the prospect of a fancy career unimagined in the pauper quarter may twist pa and big brother's opposition to indispensable support.","Director":"Stephen Daldry","Title":"Billy Elliot","Actors":"Jamie Bell, Jean Heywood, Jamie Draven, Gary Lewis","Response":"True","Type":"movie","Awards":"Nominated for 3 Oscars. Another 56 wins & 70 nominations.","DVD":"N\/A","Year":"2000","Poster":"https:\/\/m.media-amazon.com\/images\/M\/MV5BNGY3NWYwNzctNWU5Yi00ZjljLTgyNDgtZjNhZjRlNjc0ZTU1XkEyXkFqcGdeQXVyMTQxNzMzNDI@._V1_SX300.jpg","Country":"UK, France","Genre":"Drama, Music","Writer":"Lee Hall"}
