{"Metascore":"87","BoxOffice":"N\/A","Website":"N\/A","imdbRating":"7.7","imdbVotes":"571,765","Ratings":[{"Value":"7.7\/10","Source":"Internet Movie Database"},{"Value":"91%","Source":"Rotten Tomatoes"},{"Value":"87\/100","Source":"Metacritic"}],"Runtime":"119 min","Language":"English","Rated":"R","Production":"New Regency Pictures, M Prods, Le Grisbi","Released":"14 Nov 2014","imdbID":"tt2562232","Plot":"Actor Riggan Thomson is most famous for his movie role from over twenty years ago of the comic book superhero Birdman in the blockbuster movie of the same name and its two equally popular sequels. His association with the role took over his life, where Birdman is more renowned than \"Riggan Thomson\" the actor. Now past middle age, Riggan is trying to establish himself as a true artist by writing, directing, starring in and co-producing with his best friend Jake what is his Broadway debut, an adaptation of Raymond Carver's story, What We Talk About When We Talk About Love. He is staking his name, what little artistic reputation that comes with that name and his life savings on the project, and as such will do anything needed to make the play a success. As he and Jake go through the process of the previews toward opening night, Riggan runs into several issues: needing to find a replacement for the integral supporting male role the night before the first preview; hiring the talented Broadway name, Mike Shiner, for that role, Mike who ends up being difficult to work with and who may end up overshadowing Riggan in the play; having to deal potentially with a lawsuit based on one of his actions to ensure success; needing to be there for his daughter, Sam, who he has hired to be his production assistant and who has just come out of drug rehab; and pleasing the New York Times critic, Tabitha Dickinson, who wants to use any excuse to give the play a scathing review which in turn would close the show after the opening night performance. But Riggan's biggest problem may be his own insecurities, which are manifested by him constantly hearing what he believes to be the truth from the voice of his Birdman character, who he often battles both internally and externally.","Director":"Alejandro G. Iñárritu","Title":"Birdman or (The Unexpected Virtue of Ignorance)","Actors":"Michael Keaton, Emma Stone, Kenny Chin, Jamahl Garrison-Lowe","Response":"True","Type":"movie","Awards":"Won 4 Oscars. Another 191 wins & 286 nominations.","DVD":"N\/A","Year":"2014","Poster":"https:\/\/m.media-amazon.com\/images\/M\/MV5BODAzNDMxMzAxOV5BMl5BanBnXkFtZTgwMDMxMjA4MjE@._V1_SX300.jpg","Country":"USA","Genre":"Comedy, Drama","Writer":"Alejandro G. Iñárritu, Nicolás Giacobone, Alexander Dinelaris, Armando Bo, Raymond Carver (play)"}
