{"Metascore":"79","BoxOffice":"N\/A","Website":"N\/A","imdbRating":"8.0","imdbVotes":"691,923","Ratings":[{"Value":"8.0\/10","Source":"Internet Movie Database"},{"Value":"85%","Source":"Rotten Tomatoes"},{"Value":"79\/100","Source":"Metacritic"}],"Runtime":"108 min","Language":"English, French, Italian","Rated":"R","Production":"Dune, Protozoa Pictures, Cross Creek Pictures, Phoenix Pictures","Released":"17 Dec 2010","imdbID":"tt0947798","Plot":"Nina (Portman) is a ballerina in a New York City ballet company whose life, like all those in her profession, is completely consumed with dance. She lives with her obsessive former ballerina mother Erica (Hershey) who exerts a suffocating control over her. When artistic director Thomas Leroy (Cassel) decides to replace prima ballerina Beth MacIntyre (Ryder) for the opening production of their new season, Swan Lake, Nina is his first choice. But Nina has competition: a new dancer, Lily (Kunis), who impresses Leroy as well. Swan Lake requires a dancer who can play both the White Swan with innocence and grace, and the Black Swan, who represents guile and sensuality. Nina fits the White Swan role perfectly but Lily is the personification of the Black Swan. As the two young dancers expand their rivalry into a twisted friendship, Nina begins to get more in touch with her dark side - a recklessness that threatens to destroy her.","Director":"Darren Aronofsky","Title":"Black Swan","Actors":"Natalie Portman, Mila Kunis, Vincent Cassel, Barbara Hershey","Response":"True","Type":"movie","Awards":"Won 1 Oscar. Another 97 wins & 278 nominations.","DVD":"N\/A","Year":"2010","Poster":"https:\/\/m.media-amazon.com\/images\/M\/MV5BNzY2NzI4OTE5MF5BMl5BanBnXkFtZTcwMjMyNDY4Mw@@._V1_SX300.jpg","Country":"USA","Genre":"Drama, Thriller","Writer":"Mark Heyman (screenplay), Andres Heinz (screenplay), John J. McLaughlin (screenplay), Andres Heinz (story)"}
