{"Metascore":"74","BoxOffice":"N\/A","Website":"N\/A","imdbRating":"7.7","imdbVotes":"360,578","Ratings":[{"Value":"7.7\/10","Source":"Internet Movie Database"},{"Value":"76%","Source":"Rotten Tomatoes"},{"Value":"74\/100","Source":"Metacritic"}],"Runtime":"144 min","Language":"English, Somali, Arabic","Rated":"R","Production":"Columbia Pictures Corporation, Jerry Bruckheimer Films, Revolution Studios, Scott Free Productions","Released":"18 Jan 2002","imdbID":"tt0265086","Plot":"Action\/war drama based on the best-selling book detailing a near-disastrous mission in Somalia on October 3, 1993. On this date nearly 100 U.S. Army Rangers, commanded by Capt. Mike Steele, were dropped by helicopter deep into the capital city of Mogadishu to capture two top lieutenants of a Somali warlord. This led to a large and drawn-out firefight between the Army Ranges, US Special Forces, and hundreds of Somali gunmen; resulting in the destruction of two U.S. Black Hawk helicopters. The film focuses on the heroic efforts of various Rangers to get to the downed black hawks, centering on SSG Eversmann, leading the Ranger unit Chalk Four to the first black hawk crash site, Chief Warrant Officer Durant who was captured after being the only survivor of the second black hawk crash, as well as many others who were involved.","Director":"Ridley Scott","Title":"Black Hawk Down","Actors":"Josh Hartnett, Ewan McGregor, Tom Sizemore, Eric Bana","Response":"True","Type":"movie","Awards":"Won 2 Oscars. Another 9 wins & 37 nominations.","DVD":"N\/A","Year":"2001","Poster":"https:\/\/m.media-amazon.com\/images\/M\/MV5BYWMwMzQxZjQtODM1YS00YmFiLTk1YjQtNzNiYWY1MDE4NTdiXkEyXkFqcGdeQXVyNDYyMDk5MTU@._V1_SX300.jpg","Country":"USA, UK","Genre":"Drama, History, War","Writer":"Mark Bowden (book), Ken Nolan (screenplay)"}
