{"Metascore":"N\/A","BoxOffice":"N\/A","Website":"N\/A","imdbRating":"8.2","imdbVotes":"33,020","Ratings":[{"Value":"8.2\/10","Source":"Internet Movie Database"},{"Value":"67%","Source":"Rotten Tomatoes"}],"Runtime":"122 min","Language":"Hindi, English","Rated":"Not Rated","Production":"SLB Films Pvt. Ltd.","Released":"04 Feb 2005","imdbID":"tt0375611","Plot":"Based in Simla, the McNallys are an Anglo-Indian family consisting of Paul and his wife, Catherine. Both are full of joy when Catherine gives birth to a baby girl, Michelle, but their joy is short-lived when they are told that Michellle cannot see nor hear. Both attempt to bring up Michelle in their own protective way, as a result Michelle is not exposed to the real world, and becomes increasingly violent and volatile. Things only get worse when Catherine gives birth to Sara, and Paul considers admitting Michelle in an asylum. It is here that Debraj Sahai enters their lives. Through his eager involvement, Michelle blossoms, grows, gives up her violence, even gets admitted in school with normal children. The years pass by, Michelle does not succeed in getting her graduation, and it is time for Debraj to bid adieu as he is having his own health problems. 12 years later, at the age of 40, Michelle does succeed in graduating in Arts, and it is shortly thereafter she will be re-united with her teacher. No longer the same alcoholic, eccentric, - but a bent older male, who cannot even remember speech, leave alone what he taught. Watch what happens when Michelle attempts to re-enter his 'blank' life.","Director":"Sanjay Leela Bhansali","Title":"Black","Actors":"Amitabh Bachchan, Rani Mukerji, Shernaz Patel, Ayesha Kapoor","Response":"True","Type":"movie","Awards":"56 wins & 4 nominations.","DVD":"N\/A","Year":"2005","Poster":"https:\/\/m.media-amazon.com\/images\/M\/MV5BNTI5MmE5M2UtZjIzYS00M2JjLWIwNDItYTY2ZWNiODBmYTBiXkEyXkFqcGdeQXVyNjQ2MjQ5NzM@._V1_SX300.jpg","Country":"India","Genre":"Drama","Writer":"Sanjay Leela Bhansali (screenplay), Bhavani Iyer (English dialogue), Bhavani Iyer (screenplay), Prakash Kapadia (dialogue), Prakash Kapadia (screenplay)"}
