{"Metascore":"71","BoxOffice":"N\/A","Website":"N\/A","imdbRating":"7.7","imdbVotes":"71,746","Ratings":[{"Value":"7.7\/10","Source":"Internet Movie Database"},{"Value":"75%","Source":"Rotten Tomatoes"},{"Value":"71\/100","Source":"Metacritic"}],"Runtime":"145 min","Language":"Dutch, German, English, Hebrew","Rated":"R","Production":"CoBo Fund, Motion Investment Group, Medienboard Berlin-Brandenburg, Le Tax Shelter du Gouvernement Fédéral de Belgique, Studio Babelsberg, MEDIA Programme of the European Union, Egoli Tossell Film, VIP 4 Medienfonds, Umedia, uFilm","Released":"18 May 2007","imdbID":"tt0389557","Plot":"Israel 1956. Rachel, a Jew, rather unexpectedly meets an old friend at the kibbutz where she is working as a teacher. It brings back memories of her experiences in The Netherlands during the war, memories of betrayal. September 1944. Rachel is in trouble when her hiding place is bombed by allied troops. She gets in contact with a man from the resistance and joins a group of Jews who are to be smuggled across the Biesbosch by boat to the freed South Netherlands. Germans from a patrol boat murder them all however. Only Rachel is able to escape. She is rescued by a resistance group under the leadership of Gerben Kuipers. When Kuipers' son is captured after trying to smuggle weapons, he asks Rachel to seduce SS-hauptsturmführer Ludwig Müntze. Soon she will find out the attack in the Biesbosch wasn't a coincidence.","Director":"Paul Verhoeven","Title":"Black Book","Actors":"Carice van Houten, Sebastian Koch, Thom Hoffman, Halina Reijn","Response":"True","Type":"movie","Awards":"Nominated for 1 BAFTA Film Award. Another 13 wins & 22 nominations.","DVD":"N\/A","Year":"2006","Poster":"https:\/\/m.media-amazon.com\/images\/M\/MV5BODFlNTI0ZWQtOTcxNC00OTc0LTkwZDUtMmNkM2I1ZWFlYzZkXkEyXkFqcGdeQXVyNTIzOTk5ODM@._V1_SX300.jpg","Country":"Netherlands, Germany, UK, Belgium","Genre":"Drama, Thriller, War","Writer":"Gerard Soeteman, Paul Verhoeven"}
