{"Metascore":"81","BoxOffice":"N\/A","Website":"N\/A","imdbRating":"8.0","imdbVotes":"448,443","Ratings":[{"Value":"8.0\/10","Source":"Internet Movie Database"},{"Value":"88%","Source":"Rotten Tomatoes"},{"Value":"81\/100","Source":"Metacritic"}],"Runtime":"164 min","Language":"English, Finnish, Japanese, Hungarian, Russian, Somali, Spanish","Rated":"R","Production":"Torridon Films, Scott Free Productions, Bud Yorkin Productions, Alcon Entertainment, 16:14 Entertainment","Released":"06 Oct 2017","imdbID":"tt1856101","Plot":"Thirty years after the events of the first film, a new blade runner, LAPD Officer K (Ryan Gosling), unearths a long-buried secret that has the potential to plunge what's left of society into chaos. K's discovery leads him on a quest to find Rick Deckard (Harrison Ford), a former LAPD blade runner who has been missing for 30 years.","Director":"Denis Villeneuve","Title":"Blade Runner 2049","Actors":"Ryan Gosling, Dave Bautista, Robin Wright, Mark Arnold","Response":"True","Type":"movie","Awards":"Won 2 Oscars. Another 97 wins & 160 nominations.","DVD":"N\/A","Year":"2017","Poster":"https:\/\/m.media-amazon.com\/images\/M\/MV5BNzA1Njg4NzYxOV5BMl5BanBnXkFtZTgwODk5NjU3MzI@._V1_SX300.jpg","Country":"USA, UK, Hungary, Canada, Spain","Genre":"Action, Drama, Mystery, Sci-Fi, Thriller","Writer":"Hampton Fancher (screenplay by), Michael Green (screenplay by), Hampton Fancher (story by), Philip K. Dick (based on characters from the novel \"Do Androids Dream of Electric Sheep?\" by)"}
