{"Metascore":"84","BoxOffice":"N\/A","Website":"N\/A","imdbRating":"8.1","imdbVotes":"685,257","Ratings":[{"Value":"8.1\/10","Source":"Internet Movie Database"},{"Value":"90%","Source":"Rotten Tomatoes"},{"Value":"84\/100","Source":"Metacritic"}],"Runtime":"117 min","Language":"English, German, Cantonese, Japanese, Hungarian, Arabic","Rated":"R","Production":"Blade Runner Partnership, Ladd Company","Released":"25 Jun 1982","imdbID":"tt0083658","Plot":"In the futuristic year of 2019, Los Angeles has become a dark and depressing metropolis, filled with urban decay. Rick Deckard, an ex-cop, is a \"Blade Runner\". Blade runners are people assigned to assassinate \"replicants\". The replicants are androids that look like real human beings. When four replicants commit a bloody mutiny on the Off World colony, Deckard is called out of retirement to track down the androids. As he tracks the replicants, eliminating them one by one, he soon comes across another replicant, Rachel, who evokes human emotion, despite the fact that she's a replicant herself. As Deckard closes in on the leader of the replicant group, his true hatred toward artificial intelligence makes him question his own identity in this future world, including what's human and what's not human.","Director":"Ridley Scott","Title":"Blade Runner","Actors":"Harrison Ford, Rutger Hauer, Sean Young, Edward James Olmos","Response":"True","Type":"movie","Awards":"Nominated for 2 Oscars. Another 12 wins & 17 nominations.","DVD":"N\/A","Year":"1982","Poster":"https:\/\/m.media-amazon.com\/images\/M\/MV5BNzQzMzJhZTEtOWM4NS00MTdhLTg0YjgtMjM4MDRkZjUwZDBlXkEyXkFqcGdeQXVyNjU0OTQ0OTY@._V1_SX300.jpg","Country":"USA","Genre":"Action, Sci-Fi, Thriller","Writer":"Hampton Fancher (screenplay), David Webb Peoples (screenplay), Philip K. Dick (novel)"}
