{"Metascore":"73","BoxOffice":"N\/A","Website":"N\/A","imdbRating":"7.7","imdbVotes":"124,129","Ratings":[{"Value":"7.7\/10","Source":"Internet Movie Database"},{"Value":"88%","Source":"Rotten Tomatoes"},{"Value":"73\/100","Source":"Metacritic"}],"Runtime":"93 min","Language":"English, Yiddish, German","Rated":"R","Production":"Warner Brothers, Crossbow Productions","Released":"07 Feb 1974","imdbID":"tt0071230","Plot":"The Ultimate Western Spoof. A town where everyone seems to be named Johnson is in the way of the railroad. In order to grab their land, Hedley Lemar (Harvey Korman), a politically connected nasty person, sends in his henchmen to make the town unlivable. After the sheriff is killed, the town demands a new sheriff from the Governor (Mel Brooks). Hedley convinces him to send the town the first Black sheriff (Cleavon Little) in the west. Bart is a sophisticated urbanite who will have some difficulty winning over the townspeople.","Director":"Mel Brooks","Title":"Blazing Saddles","Actors":"Cleavon Little, Gene Wilder, Slim Pickens, Harvey Korman","Response":"True","Type":"movie","Awards":"Nominated for 3 Oscars. Another 3 wins & 2 nominations.","DVD":"N\/A","Year":"1974","Poster":"https:\/\/m.media-amazon.com\/images\/M\/MV5BZGZmMWE1MDYtNzAyNC00MDMzLTgzZjQtNTQ5NjYzN2E4MzkzXkEyXkFqcGdeQXVyNDk3NzU2MTQ@._V1_SX300.jpg","Country":"USA","Genre":"Comedy, Western","Writer":"Mel Brooks (screenplay), Norman Steinberg (screenplay), Andrew Bergman (screenplay), Richard Pryor (screenplay), Alan Uger (screenplay), Andrew Bergman (story)"}
