{"Metascore":"64","BoxOffice":"N\/A","Website":"N\/A","imdbRating":"8.0","imdbVotes":"493,826","Ratings":[{"Value":"8.0\/10","Source":"Internet Movie Database"},{"Value":"63%","Source":"Rotten Tomatoes"},{"Value":"64\/100","Source":"Metacritic"}],"Runtime":"143 min","Language":"English, Mende, Afrikaans","Rated":"R","Production":"Virtual Studios, Warner Bros., Spring Creek Productions, Bedford Falls Productions","Released":"08 Dec 2006","imdbID":"tt0450259","Plot":"A story following Archer, a man tortured by his roots. With a strong survival instinct, he has made himself a key player in the business of conflict diamonds. Political unrest is rampant in Sierra Leone as people fight tooth for tooth. Upon meeting Solomon, and the beautiful Maddy, Archer's life changes forever as he is given a chance to make peace with the war around him.","Director":"Edward Zwick","Title":"Blood Diamond","Actors":"Leonardo DiCaprio, Djimon Hounsou, Jennifer Connelly, Kagiso Kuypers","Response":"True","Type":"movie","Awards":"Nominated for 5 Oscars. Another 8 wins & 27 nominations.","DVD":"N\/A","Year":"2006","Poster":"https:\/\/m.media-amazon.com\/images\/M\/MV5BZDMxOGZhNWYtMzRlYy00Mzk5LWJjMjEtNmQ4NDU4M2QxM2UzXkEyXkFqcGdeQXVyNTA4NzY1MzY@._V1_SX300.jpg","Country":"USA, Germany, UK","Genre":"Adventure, Drama, Thriller","Writer":"Charles Leavitt (screenplay), Charles Leavitt (story), C. Gaby Mitchell (story)"}
