{"Metascore":"82","BoxOffice":"N\/A","Website":"N\/A","imdbRating":"7.6","imdbVotes":"86,329","Ratings":[{"Value":"7.6\/10","Source":"Internet Movie Database"},{"Value":"94%","Source":"Rotten Tomatoes"},{"Value":"82\/100","Source":"Metacritic"}],"Runtime":"99 min","Language":"English, Spanish","Rated":"R","Production":"River Road","Released":"18 Jan 1985","imdbID":"tt0086979","Plot":"Texas bar owner Julian Marty, who is generally regarded as not a nice person, hires shady private detective Loren Visser, who is able to obtain what Marty requests: evidence - in this instance, photographic - that his wife, Abby, and one of his bartenders, Ray, are having an affair. As Ray and Abby realize that Marty has found out about them, it allows them to plan for their future away from Marty, while be up front with Marty about the situation. Marty, in turn, decides to hire Visser once again, this time to kill Abby and Ray, and dispose of their bodies so that they won't be found. The out in the open affair and the contract hit lead to some actions based on self interest, and a standoff of sorts between the four players, which is compounded in complexity by some wrong assumptions of what has happened, with an innocent bystander, another of the Marty's bartenders, Meurice, potentially and unwittingly adding to the scenario.","Director":"Joel Coen, Ethan Coen","Title":"Blood Simple","Actors":"John Getz, Frances McDormand, Dan Hedaya, M. Emmet Walsh","Response":"True","Type":"movie","Awards":"5 wins & 7 nominations.","DVD":"N\/A","Year":"1984","Poster":"https:\/\/m.media-amazon.com\/images\/M\/MV5BZmI5YzM1MjItMzFmNy00NGFkLThlMDUtZjZmYTZkM2QxMjU3XkEyXkFqcGdeQXVyNzkwMjQ5NzM@._V1_SX300.jpg","Country":"USA","Genre":"Crime, Drama, Thriller","Writer":"Joel Coen, Ethan Coen"}
