{"Metascore":"47","BoxOffice":"N\/A","Website":"N\/A","imdbRating":"8.0","imdbVotes":"28,531","Ratings":[{"Value":"8.0\/10","Source":"Internet Movie Database"},{"Value":"55%","Source":"Rotten Tomatoes"},{"Value":"47\/100","Source":"Metacritic"}],"Runtime":"180 min","Language":"English, Spanish, Arabic","Rated":"R","Production":"N\/A","Released":"30 Apr 1993","imdbID":"tt0106469","Plot":"Based on the true life experiences of poet Jimmy Santiago Baca, the film focuses on step-brothers Paco and Cruz, and their bi-racial cousin Miklo. It opens in 1972, as the three are members of an East L.A. gang known as the \"Vatos Locos\", and the story focuses on how a violent crime and the influence of narcotics alter their lives. Miklo is incarcerated and sent to San Quentin, where he makes a \"home\" for himself. Cruz becomes an exceptional artist, but a heroin addiction overcomes him with tragic results. Paco becomes a cop and an enemy to his \"carnal\", Miklo.","Director":"Taylor Hackford","Title":"Blood In, Blood Out","Actors":"Damian Chapa, Jesse Borrego, Benjamin Bratt, Enrique Castillo","Response":"True","Type":"movie","Awards":"1 win & 1 nomination.","DVD":"N\/A","Year":"1993","Poster":"https:\/\/m.media-amazon.com\/images\/M\/MV5BNzZmMjAxNjQtZjQzOS00NjU4LWI0NDktZjlkZTgwNjVmNzU3XkEyXkFqcGdeQXVyNTI4MjkwNjA@._V1_SX300.jpg","Country":"USA","Genre":"Crime, Drama","Writer":"Ross Thomas (story), Jimmy Santiago Baca (screenplay), Jeremy Iacone (screenplay), Floyd Mutrux (screenplay)"}
