{"Metascore":"52","BoxOffice":"N\/A","Website":"N\/A","imdbRating":"7.6","imdbVotes":"237,770","Ratings":[{"Value":"7.6\/10","Source":"Internet Movie Database"},{"Value":"55%","Source":"Rotten Tomatoes"},{"Value":"52\/100","Source":"Metacritic"}],"Runtime":"124 min","Language":"English","Rated":"R","Production":"Spanky Pictures, New Line Cinema, Apostle Pictures, Avery Pix","Released":"06 Apr 2001","imdbID":"tt0221027","Plot":"A boy named George Jung grows up in a struggling family in the 1950's. His mother nags at her husband as he is trying to make a living for the family. It is finally revealed that George's father cannot make a living and the family goes bankrupt. George does not want the same thing to happen to him, and his friend Tuna, in the 1960's, suggests that he deal marijuana. He is a big hit in California in the 1960's, yet he goes to jail, where he finds out about the wonders of cocaine. As a result, when released, he gets rich by bringing cocaine to America. However, he soon pays the price.","Director":"Ted Demme","Title":"Blow","Actors":"Johnny Depp, Penélope Cruz, Franka Potente, Rachel Griffiths","Response":"True","Type":"movie","Awards":"3 wins & 9 nominations.","DVD":"N\/A","Year":"2001","Poster":"https:\/\/m.media-amazon.com\/images\/M\/MV5BYjg5ZDkzZWEtZDQ2ZC00Y2ViLThhMzYtMmIxZDYzYTY2Y2Y2XkEyXkFqcGdeQXVyODAwMTU1MTE@._V1_SX300.jpg","Country":"USA, Mexico","Genre":"Biography, Crime, Drama","Writer":"Bruce Porter (book), David McKenna (screenplay), Nick Cassavetes (screenplay)"}
