{"Metascore":"82","BoxOffice":"N\/A","Website":"N\/A","imdbRating":"7.6","imdbVotes":"55,488","Ratings":[{"Value":"7.6\/10","Source":"Internet Movie Database"},{"Value":"88%","Source":"Rotten Tomatoes"},{"Value":"82\/100","Source":"Metacritic"}],"Runtime":"111 min","Language":"English","Rated":"Not Rated","Production":"Bridge Films","Released":"26 Sep 1967","imdbID":"tt0060176","Plot":"A successful mod photographer in London whose world is bounded by fashion, pop music, marijuana, and easy sex, feels his life is boring and despairing. Then he meets a mysterious beauty, and also notices something frightfully suspicious on one of his photographs of her taken in a park. The fact that he may have photographed a murder does not occur to him until he studies and then blows up his negatives, uncovering details, blowing up smaller and smaller elements, and finally putting the puzzle together.","Director":"Michelangelo Antonioni","Title":"Blow-Up","Actors":"Vanessa Redgrave, Sarah Miles, David Hemmings, John Castle","Response":"True","Type":"movie","Awards":"Nominated for 2 Oscars. Another 8 wins & 9 nominations.","DVD":"N\/A","Year":"1966","Poster":"https:\/\/m.media-amazon.com\/images\/M\/MV5BNWNkOGYzOGYtZGE4OC00NDVjLWExZTYtZWE2YTA3MjI4YThlXkEyXkFqcGdeQXVyMTMxMTY0OTQ@._V1_SX300.jpg","Country":"UK, Italy","Genre":"Drama, Mystery, Thriller","Writer":"Michelangelo Antonioni (story), Julio Cortázar (short story \"Las babas del diablo\"), Michelangelo Antonioni (screenplay), Tonino Guerra (screenplay), Edward Bond (English dialogue)"}
