{"Metascore":"76","BoxOffice":"N\/A","Website":"N\/A","imdbRating":"7.7","imdbVotes":"177,811","Ratings":[{"Value":"7.7\/10","Source":"Internet Movie Database"},{"Value":"94%","Source":"Rotten Tomatoes"},{"Value":"76\/100","Source":"Metacritic"}],"Runtime":"120 min","Language":"English","Rated":"R","Production":"De Laurentiis","Released":"23 Oct 1986","imdbID":"tt0090756","Plot":"College student Jeffrey Beaumont returns to his idyllic hometown of Lumberton to manage his father's hardware store while his father is hospitalized. Walking though a grassy meadow near the family home, Jeffrey finds a severed human ear. After an initial investigation, lead police Detective John Williams advises Jeffrey not to speak to anyone about the case as they investigate further. Detective Williams also tells Jeffrey that he cannot divulge any information about what the police know. Detective Williams' high school aged daughter, Sandy Williams, tells Jeffrey what she knows about the case from overhearing her father's private conversations on the matter: that it has to do with a nightclub singer named Dorothy Vallens, who lives in an older apartment building near the Beaumont home. His curiosity getting the better of him, Jeffrey, with Sandy's help, decides to find out more about the woman at the center of the case by breaking into Dorothy's apartment while he knows she's at work. What Jeffrey finds is a world unfamiliar to him, one that he doesn't truly understand but one that he is unable to deny the lure of despite the inherent dangers of being associated with a possible murder. Still, he is torn between this world and the prospect of a relationship with Sandy, the two who are falling for each other, despite Sandy already being in a relationship with Mike, the school's star football player.","Director":"David Lynch","Title":"Blue Velvet","Actors":"Isabella Rossellini, Kyle MacLachlan, Dennis Hopper, Laura Dern","Response":"True","Type":"movie","Awards":"Nominated for 1 Oscar. Another 18 wins & 17 nominations.","DVD":"N\/A","Year":"1986","Poster":"https:\/\/m.media-amazon.com\/images\/M\/MV5BM2YxOGQ0N2UtOTRjYy00NjJiLWFhZWEtMjU5ZjgwMjkwZjZlXkEyXkFqcGdeQXVyMzY0MTE3NzU@._V1_SX300.jpg","Country":"USA","Genre":"Drama, Mystery, Thriller","Writer":"David Lynch (screenplay)"}
