{"Metascore":"89","BoxOffice":"N\/A","Website":"N\/A","imdbRating":"7.7","imdbVotes":"136,928","Ratings":[{"Value":"7.7\/10","Source":"Internet Movie Database"},{"Value":"89%","Source":"Rotten Tomatoes"},{"Value":"89\/100","Source":"Metacritic"}],"Runtime":"180 min","Language":"French, English","Rated":"NC-17","Production":"France Télévision, Ciné+, France 2 Cinema, Wild Bunch, Centre du Cinéma et de l&#39;Audiovisuel de la Fédération Wallonie-Bruxelles, Quat&#39;sous Films, Canal+, Scope Pictures, Eurimages, Le Tax Shelter du Gouvernement Fédéral de Belgique, Région Nord-Pas-de-Calais, Pictanovo, France 2 (FR2), Vertigo Films, Centre National de la Cinematographie, Radio Télévision Belge Francofone (RTB)","Released":"09 Oct 2013","imdbID":"tt2278871","Plot":"Adèle is a high school student who is beginning to explore herself as a woman. She dates men but finds no satisfaction with them sexually, and is rejected by a female friend who she does desire. She dreams of something more. She meets Emma who is a free spirited girl whom Adèle's friends reject due to her sexuality, and by association most begin to reject Adèle. Her relationship with Emma grows into more than just friends as she is the only person with whom she can express herself openly. Together, Adèle and Emma explore social acceptance, sexuality, and the emotional spectrum of their maturing relationship.","Director":"Abdellatif Kechiche","Title":"Blue Is the Warmest Colour","Actors":"Léa Seydoux, Adèle Exarchopoulos, Salim Kechiouche, Aurélien Recoing","Response":"True","Type":"movie","Awards":"Nominated for 1 Golden Globe. Another 86 wins & 101 nominations.","DVD":"N\/A","Year":"2013","Poster":"https:\/\/m.media-amazon.com\/images\/M\/MV5BMTQ5NTg5ODk4OV5BMl5BanBnXkFtZTgwODc4MTMzMDE@._V1_SX300.jpg","Country":"France, Belgium, Spain","Genre":"Drama, Romance","Writer":"Abdellatif Kechiche (scenario,  adaptation and dialogue), Ghalya Lacroix (scenario,  adaptation and dialogue), Julie Maroh (adapted from: the comic book \"Le Bleu est une couleur chaude\" by)"}
