{"Metascore":"49","BoxOffice":"N\/A","Website":"N\/A","imdbRating":"8.0","imdbVotes":"440,819","Ratings":[{"Value":"8.0\/10","Source":"Internet Movie Database"},{"Value":"60%","Source":"Rotten Tomatoes"},{"Value":"49\/100","Source":"Metacritic"}],"Runtime":"134 min","Language":"English, British Sign Language","Rated":"PG-13","Production":"Queen Films, 20th Century Fox, GK Films, New Regency","Released":"02 Nov 2018","imdbID":"tt1727824","Plot":"The story of the legendary British rock band Queen and lead singer Freddie Mercury, leading up to their famous performance at Live Aid (1985).","Director":"Bryan Singer","Title":"Bohemian Rhapsody","Actors":"Rami Malek, Lucy Boynton, Gwilym Lee, Ben Hardy","Response":"True","Type":"movie","Awards":"Won 4 Oscars. Another 41 wins & 76 nominations.","DVD":"N\/A","Year":"2018","Poster":"https:\/\/m.media-amazon.com\/images\/M\/MV5BMTA2NDc3Njg5NDVeQTJeQWpwZ15BbWU4MDc1NDcxNTUz._V1_SX300.jpg","Country":"UK, USA","Genre":"Biography, Drama, Music","Writer":"Anthony McCarten (story by), Peter Morgan (story by), Anthony McCarten (screenplay by)"}
