{"Metascore":"86","BoxOffice":"N\/A","Website":"N\/A","imdbRating":"7.8","imdbVotes":"100,911","Ratings":[{"Value":"7.8\/10","Source":"Internet Movie Database"},{"Value":"88%","Source":"Rotten Tomatoes"},{"Value":"86\/100","Source":"Metacritic"}],"Runtime":"111 min","Language":"English","Rated":"R","Production":"Warner Brothers","Released":"14 Aug 1967","imdbID":"tt0061418","Plot":"1934. Young adults Bonnie Parker, a waitress, and Clyde Barrow, a criminal just released from prison, are immediately attracted to what the other represents for their life when they meet by chance in West Dallas, Texas. Bonnie is fascinated with Clyde's criminal past, and his matter-of-factness and bravado in talking about it. Clyde sees in Bonnie someone sympatico to his goals in life. Although attracted to each other physically, a sexual relationship between the two has a few obstacles to happen. Regardless, they decide to join forces to embark on a life of crime, holding up whatever establishments, primarily banks, to make money and to have fun. They don't plan on hurting anyone physically or killing anyone despite wielding loaded guns. They amass a small gang of willing accomplices, including C.W. Moss, a mechanic to fix whatever cars they steal which is important especially for their getaways, and Buck Barrow, one of Clyde's older brothers. The only reluctant tag-along is Buck's nervous wife, Blanche Barrow, a preacher's daughter. The gang's life changes after the first fatal shot is fired. Following, their willingness to shoot to kill increases to protect themselves and their livelihood. Their notoriety precedes them, so much so that no matter what one's opinion is of them, most want to have some association to the Barrow gang, to help them, to be spoken in the same breath as them, or to capture and or kill them. Of the many people they encounter in their crime spree, the one who may have the most profound effect on their lives is Texas Ranger Frank Hamer, who is looking for a little retribution.","Director":"Arthur Penn","Title":"Bonnie and Clyde","Actors":"Warren Beatty, Faye Dunaway, Michael J. Pollard, Gene Hackman","Response":"True","Type":"movie","Awards":"Won 2 Oscars. Another 21 wins & 30 nominations.","DVD":"N\/A","Year":"1967","Poster":"https:\/\/m.media-amazon.com\/images\/M\/MV5BOTViZmMwOGEtYzc4Yy00ZGQ1LWFkZDQtMDljNGZlMjAxMjhiXkEyXkFqcGdeQXVyNzM0MTUwNTY@._V1_SX300.jpg","Country":"USA","Genre":"Action, Biography, Crime, Drama","Writer":"David Newman, Robert Benton"}
