{"Metascore":"85","BoxOffice":"N\/A","Website":"N\/A","imdbRating":"7.9","imdbVotes":"235,662","Ratings":[{"Value":"7.9\/10","Source":"Internet Movie Database"},{"Value":"93%","Source":"Rotten Tomatoes"},{"Value":"85\/100","Source":"Metacritic"}],"Runtime":"155 min","Language":"English","Rated":"R","Production":"New Line Cinema, Lawrence Gordon Productions","Released":"31 Oct 1997","imdbID":"tt0118749","Plot":"Adult film director Jack Horner is always on the lookout for new talent and it's only by chance that he meets Eddie Adams who is working as a busboy in a restaurant. Eddie is young, good looking and plenty of libido to spare. Using the screen name Dirk Diggler, he quickly rises to the top of his industry winning awards year after year. Drugs and ego however come between Dirk and those around him and he soon finds that fame is fleeting.","Director":"Paul Thomas Anderson","Title":"Boogie Nights","Actors":"Luis Guzmán, Burt Reynolds, Julianne Moore, Rico Bueno","Response":"True","Type":"movie","Awards":"Nominated for 3 Oscars. Another 36 wins & 61 nominations.","DVD":"N\/A","Year":"1997","Poster":"https:\/\/m.media-amazon.com\/images\/M\/MV5BY2E2YWYxY2QtZmJmZi00MjJlLWFiYWItZTk5Y2IyMWQ1ZThhXkEyXkFqcGdeQXVyMTMxODk2OTU@._V1_SX300.jpg","Country":"USA","Genre":"Drama","Writer":"Paul Thomas Anderson"}
