{"Metascore":"100","BoxOffice":"N\/A","Website":"N\/A","imdbRating":"7.9","imdbVotes":"331,739","Ratings":[{"Value":"7.9\/10","Source":"Internet Movie Database"},{"Value":"97%","Source":"Rotten Tomatoes"},{"Value":"100\/100","Source":"Metacritic"}],"Runtime":"165 min","Language":"English, Spanish","Rated":"R","Production":"Detour Filmproduction","Released":"15 Aug 2014","imdbID":"tt1065073","Plot":"Filmed over 12 years with the same cast, Richard Linklater's BOYHOOD is a groundbreaking story of growing up as seen through the eyes of a child named Mason (a breakthrough performance by Ellar Coltrane), who literally grows up on screen before our eyes. Starring Ethan Hawke and Patricia Arquette as Mason's parents and newcomer Lorelei Linklater as his sister Samantha, BOYHOOD charts the rocky terrain of childhood like no other film has before. Snapshots of adolescence from road trips and family dinners to birthdays and graduations and all the moments in between become transcendent, set to a soundtrack spanning the years from Coldplay's Yellow to Arcade Fire's Deep Blue. BOYHOOD is both a nostalgic time capsule of the recent past and an ode to growing up and parenting.","Director":"Richard Linklater","Title":"Boyhood","Actors":"Ellar Coltrane, Patricia Arquette, Elijah Smith, Lorelei Linklater","Response":"True","Type":"movie","Awards":"Won 1 Oscar. Another 174 wins & 215 nominations.","DVD":"N\/A","Year":"2014","Poster":"https:\/\/m.media-amazon.com\/images\/M\/MV5BMTYzNDc2MDc0N15BMl5BanBnXkFtZTgwOTcwMDQ5MTE@._V1_SX300.jpg","Country":"USA","Genre":"Drama","Writer":"Richard Linklater"}
