{"Metascore":"76","BoxOffice":"N\/A","Website":"N\/A","imdbRating":"7.8","imdbVotes":"124,080","Ratings":[{"Value":"7.8\/10","Source":"Internet Movie Database"},{"Value":"96%","Source":"Rotten Tomatoes"},{"Value":"76\/100","Source":"Metacritic"}],"Runtime":"112 min","Language":"English","Rated":"R","Production":"Columbia Pictures Corporation","Released":"12 Jul 1991","imdbID":"tt0101507","Plot":"John Singleton's portrayal of social problems in inner-city Los Angeles takes the form of a tale of three friends growing up together 'in the 'hood.' Half-brothers Doughboy and Ricky Baker are foils for each other's personality, presenting very different approaches to the tough lives they face. Ricky is the 'All-American' athlete, looking to win a football scholarship to USC and seeks salvation through sports, while 'Dough' succumbs to the violence, alcohol, and crime surrounding him in his environment, but maintains a strong sense of pride and code of honor. Between these two is their friend Tre, who is lucky to have a father, 'Furious' Styles, to teach him to have the strength of character to do what is right and to always take responsibility for his actions.","Director":"John Singleton","Title":"Boyz n the Hood","Actors":"Hudhail Al-Amir, Lloyd Avery II, Angela Bassett, Miya McGhee","Response":"True","Type":"movie","Awards":"Nominated for 2 Oscars. Another 11 wins & 21 nominations.","DVD":"N\/A","Year":"1991","Poster":"https:\/\/m.media-amazon.com\/images\/M\/MV5BZmRjNDI5NTgtOTIwMC00MzJhLWI4ZTYtMmU0ZTE3ZmRkZDNhXkEyXkFqcGdeQXVyMTQxNzMzNDI@._V1_SX300.jpg","Country":"USA","Genre":"Crime, Drama","Writer":"John Singleton"}
