{"Metascore":"68","BoxOffice":"N\/A","Website":"N\/A","imdbRating":"8.3","imdbVotes":"948,469","Ratings":[{"Value":"8.3\/10","Source":"Internet Movie Database"},{"Value":"78%","Source":"Rotten Tomatoes"},{"Value":"68\/100","Source":"Metacritic"}],"Runtime":"178 min","Language":"English, French, Latin, Scottish Gaelic, Italian","Rated":"R","Production":"Icon Entertainment International, Twentieth Century Fox, Ladd Company, Paramount Pictures, B.H. Finance C.V.","Released":"24 May 1995","imdbID":"tt0112573","Plot":"William Wallace is a Scottish rebel who leads an uprising against the cruel English ruler Edward the Longshanks, who wishes to inherit the crown of Scotland for himself. When he was a young boy, William Wallace's father and brother, along with many others, lost their lives trying to free Scotland. Once he loses another of his loved ones, William Wallace begins his long quest to make Scotland free once and for all, along with the assistance of Robert the Bruce.","Director":"Mel Gibson","Title":"Braveheart","Actors":"James Robinson, Sean Lawlor, Sandy Nelson, James Cosmo","Response":"True","Type":"movie","Awards":"Won 5 Oscars. Another 28 wins & 34 nominations.","DVD":"N\/A","Year":"1995","Poster":"https:\/\/m.media-amazon.com\/images\/M\/MV5BMzkzMmU0YTYtOWM3My00YzBmLWI0YzctOGYyNTkwMWE5MTJkXkEyXkFqcGdeQXVyNzkwMjQ5NzM@._V1_SX300.jpg","Country":"USA","Genre":"Biography, Drama, History, War","Writer":"Randall Wallace"}
