{"Metascore":"84","BoxOffice":"N\/A","Website":"N\/A","imdbRating":"7.9","imdbVotes":"185,392","Ratings":[{"Value":"7.9\/10","Source":"Internet Movie Database"},{"Value":"98%","Source":"Rotten Tomatoes"},{"Value":"84\/100","Source":"Metacritic"}],"Runtime":"132 min","Language":"English","Rated":"R","Production":"Universal Pictures","Released":"18 Dec 1985","imdbID":"tt0088846","Plot":"Sam Lowry is a harried technocrat in a futuristic society that is needlessly convoluted and inefficient. He dreams of a life where he can fly away from technology and overpowering bureaucracy, and spend eternity with the woman of his dreams. While trying to rectify the wrongful arrest of one Harry Buttle, Lowry meets the woman he is always chasing in his dreams, Jill Layton. Meanwhile, the bureaucracy has fingered him responsible for a rash of terrorist bombings, and both Sam and Jill's lives are put in danger.","Director":"Terry Gilliam","Title":"Brazil","Actors":"Jonathan Pryce, Robert De Niro, Katherine Helmond, Ian Holm","Response":"True","Type":"movie","Awards":"Nominated for 2 Oscars. Another 8 wins & 3 nominations.","DVD":"N\/A","Year":"1985","Poster":"https:\/\/m.media-amazon.com\/images\/M\/MV5BMDM0YTM3Y2UtNzY5MC00OTc4LThhZTYtMmM0ZGZjMmU1ZjdmXkEyXkFqcGdeQXVyNjc1NTYyMjg@._V1_SX300.jpg","Country":"UK, USA","Genre":"Drama, Sci-Fi","Writer":"Terry Gilliam (screenplay by), Tom Stoppard (screenplay by), Charles McKeown (screenplay by)"}
