{"Metascore":"76","BoxOffice":"N\/A","Website":"N\/A","imdbRating":"7.6","imdbVotes":"164,682","Ratings":[{"Value":"7.6\/10","Source":"Internet Movie Database"},{"Value":"88%","Source":"Rotten Tomatoes"},{"Value":"76\/100","Source":"Metacritic"}],"Runtime":"115 min","Language":"English, Portuguese, French, Japanese","Rated":"Approved","Production":"Paramount Pictures, Jurow-Shepherd","Released":"06 Oct 1961","imdbID":"tt0054698","Plot":"Holly Golightly is a flighty Manhattan party girl, who expects \"money for the powder room as well as for cab fare\" for her companionship. She has even gotten a lucrative once weekly job to visit notorious convict Sally Tomato in Sing Sing, she needing to report back to Sally's lawyer the weather report that Sally tells her as proof of her visits with him in return for payment. Her aspirations for glamor and wealth are epitomized by the comfort she feels at Tiffany's, the famous high end jewelry retailer where she believes nothing can ever go wrong. Her resolve for this wealth is strengthened, if not changed slightly in focus, upon news from home. Into Holly's walk-up apartment building and thus her life is Paul Varjak, a writer who Holly states reminds her of her brother Fred, who she has not seen in years and who is currently enlisted in the army. The two quickly become friends in their want for something outside of their current lot. Paul's situation is closer to Holly's than he would like to admit. Having not had anything published in over five years, he is a kept man by his wealthy married \"decorator\", Emily Eustace Failenson - who he refers to as 2E - which allows him not to write, which he no longer truly does. Eventually, Paul falls for Holly, and wants to take care of her, instead of being taken care of as is his current situation. Although Holly also seems to be falling for him, the question becomes whether Paul can fulfill Holly's life aspirations, and if not what needs to change for there even to be the possibility of a future for them.","Director":"Blake Edwards","Title":"Breakfast at Tiffany's","Actors":"Audrey Hepburn, George Peppard, Patricia Neal, Buddy Ebsen","Response":"True","Type":"movie","Awards":"Won 2 Oscars. Another 8 wins & 13 nominations.","DVD":"N\/A","Year":"1961","Poster":"https:\/\/m.media-amazon.com\/images\/M\/MV5BNGEwMTRmZTQtMDY4Ni00MTliLTk5ZmMtOWMxYWMyMTllMDg0L2ltYWdlL2ltYWdlXkEyXkFqcGdeQXVyNjc1NTYyMjg@._V1_SX300.jpg","Country":"USA","Genre":"Comedy, Drama, Romance","Writer":"Truman Capote (based on the novel by), George Axelrod (screenplay)"}
