{"Metascore":"N\/A","BoxOffice":"N\/A","Website":"N\/A","imdbRating":"7.8","imdbVotes":"71,967","Ratings":[{"Value":"7.8\/10","Source":"Internet Movie Database"},{"Value":"97%","Source":"Rotten Tomatoes"}],"Runtime":"90 min","Language":"French, English","Rated":"Not Rated","Production":"Imperia, Les Films Georges de Beauregard","Released":"07 Feb 1961","imdbID":"tt0053472","Plot":"Michel Poiccard, an irresponsible sociopath and small-time thief, steals a car and impulsively murders the motorcycle policeman who pursues him. Now wanted by the authorities, he renews his relationship with Patricia Franchini, a hip American girl studying journalism at the Sorbonne, whom he had met in Nice a few weeks earlier. Before leaving Paris, he plans to collect a debt from an underworld acquaintance and expects her to accompany him on his planned getaway to Italy. Even with his face in the local papers and media, Poiccard seems oblivious to the dragnet that is slowly closing around him as he recklessly pursues his love of American movies and libidinous interest in the beautiful American.","Director":"Jean-Luc Godard","Title":"Breathless","Actors":"Jean Seberg, Jean-Paul Belmondo, Daniel Boulanger, Henri-Jacques Huet","Response":"True","Type":"movie","Awards":"Nominated for 1 BAFTA Film Award. Another 4 wins & 3 nominations.","DVD":"N\/A","Year":"1960","Poster":"https:\/\/m.media-amazon.com\/images\/M\/MV5BNzk5MDk2MjktY2I3NS00ODZkLTk3OTktY2Q3ZDE2MmQ2M2ZmXkEyXkFqcGdeQXVyNjc1NTYyMjg@._V1_SX300.jpg","Country":"France","Genre":"Crime, Drama","Writer":"François Truffaut (original scenario)"}
