{"Metascore":"76","BoxOffice":"N\/A","Website":"N\/A","imdbRating":"7.8","imdbVotes":"61,734","Ratings":[{"Value":"7.8\/10","Source":"Internet Movie Database"},{"Value":"85%","Source":"Rotten Tomatoes"},{"Value":"76\/100","Source":"Metacritic"}],"Runtime":"159 min","Language":"English","Rated":"R","Production":"Zentropa Entertainments, Lucky Red","Released":"13 Nov 1996","imdbID":"tt0115751","Plot":"Drama set in a repressed, deeply religious community in the north of Scotland, where a naive young woman named Bess McNeil meets and falls in love with Danish oil-rig worker Jan. Bess and Jan are deeply in love but, when Jan returns to his rig, Bess prays to God that he returns for good. Jan does return, his neck broken in an accident aboard the rig. Because of his condition, Jan and Bess are now unable to enjoy a sexual relationship and Jan urges Bess to take another lover and tell him the details. As Bess becomes more and more deviant in her sexual behavior, the more she comes to believe that her actions are guided by God and are helping Jan recover.","Director":"Lars von Trier","Title":"Breaking the Waves","Actors":"Emily Watson, Stellan Skarsgård, Katrin Cartlidge, Jean-Marc Barr","Response":"True","Type":"movie","Awards":"Nominated for 1 Oscar. Another 44 wins & 27 nominations.","DVD":"N\/A","Year":"1996","Poster":"https:\/\/m.media-amazon.com\/images\/M\/MV5BNDYwZTU2MzktNWYxMS00NTYzLTgzOWEtMTRiYjc5NGY2Nzg1XkEyXkFqcGdeQXVyMTQxNzMzNDI@._V1_SX300.jpg","Country":"Denmark, Sweden, France, Netherlands, Norway, Iceland, Spain, UK","Genre":"Drama","Writer":"Lars von Trier, Peter Asmussen"}
