{"Metascore":"81","BoxOffice":"N\/A","Website":"N\/A","imdbRating":"7.6","imdbVotes":"282,935","Ratings":[{"Value":"7.6\/10","Source":"Internet Movie Database"},{"Value":"90%","Source":"Rotten Tomatoes"},{"Value":"81\/100","Source":"Metacritic"}],"Runtime":"142 min","Language":"English, German, Russian","Rated":"PG-13","Production":"Studio Babelsberg Independents [de], Afterworks Limited","Released":"16 Oct 2015","imdbID":"tt3682448","Plot":"In the cold war, a lawyer, James B. Donovan is recruited by the CIA and involved in an intense negotiation mission to release and exchange a CIA U-2 spy-plane pilot, Francis G. Powers. The pilot was arrested alive after his plane was shot down by the Soviet Union during a mission and stays in the company of a KGB intelligence officer, Rudolf Abel, who was arrested for espionage in the US.","Director":"Steven Spielberg","Title":"Bridge of Spies","Actors":"Mark Rylance, Domenick Lombardozzi, Victor Verhaeghe, Mark Fichera","Response":"True","Type":"movie","Awards":"Won 1 Oscar. Another 30 wins & 101 nominations.","DVD":"N\/A","Year":"2015","Poster":"https:\/\/m.media-amazon.com\/images\/M\/MV5BMjIxOTI0MjU5NV5BMl5BanBnXkFtZTgwNzM4OTk4NTE@._V1_SX300.jpg","Country":"Germany, India, USA","Genre":"Drama, History, Thriller","Writer":"Matt Charman, Ethan Coen, Joel Coen"}
