{"Metascore":"87","BoxOffice":"N\/A","Website":"N\/A","imdbRating":"7.7","imdbVotes":"319,854","Ratings":[{"Value":"7.7\/10","Source":"Internet Movie Database"},{"Value":"87%","Source":"Rotten Tomatoes"},{"Value":"87\/100","Source":"Metacritic"}],"Runtime":"134 min","Language":"English, Spanish","Rated":"R","Production":"Paramount Pictures, Focus Features","Released":"13 Jan 2006","imdbID":"tt0388795","Plot":"Two young men, Ennis Del Mar and Jack Twist, meet when they get a job as sheep herders on Brokeback Mountain. They are at first strangers, then they become friends. Throughout the weeks, they grow closer as they learn more about each other. One night, after some heavy drinking, they find a deeper connection. They then indulge in a blissful romance for the rest of the summer. Unable to deal with their feelings for each other, they part ways at the end of the summer. Four years go by, and they each settle down, Ennis in Wyoming with his wife and two girls, and Jack in Texas with his wife and son. Still longing for each other, they meet back up, and are faced with the fact that they need each other. They undeniably need each other, and unsure of what to do, they start a series of \"fishing trips\", in order to spend time together. The relationship struggles on for years until tragedy strikes.","Director":"Ang Lee","Title":"Brokeback Mountain","Actors":"Heath Ledger, Jake Gyllenhaal, Randy Quaid, Valerie Planche","Response":"True","Type":"movie","Awards":"Won 3 Oscars. Another 139 wins & 131 nominations.","DVD":"N\/A","Year":"2005","Poster":"https:\/\/m.media-amazon.com\/images\/M\/MV5BMTY5NTAzNTc1NF5BMl5BanBnXkFtZTYwNDY4MDc3._V1_SX300.jpg","Country":"USA, Canada","Genre":"Drama, Romance","Writer":"Annie Proulx (short story), Larry McMurtry (screenplay), Diana Ossana (screenplay)"}
