{"Metascore":"66","BoxOffice":"N\/A","Website":"N\/A","imdbRating":"8.0","imdbVotes":"199,968","Ratings":[{"Value":"8.0\/10","Source":"Internet Movie Database"},{"Value":"90%","Source":"Rotten Tomatoes"},{"Value":"66\/100","Source":"Metacritic"}],"Runtime":"110 min","Language":"English, Spanish","Rated":"PG","Production":"Twentieth Century Fox, Campanile","Released":"24 Sep 1969","imdbID":"tt0064115","Plot":"Butch and Sundance are the two leaders of the Hole-in-the-Wall Gang. Butch is all ideas, Sundance is all action and skill. The west is becoming civilized and when Butch and Sundance rob a train once too often, a special posse begins trailing them no matter where they run. Over rock, through towns, across rivers, the group is always just behind them. When they finally escape through sheer luck, Butch has another idea, \"Let's go to Bolivia\". Based on the exploits of the historical characters.","Director":"George Roy Hill","Title":"Butch Cassidy and the Sundance Kid","Actors":"Paul Newman, Robert Redford, Katharine Ross, Strother Martin","Response":"True","Type":"movie","Awards":"Won 4 Oscars. Another 17 wins & 15 nominations.","DVD":"N\/A","Year":"1969","Poster":"https:\/\/m.media-amazon.com\/images\/M\/MV5BMTkyMTM2NDk5Nl5BMl5BanBnXkFtZTgwNzY1NzEyMDE@._V1_SX300.jpg","Country":"USA","Genre":"Biography, Crime, Drama, Western","Writer":"William Goldman"}
