{"Metascore":"76","BoxOffice":"N\/A","Website":"N\/A","imdbRating":"7.7","imdbVotes":"25,709","Ratings":[{"Value":"7.7\/10","Source":"Internet Movie Database"},{"Value":"100%","Source":"Rotten Tomatoes"},{"Value":"76\/100","Source":"Metacritic"}],"Runtime":"106 min","Language":"English","Rated":"Passed","Production":"Melville-Talbot Productions","Released":"20 May 1962","imdbID":"tt0055824","Plot":"Small-town lawyer Sam Bowden's life becomes torturous when Max Cady re-enters his life. Cady went to jail for 8 years after Bowden testified that Cady attacked a young woman. Now that Cady has been released, he begins to terrorize Bowden and his family, particularly targeting Bowden's daughter, Nancy. Initially, Cady uses his newfound knowledge of the law (learned in prison) to annoy the Bowdens, then poisons the family dog... Who's next ?","Director":"J. Lee Thompson","Title":"Cape Fear","Actors":"Gregory Peck, Robert Mitchum, Polly Bergen, Lori Martin","Response":"True","Type":"movie","Awards":"N\/A","DVD":"N\/A","Year":"1962","Poster":"https:\/\/m.media-amazon.com\/images\/M\/MV5BOWNlMTJmMWUtYjk0MC00M2U4LWI1ODItZDgxNDZiODFmNjc5XkEyXkFqcGdeQXVyMTAwMzUyOTc@._V1_SX300.jpg","Country":"USA","Genre":"Drama, Thriller","Writer":"John D. MacDonald (novel), James R. Webb (screenplay)"}
