{"Metascore":"82","BoxOffice":"N\/A","Website":"N\/A","imdbRating":"7.8","imdbVotes":"416,059","Ratings":[{"Value":"7.8\/10","Source":"Internet Movie Database"},{"Value":"93%","Source":"Rotten Tomatoes"},{"Value":"82\/100","Source":"Metacritic"}],"Runtime":"134 min","Language":"English, Somali","Rated":"PG-13","Production":"Scott Rudin Productions, Trigger Street Productions, Michael De Luca","Released":"11 Oct 2013","imdbID":"tt1535109","Plot":"Captain Phillips is a multi-layered examination of the 2009 hijacking of the U.S. container ship Maersk Alabama by a crew of Somali pirates. It is - through director Paul Greengrass's distinctive lens - simultaneously a pulse-pounding thriller, and a complex portrait of the myriad effects of globalization. The film focuses on the relationship between the Alabama's commanding officer, Captain Richard Phillips (two time Academy Award®-winner Tom Hanks), and the Somali pirate captain, Muse (Barkhad Abdi), who takes him hostage. Phillips and Muse are set on an unstoppable collision course when Muse and his crew target Phillips' unarmed ship; in the ensuing standoff, 145 miles off the Somali coast, both men will find themselves at the mercy of forces beyond their control.","Director":"Paul Greengrass","Title":"Captain Phillips","Actors":"Tom Hanks, Catherine Keener, Barkhad Abdi, Barkhad Abdirahman","Response":"True","Type":"movie","Awards":"Nominated for 6 Oscars. Another 16 wins & 146 nominations.","DVD":"N\/A","Year":"2013","Poster":"https:\/\/m.media-amazon.com\/images\/M\/MV5BODhiZWRhMjctNDUyMS00NmUwLTgwYmItMjJhOWNkZWQ3ZTQxXkEyXkFqcGdeQXVyMTMxODk2OTU@._V1_SX300.jpg","Country":"USA","Genre":"Adventure, Biography, Crime, Drama, Thriller","Writer":"Billy Ray (screenplay), Richard Phillips (based upon the book \"A Captain's Duty: Somali Pirates,  Navy SEALS,  and Dangerous Days at Sea\" by), Stephan Talty (based upon the book \"A Captain's Duty: Somali Pirates,  Navy SEALS,  and Dangerous Days at Sea\" by)"}
