{"Metascore":"75","BoxOffice":"N\/A","Website":"N\/A","imdbRating":"7.8","imdbVotes":"651,094","Ratings":[{"Value":"7.8\/10","Source":"Internet Movie Database"},{"Value":"90%","Source":"Rotten Tomatoes"},{"Value":"75\/100","Source":"Metacritic"}],"Runtime":"147 min","Language":"English, German, Xhosa, Russian, Romanian, Hindi","Rated":"PG-13","Production":"Marvel Studios","Released":"06 May 2016","imdbID":"tt3498820","Plot":"With many people fearing the actions of super heroes, the government decides to push for the Hero Registration Act, a law that limits a hero's actions. This results in a division in The Avengers. Iron Man stands with this Act, claiming that their actions must be kept in check otherwise cities will continue to be destroyed, but Captain America feels that saving the world is daring enough and that they cannot rely on the government to protect the world. This escalates into an all-out war between Team Iron Man (Iron Man, Black Panther, Vision, Black Widow, War Machine, and Spider-Man) and Team Captain America (Captain America, Bucky Barnes, Falcon, Scarlet Witch, Hawkeye, and Ant Man) while a new villain emerges.","Director":"Anthony Russo, Joe Russo","Title":"Captain America: Civil War","Actors":"Chris Evans, Robert Downey Jr., Scarlett Johansson, Sebastian Stan","Response":"True","Type":"movie","Awards":"16 wins & 68 nominations.","DVD":"N\/A","Year":"2016","Poster":"https:\/\/m.media-amazon.com\/images\/M\/MV5BMjQ0MTgyNjAxMV5BMl5BanBnXkFtZTgwNjUzMDkyODE@._V1_SX300.jpg","Country":"USA","Genre":"Action, Adventure, Sci-Fi","Writer":"Christopher Markus (screenplay by), Stephen McFeely (screenplay by), Joe Simon (based on the Marvel comics by), Jack Kirby (based on the Marvel comics by)"}
