{"Metascore":"70","BoxOffice":"N\/A","Website":"N\/A","imdbRating":"7.7","imdbVotes":"724,138","Ratings":[{"Value":"7.7\/10","Source":"Internet Movie Database"},{"Value":"90%","Source":"Rotten Tomatoes"},{"Value":"70\/100","Source":"Metacritic"}],"Runtime":"136 min","Language":"English, French","Rated":"PG-13","Production":"Marvel Enterprises","Released":"04 Apr 2014","imdbID":"tt1843866","Plot":"For Steve Rogers, awakening after decades of suspended animation involves more than catching up on pop culture; it also means that this old school idealist must face a world of subtler threats and difficult moral complexities. That becomes clear when Director Nick Fury is killed by the mysterious assassin, the Winter Soldier, but not before warning Rogers that SHIELD has been subverted by its enemies. When Rogers acts on Fury's warning to trust no one there, he is branded as a traitor by the organization. Now a fugitive, Captain America must get to the bottom of this deadly mystery with the help of the Black Widow and his new friend, The Falcon. However, the battle will be costly for the Sentinel of Liberty, with Rogers finding enemies where he least expects them while learning that the Winter Soldier looks disturbingly familiar.","Director":"Anthony Russo, Joe Russo","Title":"Captain America: The Winter Soldier","Actors":"Chris Evans, Samuel L. Jackson, Scarlett Johansson, Robert Redford","Response":"True","Type":"movie","Awards":"Nominated for 1 Oscar. Another 5 wins & 50 nominations.","DVD":"N\/A","Year":"2014","Poster":"https:\/\/m.media-amazon.com\/images\/M\/MV5BMzA2NDkwODAwM15BMl5BanBnXkFtZTgwODk5MTgzMTE@._V1_SX300.jpg","Country":"USA","Genre":"Action, Adventure, Sci-Fi, Thriller","Writer":"Christopher Markus (screenplay by), Stephen McFeely (screenplay by), Joe Simon (based on the Marvel comics by), Jack Kirby (based on the Marvel comics by)"}
