{"Metascore":"65","BoxOffice":"N\/A","Website":"N\/A","imdbRating":"7.9","imdbVotes":"198,386","Ratings":[{"Value":"7.9\/10","Source":"Internet Movie Database"},{"Value":"81%","Source":"Rotten Tomatoes"},{"Value":"65\/100","Source":"Metacritic"}],"Runtime":"144 min","Language":"English, Spanish","Rated":"R","Production":"Epic Productions, Universal Pictures","Released":"12 Nov 1993","imdbID":"tt0106519","Plot":"A Puerto Rican ex-con pledges to stay away from his former drug dealing ways but finds himself being dragged back by his past connections and the naive machinations of his lawyer and best friend. Hoping to raise enough money to get away from New York, Carlito Brigante takes on the job of running a nightclub, renews an affair with a dancer but old associates and old instincts suck him back into a world of violence and mistrust.","Director":"Brian De Palma","Title":"Carlito's Way","Actors":"Al Pacino, Sean Penn, Penelope Ann Miller, John Leguizamo","Response":"True","Type":"movie","Awards":"Nominated for 2 Golden Globes. Another 2 wins & 7 nominations.","DVD":"N\/A","Year":"1993","Poster":"https:\/\/m.media-amazon.com\/images\/M\/MV5BN2I2N2Q1YmMtMzZkMC00Y2JjLWJmOWUtNjc2OTM2ZTk1MjUyXkEyXkFqcGdeQXVyNzkwMjQ5NzM@._V1_SX300.jpg","Country":"USA","Genre":"Crime, Drama, Thriller","Writer":"Edwin Torres (novels), David Koepp (screenplay)"}
