{"Metascore":"73","BoxOffice":"N\/A","Website":"N\/A","imdbRating":"8.2","imdbVotes":"458,839","Ratings":[{"Value":"8.2\/10","Source":"Internet Movie Database"},{"Value":"80%","Source":"Rotten Tomatoes"},{"Value":"73\/100","Source":"Metacritic"}],"Runtime":"178 min","Language":"English","Rated":"R","Production":"Universal Pictures","Released":"22 Nov 1995","imdbID":"tt0112641","Plot":"This Martin Scorsese film depicts the Janus-like quality of Las Vegas--it has a glittering, glamorous face, as well as a brutal, cruel one. Ace Rothstein and Nicky Santoro, mobsters who move to Las Vegas to make their mark, live and work in this paradoxical world. Seen through their eyes, each as a foil to the other, the details of mob involvement in the casinos of the 1970's and '80's are revealed. Ace is the smooth operator of the Tangiers casino, while Nicky is his boyhood friend and tough strongman, robbing and shaking down the locals. However, they each have a tragic flaw--Ace falls in love with a hustler, Ginger, and Nicky falls into an ever-deepening spiral of drugs and violence.","Director":"Martin Scorsese","Title":"Casino","Actors":"Robert De Niro, Sharon Stone, Joe Pesci, James Woods","Response":"True","Type":"movie","Awards":"Nominated for 1 Oscar. Another 4 wins & 10 nominations.","DVD":"N\/A","Year":"1995","Poster":"https:\/\/m.media-amazon.com\/images\/M\/MV5BMTcxOWYzNDYtYmM4YS00N2NkLTk0NTAtNjg1ODgwZjAxYzI3XkEyXkFqcGdeQXVyNTA4NzY1MzY@._V1_SX300.jpg","Country":"USA, France","Genre":"Crime, Drama","Writer":"Nicholas Pileggi (book), Nicholas Pileggi (screenplay), Martin Scorsese (screenplay)"}
