{"Metascore":"80","BoxOffice":"N\/A","Website":"N\/A","imdbRating":"8.0","imdbVotes":"574,721","Ratings":[{"Value":"8.0\/10","Source":"Internet Movie Database"},{"Value":"95%","Source":"Rotten Tomatoes"},{"Value":"80\/100","Source":"Metacritic"}],"Runtime":"144 min","Language":"English, Serbian, German, Italian, French","Rated":"PG-13","Production":"Metro-Goldwyn-Mayer, Sony Pictures Entertainment, Eon Productions Ltd.","Released":"17 Nov 2006","imdbID":"tt0381061","Plot":"James Bond goes on his first ever mission as a 00. Le Chiffre is a banker to the world's terrorists. He is participating in a poker game at Montenegro, where he must win back his money, in order to stay safe among the terrorist market. The boss of MI6, known simply as M sends Bond, along with Vesper Lynd to attend this game and prevent Le Chiffre from winning. Bond, using help from Felix Leiter, Mathis and having Vesper pose as his partner, enters the most important poker game in his already dangerous career. But if Bond defeats Le Chiffre, will he and Vesper Lynd remain safe?","Director":"Martin Campbell","Title":"Casino Royale","Actors":"Daniel Craig, Eva Green, Mads Mikkelsen, Judi Dench","Response":"True","Type":"movie","Awards":"Won 1 BAFTA Film Award. Another 26 wins & 45 nominations.","DVD":"N\/A","Year":"2006","Poster":"https:\/\/m.media-amazon.com\/images\/M\/MV5BMDI5ZWJhOWItYTlhOC00YWNhLTlkNzctNDU5YTI1M2E1MWZhXkEyXkFqcGdeQXVyNTIzOTk5ODM@._V1_SX300.jpg","Country":"UK, Czech Republic, USA, Germany, Bahamas","Genre":"Action, Adventure, Thriller","Writer":"Neal Purvis (screenplay), Robert Wade (screenplay), Paul Haggis (screenplay), Ian Fleming (novel)"}
