{"Metascore":"73","BoxOffice":"N\/A","Website":"N\/A","imdbRating":"7.8","imdbVotes":"515,429","Ratings":[{"Value":"7.8\/10","Source":"Internet Movie Database"},{"Value":"88%","Source":"Rotten Tomatoes"},{"Value":"73\/100","Source":"Metacritic"}],"Runtime":"143 min","Language":"English, Russian","Rated":"PG-13","Production":"Playtone Productions, ImageMovers, DreamWorks SKG, Twentieth Century Fox","Released":"22 Dec 2000","imdbID":"tt0162222","Plot":"A man is marooned on an island after his plane crashes into the ocean. Far away from home, his girlfriend, and any human contact, he engages in a battle of wits with himself as he is tested mentally, physically, and emotionally in order to survive.","Director":"Robert Zemeckis","Title":"Cast Away","Actors":"Paul Sanchez, Lari White, Leonid Citer, David Allen Brooks","Response":"True","Type":"movie","Awards":"Nominated for 2 Oscars. Another 15 wins & 36 nominations.","DVD":"N\/A","Year":"2000","Poster":"https:\/\/m.media-amazon.com\/images\/M\/MV5BN2Y5ZTU4YjctMDRmMC00MTg4LWE1M2MtMjk4MzVmOTE4YjkzXkEyXkFqcGdeQXVyNTc1NTQxODI@._V1_SX300.jpg","Country":"USA","Genre":"Adventure, Drama, Romance","Writer":"William Broyles Jr."}
