{"Metascore":"75","BoxOffice":"N\/A","Website":"N\/A","imdbRating":"8.1","imdbVotes":"813,710","Ratings":[{"Value":"8.1\/10","Source":"Internet Movie Database"},{"Value":"96%","Source":"Rotten Tomatoes"},{"Value":"75\/100","Source":"Metacritic"}],"Runtime":"141 min","Language":"English, French","Rated":"PG-13","Production":"Amblin Entertainment, DreamWorks SKG, Parkes\/MacDonald, Splendid Pictures","Released":"25 Dec 2002","imdbID":"tt0264464","Plot":"New Rochelle, the 1960s. High schooler Frank Abagnale Jr. idolizes his father, who's in trouble with the IRS. When his parents separate, Frank runs away to Manhattan with $25 in his checking account, vowing to regain dad's losses and get his parents back together. Just a few years later, the FBI tracks him down in France; he's extradited, tried, and jailed for passing more than $4,000,000 in bad checks. Along the way, he's posed as a Pan Am pilot, a pediatrician, and an attorney. And, from nearly the beginning of this life of crime, he's been pursued by a dour FBI agent, Carl Hanratty. What starts as cat and mouse becomes something akin to father and son.","Director":"Steven Spielberg","Title":"Catch Me If You Can","Actors":"Leonardo DiCaprio, Tom Hanks, Christopher Walken, Martin Sheen","Response":"True","Type":"movie","Awards":"Nominated for 2 Oscars. Another 16 wins & 44 nominations.","DVD":"N\/A","Year":"2002","Poster":"https:\/\/m.media-amazon.com\/images\/M\/MV5BMTY5MzYzNjc5NV5BMl5BanBnXkFtZTYwNTUyNTc2._V1_SX300.jpg","Country":"USA, Canada","Genre":"Biography, Crime, Drama","Writer":"Jeff Nathanson (screenplay), Frank Abagnale Jr. (book), Stan Redding (book)"}
