{"Metascore":"N\/A","BoxOffice":"N\/A","Website":"N\/A","imdbRating":"7.6","imdbVotes":"63,116","Ratings":[{"Value":"7.6\/10","Source":"Internet Movie Database"},{"Value":"98%","Source":"Rotten Tomatoes"}],"Runtime":"113 min","Language":"Spanish, Basque, English","Rated":"N\/A","Production":"Morena Films S.L., Vaca Films","Released":"06 Nov 2009","imdbID":"tt1242422","Plot":"Juan Oliver wants to make a good impression at his new job as a prison officer and reports to work a day early, leaving his pregnant wife, Elena, at home. His destiny is forever changed by this fateful decision, as during his tour of the prison, an accident occurs that knocks him unconscious. He is rushed to the empty but visibly haunted walls of cell 211. As this diversion unfolds, inmates of the high security cell block strategically break free and hijack the penitentiary. Aware of the violence that is to come, the prison officers flee, leaving Juan stranded and unconscious in the heart of the riot. When Juan awakens, he immediately takes stock of the situation; in order to survive, he must pretend to be a prisoner. Juan develops a dialogue with the violent leader of the riot, Badass, and the two begin a partnership, Badass fully believing that Juan is a new inmate. Negotiations go smoothly until the rioters take three ETA (the militant Basque separatist organization) prisoners hostage. When this hits the news, it triggers a stream of prison riots throughout the country as well as demonstrations in the Basque Country. Juan quickly realizes that he is on his own as the situation becomes more politicized and the government gets involved, afraid of potential ramifications in the Basque community. As the drama heightens, unexpected shifts in character both within and without the prison occur.","Director":"Daniel Monzón","Title":"Celda 211","Actors":"Luis Tosar, Alberto Ammann, Antonio Resines, Manuel Morón","Response":"True","Type":"movie","Awards":"44 wins & 27 nominations.","DVD":"N\/A","Year":"2009","Poster":"https:\/\/m.media-amazon.com\/images\/M\/MV5BYzUxMTliYzQtZWU2Yy00NTMxLWJhYmItNjU1NmU0MTM1MDQxXkEyXkFqcGdeQXVyNTIzOTk5ODM@._V1_SX300.jpg","Country":"Spain, France","Genre":"Action, Adventure, Crime, Drama, Thriller","Writer":"Jorge Guerricaechevarría (adaptation), Daniel Monzón (adaptation), Francisco Pérez Gandul (novel)"}
