{"Metascore":"63","BoxOffice":"N\/A","Website":"N\/A","imdbRating":"7.7","imdbVotes":"235,488","Ratings":[{"Value":"7.7\/10","Source":"Internet Movie Database"},{"Value":"62%","Source":"Rotten Tomatoes"},{"Value":"63\/100","Source":"Metacritic"}],"Runtime":"141 min","Language":"English","Rated":"R","Production":"Malpaso Company","Released":"31 Oct 2008","imdbID":"tt0824747","Plot":"Los Angeles, 1928. A single mother returns from work to find her nine-year-old son gone. She calls the LAPD to initiate a search. Five months later, a boy is found in Illinois who fits the description; he says he's her son. To fanfare and photos, the LAPD reunite mother and son, but she insists he's not her boy. The cops dismiss her as either a liar or hysterical. When she joins a minister in his public criticism of the police, they in turn use government power to silence and intimidate her. Meanwhile, a cop goes to a dilapidated ranch to find a Canadian lad who's without legal status; the youth tells a grisly tale. There's redress for murder; is there redress for abuse of power?","Director":"Clint Eastwood","Title":"Changeling","Actors":"Angelina Jolie, Gattlin Griffith, Michelle Gunn, Jan Devereaux","Response":"True","Type":"movie","Awards":"Nominated for 3 Oscars. Another 14 wins & 51 nominations.","DVD":"N\/A","Year":"2008","Poster":"https:\/\/m.media-amazon.com\/images\/M\/MV5BOTA1Mzg3NjIxNV5BMl5BanBnXkFtZTcwNzU2NTc5MQ@@._V1_SX300.jpg","Country":"USA","Genre":"Biography, Crime, Drama, History, Mystery, Thriller","Writer":"J. Michael Straczynski"}
