{"Metascore":"84","BoxOffice":"N\/A","Website":"N\/A","imdbRating":"7.9","imdbVotes":"460,207","Ratings":[{"Value":"7.9\/10","Source":"Internet Movie Database"},{"Value":"92%","Source":"Rotten Tomatoes"},{"Value":"84\/100","Source":"Metacritic"}],"Runtime":"109 min","Language":"English, German, Italian, Romanian, Spanish, Arabic, Georgian, Russian, Serbian","Rated":"R","Production":"Beacon Communications","Released":"05 Jan 2007","imdbID":"tt0206634","Plot":"The world's youngest citizen has just died at 18, and humankind is facing the likelihood of its own extinction. Set in and around a dystopian London fractious with violence and warring nationalistic sects, Children of Men follows the unexpected discovery of a lone pregnant woman and the desperate journey to deliver her to safety and restore faith for a future beyond those presently on Earth.","Director":"Alfonso Cuarón","Title":"Children of Men","Actors":"Juan Gabriel Yacuzzi, Mishal Husain, Rob Curling, Jon Chevalier","Response":"True","Type":"movie","Awards":"Nominated for 3 Oscars. Another 49 wins & 80 nominations.","DVD":"N\/A","Year":"2006","Poster":"https:\/\/m.media-amazon.com\/images\/M\/MV5BMTQ5NTI2NTI4NF5BMl5BanBnXkFtZTcwNjk2NDA2OQ@@._V1_SX300.jpg","Country":"USA, UK, Japan","Genre":"Adventure, Drama, Sci-Fi, Thriller","Writer":"Alfonso Cuarón (screenplay), Timothy J. Sexton (screenplay), David Arata (screenplay), Mark Fergus (screenplay), Hawk Ostby (screenplay), P.D. James (novel)"}
