{"Metascore":"92","BoxOffice":"N\/A","Website":"N\/A","imdbRating":"8.1","imdbVotes":"289,944","Ratings":[{"Value":"8.1\/10","Source":"Internet Movie Database"},{"Value":"99%","Source":"Rotten Tomatoes"},{"Value":"92\/100","Source":"Metacritic"}],"Runtime":"130 min","Language":"English, Cantonese, Spanish","Rated":"R","Production":"Paramount Pictures","Released":"20 Jun 1974","imdbID":"tt0071315","Plot":"JJ 'Jake' Gittes is a private detective who seems to specialize in matrimonial cases. He is hired by Evelyn Mulwray when she suspects her husband Hollis, builder of the city's water supply system, of having an affair. Gittes does what he does best and photographs him with a young girl but in the ensuing scandal, it seems he was hired by an impersonator and not the real Mrs. Mulwray. When Mr. Mulwray is found dead, Jake is plunged into a complex web of deceit involving murder, incest, and municipal corruption all related to the city's water supply.","Director":"Roman Polanski","Title":"Chinatown","Actors":"Jack Nicholson, Faye Dunaway, John Huston, Perry Lopez","Response":"True","Type":"movie","Awards":"Won 1 Oscar. Another 20 wins & 24 nominations.","DVD":"N\/A","Year":"1974","Poster":"https:\/\/m.media-amazon.com\/images\/M\/MV5BOGMwYmY5ZmEtMzY1Yi00OWJiLTk1Y2MtMzI2MjBhYmZkNTQ0XkEyXkFqcGdeQXVyNzkwMjQ5NzM@._V1_SX300.jpg","Country":"USA","Genre":"Drama, Mystery, Thriller","Writer":"Robert Towne"}
