{"Metascore":"77","BoxOffice":"N\/A","Website":"N\/A","imdbRating":"8.1","imdbVotes":"60,909","Ratings":[{"Value":"8.1\/10","Source":"Internet Movie Database"},{"Value":"87%","Source":"Rotten Tomatoes"},{"Value":"77\/100","Source":"Metacritic"}],"Runtime":"102 min","Language":"Cantonese, English, Japanese, Hindi, Mandarin, Punjabi, Urdu","Rated":"PG-13","Production":"Miramax","Released":"08 Mar 1996","imdbID":"tt0109424","Plot":"Wong Kar-Wai's movie about two love-struck cops is filmed in impressionistic splashes of motion and color. The first half deals with Cop 223, who has broken up with his girlfriend of five years. He purchases a tin of pineapples with an expiration date of May 1 each day for a month. By the end of that time, he feels that he will either be rejoined with his love or that it too will have expired forever. The second half shows Cop 663 dealing with his breakup with his flight attendant girlfriend. He talks to his apartment furnishings until he meets a new girl at a local lunch counter.","Director":"Kar-Wai Wong","Title":"Chungking Express","Actors":"Brigitte Lin, Tony Chiu-Wai Leung, Faye Wong, Takeshi Kaneshiro","Response":"True","Type":"movie","Awards":"10 wins & 23 nominations.","DVD":"N\/A","Year":"1994","Poster":"https:\/\/m.media-amazon.com\/images\/M\/MV5BMGQ5MzljNzYtMDM1My00NmI0LThlYzQtMTg0ZmQ0MTk1YjkxXkEyXkFqcGdeQXVyNTAyODkwOQ@@._V1_SX300.jpg","Country":"Hong Kong","Genre":"Comedy, Crime, Drama, Mystery, Romance","Writer":"Kar-Wai Wong"}
