{"Metascore":"70","BoxOffice":"N\/A","Website":"N\/A","imdbRating":"7.7","imdbVotes":"210,362","Ratings":[{"Value":"7.7\/10","Source":"Internet Movie Database"},{"Value":"89%","Source":"Rotten Tomatoes"},{"Value":"70\/100","Source":"Metacritic"}],"Runtime":"92 min","Language":"English","Rated":"R","Production":"Miramax Films, View Askew Productions","Released":"09 Nov 1994","imdbID":"tt0109445","Plot":"Dante Hicks is not having a good day. He works as a clerk in a small convenience store and is told to come into work on his day off. Dante thinks life is a series of down endings and this day is proving to no different. He reads in the newspaper that his ex-girlfriend Caitlin is getting married. His present girlfriend reveals to have somewhat more experience with sex that he ever imagined. His principal concerns are the hockey game he has that afternoon and the wake for a friend who died. His buddy Randal Graves works as a clerk in the video store next and he hates his job just about as much as Dante hates his.","Director":"Kevin Smith","Title":"Clerks","Actors":"Brian O'Halloran, Jeff Anderson, Marilyn Ghigliotti, Lisa Spoonauer","Response":"True","Type":"movie","Awards":"6 wins & 10 nominations.","DVD":"N\/A","Year":"1994","Poster":"https:\/\/m.media-amazon.com\/images\/M\/MV5BNzE1Njk0NmItNDhlMC00ZmFlLWI4ZTUtYTY4ZjgzNjkyMTU1XkEyXkFqcGdeQXVyMTQxNzMzNDI@._V1_SX300.jpg","Country":"USA","Genre":"Comedy","Writer":"Kevin Smith"}
