{"Metascore":"81","BoxOffice":"N\/A","Website":"N\/A","imdbRating":"8.4","imdbVotes":"363,183","Ratings":[{"Value":"8.4\/10","Source":"Internet Movie Database"},{"Value":"97%","Source":"Rotten Tomatoes"},{"Value":"81\/100","Source":"Metacritic"}],"Runtime":"105 min","Language":"English, Spanish","Rated":"PG","Production":"Pixar Animation Studios","Released":"22 Nov 2017","imdbID":"tt2380307","Plot":"Despite his family's baffling generations-old ban on music, Miguel (voice of newcomer Anthony Gonzalez) dreams of becoming an accomplished musician like his idol, Ernesto de la Cruz (voice of Benjamin Bratt). Desperate to prove his talent, Miguel finds himself in the stunning and colorful Land of the Dead following a mysterious chain of events. Along the way, he meets charming trickster Hector (voice of Gael García Bernal), and together, they set off on an extraordinary journey to unlock the real story behind Miguel's family history.","Director":"Lee Unkrich, Adrian Molina(co-director)","Title":"Coco","Actors":"Anthony Gonzalez, Gael García Bernal, Benjamin Bratt, Alanna Ubach","Response":"True","Type":"movie","Awards":"Won 2 Oscars. Another 110 wins & 38 nominations.","DVD":"N\/A","Year":"2017","Poster":"https:\/\/m.media-amazon.com\/images\/M\/MV5BYjQ5NjM0Y2YtNjZkNC00ZDhkLWJjMWItN2QyNzFkMDE3ZjAxXkEyXkFqcGdeQXVyODIxMzk5NjA@._V1_SX300.jpg","Country":"USA","Genre":"Animation, Adventure, Family, Fantasy, Music, Mystery","Writer":"Lee Unkrich (original story by), Jason Katz (original story by), Matthew Aldrich (original story by), Adrian Molina (original story by), Adrian Molina (screenplay by), Matthew Aldrich (screenplay by)"}
