{"Metascore":"78","BoxOffice":"N\/A","Website":"N\/A","imdbRating":"7.7","imdbVotes":"60,737","Ratings":[{"Value":"7.7\/10","Source":"Internet Movie Database"},{"Value":"88%","Source":"Rotten Tomatoes"},{"Value":"78\/100","Source":"Metacritic"}],"Runtime":"122 min","Language":"English","Rated":"R","Production":"Beckett Films","Released":"26 Sep 2007","imdbID":"tt0421082","Plot":"Ian Curtis is a quiet and rather sad lad who works for an employment agency and sings in a band called Warsaw. He meets a girl named Debbie whom he promptly marries and his band, of which the name in the meantime has been changed to Joy Division, gets more and more successful. Even though Debbie and he become parents, their relationship is going downhill rapidly and Ian starts an affair with Belgium Annik whom he met after one of the gigs and he's almost never at home. Ian also suffers from epilepsy and has no-good medication for it. He doesn't know how to handle the feelings he has for Debbie and Annik and the pressure the popularity of Joy Division and the energy performing costs him.","Director":"Anton Corbijn","Title":"Control","Actors":"Sam Riley, Samantha Morton, Alexandra Maria Lara, Joe Anderson","Response":"True","Type":"movie","Awards":"Nominated for 1 BAFTA Film Award. Another 31 wins & 34 nominations.","DVD":"N\/A","Year":"2007","Poster":"https:\/\/m.media-amazon.com\/images\/M\/MV5BNTEzOTYwMTcxN15BMl5BanBnXkFtZTcwNTgyNjI1MQ@@._V1_SX300.jpg","Country":"UK, USA, Australia, Japan, France","Genre":"Biography, Drama, Music","Writer":"Deborah Curtis (book), Matt Greenhalgh (screenplay)"}
