{"Metascore":"92","BoxOffice":"N\/A","Website":"N\/A","imdbRating":"8.1","imdbVotes":"159,667","Ratings":[{"Value":"8.1\/10","Source":"Internet Movie Database"},{"Value":"100%","Source":"Rotten Tomatoes"},{"Value":"92\/100","Source":"Metacritic"}],"Runtime":"127 min","Language":"English","Rated":"GP","Production":"Warner Brothers, Jalem Productions","Released":"01 Nov 1967","imdbID":"tt0061512","Plot":"Luke Jackson is a cool, gutsy prisoner in a Southern chain gang, who, while refusing to buckle under to authority, keeps escaping and being recaptured. The prisoners admire Luke because, as Dragline explains it, \"You're an original, that's what you are!\" Nevertheless, the camp staff actively works to crush Luke until he finally breaks.","Director":"Stuart Rosenberg","Title":"Cool Hand Luke","Actors":"Paul Newman, George Kennedy, J.D. Cannon, Lou Antonio","Response":"True","Type":"movie","Awards":"Won 1 Oscar. Another 3 wins & 10 nominations.","DVD":"N\/A","Year":"1967","Poster":"https:\/\/m.media-amazon.com\/images\/M\/MV5BOWFlNzZhYmYtYTI5YS00MDQyLWIyNTUtNTRjMWUwNTEzNjA0XkEyXkFqcGdeQXVyNjUwNzk3NDc@._V1_SX300.jpg","Country":"USA","Genre":"Crime, Drama","Writer":"Donn Pearce (screenplay), Frank Pierson (screenplay), Donn Pearce (novel)"}
