{"Metascore":"80","BoxOffice":"N\/A","Website":"N\/A","imdbRating":"7.7","imdbVotes":"195,099","Ratings":[{"Value":"7.7\/10","Source":"Internet Movie Database"},{"Value":"90%","Source":"Rotten Tomatoes"},{"Value":"80\/100","Source":"Metacritic"}],"Runtime":"100 min","Language":"English, Russian","Rated":"PG","Production":"Laika","Released":"06 Feb 2009","imdbID":"tt0327597","Plot":"When Coraline moves to an old house, she feels bored and neglected by her parents. She finds a hidden door with a bricked up passage. During the night, she crosses the passage and finds a parallel world where everybody has buttons instead of eyes, with caring parents and all her dreams coming true. When the Other Mother invites Coraline to stay in her world forever, the girl refuses and finds that the alternate reality where she is trapped is only a trick to lure her.","Director":"Henry Selick","Title":"Coraline","Actors":"Dakota Fanning, Teri Hatcher, Jennifer Saunders, Dawn French","Response":"True","Type":"movie","Awards":"Nominated for 1 Oscar. Another 7 wins & 44 nominations.","DVD":"N\/A","Year":"2009","Poster":"https:\/\/m.media-amazon.com\/images\/M\/MV5BMzQxNjM5NzkxNV5BMl5BanBnXkFtZTcwMzg5NDMwMg@@._V1_SX300.jpg","Country":"USA","Genre":"Animation, Drama, Family, Fantasy, Thriller","Writer":"Henry Selick (screenplay), Neil Gaiman (book)"}
