{"Metascore":"61","BoxOffice":"N\/A","Website":"N\/A","imdbRating":"7.9","imdbVotes":"42,354","Ratings":[{"Value":"7.9\/10","Source":"Internet Movie Database"},{"Value":"64%","Source":"Rotten Tomatoes"},{"Value":"61\/100","Source":"Metacritic"}],"Runtime":"115 min","Language":"Japanese, English","Rated":"R","Production":"N\/A","Released":"16 May 2003","imdbID":"tt0275277","Plot":"The year is 2071. Following a terrorist bombing, a deadly virus is released on the populace of Mars and the government has issued a 300 million woo-long reward, the largest bounty in history, for the capture of whoever is behind it. The bounty hunter crew of the spaceship Bebop; Spike, Faye, Jet and Ed, take the case with hopes of cashing in the bounty. However, the mystery surrounding the man responsible, Vincent, goes deeper than they ever imagined, and they aren't the only ones hunting him. The original creators of the virus have dispatched Electra to deal with Vincent and take out anyone who may stumble on the truth behind him. As the hunt for the man with no past and no future continues to escalate, they begin to question what about the world is reality and what is a dream as the line between sanity and insanity becomes more apparent.","Director":"Shin'ichirô Watanabe, Tensai Okamura, Hiroyuki Okiura, Yoshiyuki Takei(co-director)","Title":"Cowboy Bebop: The Movie","Actors":"Kôichi Yamadera, Unshô Ishizuka, Megumi Hayashibara, Aoi Tada","Response":"True","Type":"movie","Awards":"2 nominations.","DVD":"N\/A","Year":"2001","Poster":"https:\/\/m.media-amazon.com\/images\/M\/MV5BMjYzYWM4YTItZjJiMC00OTM5LTg3NDgtOGQ2Njk2ZWNhN2QwXkEyXkFqcGdeQXVyMzM4MjM0Nzg@._V1_SX300.jpg","Country":"Japan, USA","Genre":"Animation, Action, Crime, Drama, Sci-Fi, Thriller","Writer":"Keiko Nobumoto (screenplay), Hajime Yatate (based on the story by)"}
