{"Metascore":"82","BoxOffice":"N\/A","Website":"N\/A","imdbRating":"7.6","imdbVotes":"244,541","Ratings":[{"Value":"7.6\/10","Source":"Internet Movie Database"},{"Value":"95%","Source":"Rotten Tomatoes"},{"Value":"82\/100","Source":"Metacritic"}],"Runtime":"133 min","Language":"English, Spanish","Rated":"PG-13","Production":"Chartoff Winkler","Released":"25 Nov 2015","imdbID":"tt3076658","Plot":"Adonis Johnson is the son of the famous boxing champion Apollo Creed, who died in a boxing match in Rocky IV (1985). Adonis wasn't born until after his father's death and wants to follow his fathers footsteps in boxing. He seeks a mentor who is the former heavyweight boxing champion and former friend of Apollo Creed, the retired Rocky Balboa. Rocky eventually agrees to mentor Adonis. With Rocky's help they hope to get a title job to face even deadlier opponents than his father. But whether he is a true fighter remains to be seen....","Director":"Ryan Coogler","Title":"Creed","Actors":"Michael B. Jordan, Sylvester Stallone, Tessa Thompson, Phylicia Rashad","Response":"True","Type":"movie","Awards":"Nominated for 1 Oscar. Another 46 wins & 62 nominations.","DVD":"N\/A","Year":"2015","Poster":"https:\/\/m.media-amazon.com\/images\/M\/MV5BNmZkYjQzY2QtNjdkNC00YjkzLTk5NjUtY2MyNDNiYTBhN2M2XkEyXkFqcGdeQXVyMjMwNDgzNjc@._V1_SX300.jpg","Country":"USA","Genre":"Drama, Sport","Writer":"Ryan Coogler (screenplay by), Aaron Covington (screenplay by), Ryan Coogler (story by), Sylvester Stallone (based on characters created by)"}
