{"Metascore":"77","BoxOffice":"N\/A","Website":"N\/A","imdbRating":"7.9","imdbVotes":"54,086","Ratings":[{"Value":"7.9\/10","Source":"Internet Movie Database"},{"Value":"94%","Source":"Rotten Tomatoes"},{"Value":"77\/100","Source":"Metacritic"}],"Runtime":"104 min","Language":"English, Hebrew","Rated":"PG-13","Production":"Jack Rollins and Charles Joffe","Released":"03 Nov 1989","imdbID":"tt0097123","Plot":"Judah Rosenthal is an ophthalmologist and a pillar of the community who has a big problem: his mistress Dolores Paley has told him that he is to leave his wife and marry her - as he had promised to do - or she will tell everyone of their affair. When he intercepts a letter Dolores has written to his wife Miriam, he is frantic. He confesses all to his shady brother Jack who assures him that he has friends who can take care of her. Meanwhile, filmmaker Cliff Stern is having his own problems. He's been working on a documentary film for some time but has yet to complete it. He and his wife Wendy have long ago stopped loving one another and are clearly on their way to divorce. He falls in love with Halley Reed who works with a producer, Lester. Cliff soon finds himself making a documentary about Lester and hates every minute of it.","Director":"Woody Allen","Title":"Crimes and Misdemeanors","Actors":"Bill Bernstein, Martin Landau, Claire Bloom, Stephanie Roth Haberle","Response":"True","Type":"movie","Awards":"Nominated for 3 Oscars. Another 16 wins & 23 nominations.","DVD":"N\/A","Year":"1989","Poster":"https:\/\/m.media-amazon.com\/images\/M\/MV5BYWY3N2EyOWYtNDVhZi00MWRkLTg2OTUtODNkNDQ5ZTIwMGJkXkEyXkFqcGdeQXVyMTMxODk2OTU@._V1_SX300.jpg","Country":"USA","Genre":"Comedy, Drama","Writer":"Woody Allen"}
