{"Metascore":"72","BoxOffice":"N\/A","Website":"N\/A","imdbRating":"8.0","imdbVotes":"236,917","Ratings":[{"Value":"8.0\/10","Source":"Internet Movie Database"},{"Value":"83%","Source":"Rotten Tomatoes"},{"Value":"72\/100","Source":"Metacritic"}],"Runtime":"181 min","Language":"English, Sioux, Pawnee","Rated":"PG-13","Production":"Majestic Film, Tig Productions","Released":"21 Nov 1990","imdbID":"tt0099348","Plot":"Lt. John Dunbar is dubbed a hero after he accidentally leads Union troops to a victory during the Civil War. He requests a position on the western frontier, but finds it deserted. He soon finds out he is not alone, but meets a wolf he dubs \"Two-socks\" and a curious Indian tribe. Dunbar quickly makes friends with the tribe, and discovers a white woman who was raised by the Indians. He gradually earns the respect of these native people, and sheds his white-man's ways.","Director":"Kevin Costner","Title":"Dances with Wolves","Actors":"Kevin Costner, Mary McDonnell, Graham Greene, Rodney A. Grant","Response":"True","Type":"movie","Awards":"Won 7 Oscars. Another 44 wins & 38 nominations.","DVD":"N\/A","Year":"1990","Poster":"https:\/\/m.media-amazon.com\/images\/M\/MV5BMTY3OTI5NDczN15BMl5BanBnXkFtZTcwNDA0NDY3Mw@@._V1_SX300.jpg","Country":"USA, UK","Genre":"Adventure, Drama, Western","Writer":"Michael Blake (screenplay), Michael Blake (novel)"}
