{"Metascore":"N\/A","BoxOffice":"N\/A","Website":"N\/A","imdbRating":"8.4","imdbVotes":"151,322","Ratings":[{"Value":"8.4\/10","Source":"Internet Movie Database"},{"Value":"88%","Source":"Rotten Tomatoes"}],"Runtime":"161 min","Language":"Hindi, English","Rated":"Not Rated","Production":"Aamir Khan Productions","Released":"21 Dec 2016","imdbID":"tt5074352","Plot":"Biopic of Mahavir Singh Phogat, who taught wrestling to his daughters Babita Kumari and Geeta Phogat. Geeta Phogat was India's first female wrestler to win at the 2010 Commonwealth Games, where she won the gold medal (55 kg) while her sister Babita Kumari won the silver (52 kg).","Director":"Nitesh Tiwari","Title":"Dangal","Actors":"Aamir Khan, Fatima Sana Shaikh, Sanya Malhotra, Sakshi Tanwar","Response":"True","Type":"movie","Awards":"23 wins & 6 nominations.","DVD":"N\/A","Year":"2016","Poster":"https:\/\/m.media-amazon.com\/images\/M\/MV5BMTQ4MzQzMzM2Nl5BMl5BanBnXkFtZTgwMTQ1NzU3MDI@._V1_SX300.jpg","Country":"India","Genre":"Action, Biography, Drama, Sport","Writer":"Piyush Gupta, Shreyas Jain, Nikhil Mehrotra, Rajshri Sudhakar (Dialogue Writer: Telugu), Nitesh Tiwari"}
