{"Metascore":"74","BoxOffice":"N\/A","Website":"N\/A","imdbRating":"7.6","imdbVotes":"63,857","Ratings":[{"Value":"7.6\/10","Source":"Internet Movie Database"},{"Value":"93%","Source":"Rotten Tomatoes"},{"Value":"74\/100","Source":"Metacritic"}],"Runtime":"119 min","Language":"English","Rated":"R","Production":"Warner Brothers\/Seven Arts","Released":"24 Feb 1989","imdbID":"tt0094947","Plot":"In 18th century France, the Marquise de Merteuil and the Vicomte de Valmont play a dangerous game of seduction. Valmont is someone who measures success by the number of his conquests and Merteuil challenges him to seduce the soon to be married Cecile de Volanges and provide proof in writing of his success. His reward for doing so will be to spend the night with Merteuil. He has little difficulty seducing Cecile but what he really wants is to seduce Madame de Tourvel. When Merteuil learns that he has actually fallen in love with her, she refuses to let him claim his reward for seducing Cecile. Death soon follows.","Director":"Stephen Frears","Title":"Dangerous Liaisons","Actors":"Glenn Close, John Malkovich, Michelle Pfeiffer, Swoosie Kurtz","Response":"True","Type":"movie","Awards":"Won 3 Oscars. Another 18 wins & 21 nominations.","DVD":"N\/A","Year":"1988","Poster":"https:\/\/m.media-amazon.com\/images\/M\/MV5BMDZmODc0MWQtYWVjOS00OGFiLWExNjItOTMyN2Q5ZTFmYzUzXkEyXkFqcGdeQXVyMTAwMzUyOTc@._V1_SX300.jpg","Country":"USA, UK","Genre":"Drama, Romance","Writer":"Christopher Hampton (play), Choderlos de Laclos (novel), Christopher Hampton (screenplay)"}
