{"Metascore":"66","BoxOffice":"N\/A","Website":"N\/A","imdbRating":"7.6","imdbVotes":"186,227","Ratings":[{"Value":"7.6\/10","Source":"Internet Movie Database"},{"Value":"66\/100","Source":"Metacritic"}],"Runtime":"100 min","Language":"English","Rated":"R","Production":"York","Released":"27 Feb 1998","imdbID":"tt0118929","Plot":"John Murdoch awakens alone in a strange hotel to find that he has lost his memory and is wanted for a series of brutal and bizarre murders. While trying to piece together his past, he stumbles upon a fiendish underworld controlled by a group of beings known as The Strangers who possess the ability to put people to sleep and alter the city and its inhabitants. Now Murdoch must find a way to stop them before they take control of his mind and destroy him.","Director":"Alex Proyas","Title":"Dark City","Actors":"Rufus Sewell, William Hurt, Kiefer Sutherland, Jennifer Connelly","Response":"True","Type":"movie","Awards":"12 wins & 19 nominations.","DVD":"25 Apr 2000","Year":"1998","Poster":"https:\/\/m.media-amazon.com\/images\/M\/MV5BMGExOGExM2UtNWM5ZS00OWEzLTllNzYtM2NlMTJlYjBlZTJkXkEyXkFqcGdeQXVyMTQxNzMzNDI@._V1_SX300.jpg","Country":"Australia","Genre":"Mystery, Sci-Fi, Thriller","Writer":"Alex Proyas (story), Alex Proyas (screenplay), Lem Dobbs (screenplay), David S. Goyer (screenplay)"}
