{"Metascore":"79","BoxOffice":"N\/A","Website":"N\/A","imdbRating":"7.6","imdbVotes":"408,975","Ratings":[{"Value":"7.6\/10","Source":"Internet Movie Database"},{"Value":"90%","Source":"Rotten Tomatoes"},{"Value":"79\/100","Source":"Metacritic"}],"Runtime":"130 min","Language":"English, American Sign Language","Rated":"PG-13","Production":"Chernin Entertainment","Released":"11 Jul 2014","imdbID":"tt2103281","Plot":"A growing nation of genetically evolved apes led by Caesar is threatened by a band of human survivors of the devastating virus unleashed a decade earlier. They reach a fragile peace, but it proves short-lived, as both sides are brought to the brink of a war that will determine who will emerge as Earth's dominant species.","Director":"Matt Reeves","Title":"Dawn of the Planet of the Apes","Actors":"Andy Serkis, Jason Clarke, Gary Oldman, Keri Russell","Response":"True","Type":"movie","Awards":"Nominated for 1 Oscar. Another 17 wins & 47 nominations.","DVD":"N\/A","Year":"2014","Poster":"https:\/\/m.media-amazon.com\/images\/M\/MV5BMTgwODk3NDc1N15BMl5BanBnXkFtZTgwNTc1NjQwMjE@._V1_SX300.jpg","Country":"USA, UK, Canada","Genre":"Action, Adventure, Drama, Sci-Fi","Writer":"Mark Bomback, Rick Jaffa, Amanda Silver, Rick Jaffa (based on characters created by), Amanda Silver (based on characters created by)"}
