{"Metascore":"71","BoxOffice":"N\/A","Website":"N\/A","imdbRating":"7.9","imdbVotes":"110,542","Ratings":[{"Value":"7.9\/10","Source":"Internet Movie Database"},{"Value":"94%","Source":"Rotten Tomatoes"},{"Value":"71\/100","Source":"Metacritic"}],"Runtime":"127 min","Language":"English, Spanish","Rated":"Unrated","Production":"N\/A","Released":"24 May 1979","imdbID":"tt0077402","Plot":"Following the events of Night of the Living Dead (1968), we follow the exploits of four survivors of the expanding zombie apocalypse as they take refuge in an abandoned shopping mall following a horrific SWAT evacuation of an apartment complex. Taking stock of their surroundings, they arm themselves, lock down the mall, and destroy the zombies inside so they can eke out a living--at least for a while. Tensions begin to build as months go on, and they come to realize that they've fallen prey to consumerism. Soon afterward, they have even heavier problems to worry about, as a large gang of bikers discovers the mall and invades it, ruining the survivors' best-laid plans and forcing them to fight off both lethal bandits and flesh-eating zombies.","Director":"George A. Romero","Title":"Dawn of the Dead","Actors":"David Emge, Ken Foree, Scott H. Reiniger, Gaylen Ross","Response":"True","Type":"movie","Awards":"2 wins & 2 nominations.","DVD":"N\/A","Year":"1978","Poster":"https:\/\/m.media-amazon.com\/images\/M\/MV5BMzc1YTIyNjctYzhlNy00ZmYzLWI2ZWQtMzk4MmQwYzA0NGQ1XkEyXkFqcGdeQXVyMTQxNzMzNDI@._V1_SX300.jpg","Country":"USA, Italy","Genre":"Action, Adventure, Horror, Thriller","Writer":"George A. Romero"}
