{"Metascore":"93","BoxOffice":"N\/A","Website":"N\/A","imdbRating":"7.8","imdbVotes":"51,633","Ratings":[{"Value":"7.8\/10","Source":"Internet Movie Database"},{"Value":"92%","Source":"Rotten Tomatoes"},{"Value":"93\/100","Source":"Metacritic"}],"Runtime":"94 min","Language":"English, Italian","Rated":"PG","Production":"Paramount Pictures","Released":"06 Oct 1978","imdbID":"tt0077405","Plot":"Bill and Abby, a young couple who to the outside world pretend to be brother and sister are living and working in Chicago at the beginning of the century. They want to escape the poverty and hard labor of the city and travel south. Together with the girl Linda (who acts as the narrator in the movie) they find employment on a farm in the Texas panhandle. When the harvest is over the young, rich and handsome farmer invites them to stay because he has fallen in love with Abby. When Bill and Abby discover that the farmer is seriously ill and has only got a year left to live they decide that Abby will accept his wedding proposal in order to make some benefit out of the situation. When the expected death fails to come, jealousy and impatience are slowly setting in and accidents become eventually inevitable.","Director":"Terrence Malick","Title":"Days of Heaven","Actors":"Richard Gere, Brooke Adams, Sam Shepard, Linda Manz","Response":"True","Type":"movie","Awards":"Won 1 Oscar. Another 12 wins & 12 nominations.","DVD":"N\/A","Year":"1978","Poster":"https:\/\/m.media-amazon.com\/images\/M\/MV5BZjMyZmU4OGYtNjBiYS00YTIxLWJjMDUtZjczZmQwMTM4YjQxXkEyXkFqcGdeQXVyNTI4MjkwNjA@._V1_SX300.jpg","Country":"USA","Genre":"Drama, Romance","Writer":"Terrence Malick"}
