{"Metascore":"78","BoxOffice":"N\/A","Website":"N\/A","imdbRating":"7.6","imdbVotes":"163,177","Ratings":[{"Value":"7.6\/10","Source":"Internet Movie Database"},{"Value":"92%","Source":"Rotten Tomatoes"},{"Value":"78\/100","Source":"Metacritic"}],"Runtime":"102 min","Language":"English","Rated":"R","Production":"Alphaville Films, Detour Filmproduction","Released":"10 Feb 1994","imdbID":"tt0106677","Plot":"It's the last day of school at a high school in a small town in Texas in 1976. The upperclassmen are hazing the incoming freshmen, and everyone is trying to get stoned, drunk, or laid, even the football players that signed a pledge not to.","Director":"Richard Linklater","Title":"Dazed and Confused","Actors":"Jason London, Joey Lauren Adams, Milla Jovovich, Shawn Andrews","Response":"True","Type":"movie","Awards":"1 win & 4 nominations.","DVD":"N\/A","Year":"1993","Poster":"https:\/\/m.media-amazon.com\/images\/M\/MV5BMTM5MDY5MDQyOV5BMl5BanBnXkFtZTgwMzM3NzMxMDE@._V1_SX300.jpg","Country":"USA","Genre":"Comedy","Writer":"Richard Linklater"}
