{"Metascore":"65","BoxOffice":"N\/A","Website":"N\/A","imdbRating":"8.0","imdbVotes":"891,034","Ratings":[{"Value":"8.0\/10","Source":"Internet Movie Database"},{"Value":"85%","Source":"Rotten Tomatoes"},{"Value":"65\/100","Source":"Metacritic"}],"Runtime":"108 min","Language":"English","Rated":"R","Production":"Kinberg Genre, Donners&#39; Company","Released":"12 Feb 2016","imdbID":"tt1431045","Plot":"This is the origin story of former Special Forces operative turned mercenary Wade Wilson, who after being subjected to a rogue experiment that leaves him with accelerated healing powers, adopts the alter ego Deadpool. Armed with his new abilities and a dark, twisted sense of humor, Deadpool hunts down the man who nearly destroyed his life.","Director":"Tim Miller","Title":"Deadpool","Actors":"Ryan Reynolds, Karan Soni, Ed Skrein, Michael Benyaer","Response":"True","Type":"movie","Awards":"Nominated for 2 Golden Globes. Another 28 wins & 75 nominations.","DVD":"N\/A","Year":"2016","Poster":"https:\/\/m.media-amazon.com\/images\/M\/MV5BYzE5MjY1ZDgtMTkyNC00MTMyLThhMjAtZGI5OTE1NzFlZGJjXkEyXkFqcGdeQXVyNjU0OTQ0OTY@._V1_SX300.jpg","Country":"USA","Genre":"Action, Adventure, Comedy, Sci-Fi","Writer":"Rhett Reese, Paul Wernick"}
