{"Metascore":"79","BoxOffice":"N\/A","Website":"N\/A","imdbRating":"8.1","imdbVotes":"416,362","Ratings":[{"Value":"8.1\/10","Source":"Internet Movie Database"},{"Value":"84%","Source":"Rotten Tomatoes"},{"Value":"79\/100","Source":"Metacritic"}],"Runtime":"128 min","Language":"English, Latin","Rated":"PG","Production":"Touchstone Pictures","Released":"09 Jun 1989","imdbID":"tt0097165","Plot":"Painfully shy Todd Anderson has been sent to the school where his popular older brother was valedictorian. His roommate, Neil Perry, although exceedingly bright and popular, is very much under the thumb of his overbearing father. The two, along with their other friends, meet Professor Keating, their new English teacher, who tells them of the Dead Poets Society, and encourages them to go against the status quo. Each does so in his own way, and is changed for life.","Director":"Peter Weir","Title":"Dead Poets Society","Actors":"Robin Williams, Robert Sean Leonard, Ethan Hawke, Josh Charles","Response":"True","Type":"movie","Awards":"Won 1 Oscar. Another 19 wins & 19 nominations.","DVD":"N\/A","Year":"1989","Poster":"https:\/\/m.media-amazon.com\/images\/M\/MV5BOGYwYWNjMzgtNGU4ZC00NWQ2LWEwZjUtMzE1Zjc3NjY3YTU1XkEyXkFqcGdeQXVyMTQxNzMzNDI@._V1_SX300.jpg","Country":"USA","Genre":"Comedy, Drama","Writer":"Tom Schulman"}
