{"Metascore":"52","BoxOffice":"N\/A","Website":"N\/A","imdbRating":"7.6","imdbVotes":"48,798","Ratings":[{"Value":"7.6\/10","Source":"Internet Movie Database"},{"Value":"58%","Source":"Rotten Tomatoes"},{"Value":"52\/100","Source":"Metacritic"}],"Runtime":"90 min","Language":"English","Rated":"Not Rated","Production":"Big Arty, Warp Films","Released":"01 Oct 2004","imdbID":"tt0419677","Plot":"Richard returns home from military service to a small town in the Midlands. He has one thing on his mind: revenge. Payback for the local bullies who did some very bad things to his brother. At first his campaign employs guerrilla tactics, designed to frighten the men and put them ill at ease. But then he steps up his operation, and one by one these local tough guys are picked off by the terrifying angel of vengeance that Richard has become.","Director":"Shane Meadows","Title":"Dead Man's Shoes","Actors":"Paddy Considine, Gary Stretch, Toby Kebbell, Stuart Wolfenden","Response":"True","Type":"movie","Awards":"4 wins & 13 nominations.","DVD":"N\/A","Year":"2004","Poster":"https:\/\/m.media-amazon.com\/images\/M\/MV5BMTI5Mzk1MDc2M15BMl5BanBnXkFtZTcwMjIzMDA0MQ@@._V1_SX300.jpg","Country":"UK","Genre":"Crime, Drama, Thriller","Writer":"Paddy Considine, Shane Meadows, Paul Fraser (additional material)"}
