{"Metascore":"62","BoxOffice":"N\/A","Website":"N\/A","imdbRating":"7.6","imdbVotes":"89,231","Ratings":[{"Value":"7.6\/10","Source":"Internet Movie Database"},{"Value":"71%","Source":"Rotten Tomatoes"},{"Value":"62\/100","Source":"Metacritic"}],"Runtime":"121 min","Language":"English, Cree","Rated":"R","Production":"Miramax Films","Released":"10 May 1996","imdbID":"tt0112817","Plot":"Dead Man is the story of a young man's journey, both physically and spiritually, into very unfamiliar terrain. William Blake travels to the extreme western frontiers of America sometime in the 2nd half of the 19th century. Lost and badly wounded, he encounters a very odd, outcast Native American, named \"Nobody\", who believes Blake is actually the dead English poet of the same name. The story, with Nobody's help, leads William Blake through situations that are in turn comical and violent. Contrary to his nature, circumstances transform Blake into a hunted outlaw, a killer, and a man whose physical existence is slowly slipping away. Thrown into a world that is cruel and chaotic, his eyes are opened to the fragility that defines the realm of the living. It is as though he passes through the surface of a mirror, and emerges into a previously-unknown world that exists on the other side.","Director":"Jim Jarmusch","Title":"Dead Man","Actors":"Johnny Depp, Gary Farmer, Crispin Glover, Lance Henriksen","Response":"True","Type":"movie","Awards":"5 wins & 14 nominations.","DVD":"N\/A","Year":"1995","Poster":"https:\/\/m.media-amazon.com\/images\/M\/MV5BYTJlZmQ1OTAtODQzZi00NGIzLWI1MmEtZGE4NjFlOWRhODIyXkEyXkFqcGdeQXVyNTc1NTQxODI@._V1_SX300.jpg","Country":"USA, Germany, Japan","Genre":"Adventure, Drama, Fantasy, Western","Writer":"Jim Jarmusch"}
