{"Metascore":"66","BoxOffice":"N\/A","Website":"N\/A","imdbRating":"7.7","imdbVotes":"467,009","Ratings":[{"Value":"7.7\/10","Source":"Internet Movie Database"},{"Value":"84%","Source":"Rotten Tomatoes"},{"Value":"66\/100","Source":"Metacritic"}],"Runtime":"119 min","Language":"English, Cantonese, Spanish, Russian","Rated":"R","Production":"Kinberg Genre, Maximum Effort","Released":"18 May 2018","imdbID":"tt5463162","Plot":"Foul-mouthed mutant mercenary Wade Wilson (a.k.a. Deadpool), brings together a team of fellow mutant rogues to protect a young boy with supernatural abilities from the brutal, time-traveling cyborg Cable.","Director":"David Leitch","Title":"Deadpool 2","Actors":"Ryan Reynolds, Josh Brolin, Morena Baccarin, Julian Dennison","Response":"True","Type":"movie","Awards":"6 wins & 51 nominations.","DVD":"N\/A","Year":"2018","Poster":"https:\/\/m.media-amazon.com\/images\/M\/MV5BNjk1Njk3YjctMmMyYS00Y2I4LThhMzktN2U0MTMyZTFlYWQ5XkEyXkFqcGdeQXVyODM2ODEzMDA@._V1_SX300.jpg","Country":"USA","Genre":"Action, Adventure, Comedy, Sci-Fi","Writer":"Rhett Reese, Paul Wernick, Ryan Reynolds"}
