{"Metascore":"N\/A","BoxOffice":"N\/A","Website":"N\/A","imdbRating":"4.0","imdbVotes":"200","Ratings":[{"Value":"4.0\/10","Source":"Internet Movie Database"}],"Runtime":"N\/A","Language":"Cantonese","Rated":"N\/A","Production":"N\/A","Released":"06 Sep 2007","imdbID":"tt1039892","Plot":"A nightmare begins when Rain, a young and beautiful university student, receives an SMS on her mobile phone - \"Do you know what the 19th Gate of Hell is?\" The same cryptic text message goes...","Director":"Miu-Suet Lai","Title":"Dei yuk dai sup gau tsang","Actors":"Gillian Chung, Vincy Chan, Patrick Tam, Shaun Tam","Response":"True","Type":"movie","Awards":"N\/A","DVD":"N\/A","Year":"2007","Poster":"https:\/\/m.media-amazon.com\/images\/M\/MV5BNGZhMWU0MWQtMDQ0NC00NGZmLTllZjktNGQ0NjM3YzcyNzEzXkEyXkFqcGdeQXVyNjczODM4MTc@._V1_SX300.jpg","Country":"Hong Kong","Genre":"Thriller","Writer":"Jun Cai (novel), Sap Sam Chan (screenplay), Miu-Suet Lai (screenplay)"}
