{"Metascore":"80","BoxOffice":"N\/A","Website":"N\/A","imdbRating":"7.7","imdbVotes":"97,254","Ratings":[{"Value":"7.7\/10","Source":"Internet Movie Database"},{"Value":"89%","Source":"Rotten Tomatoes"},{"Value":"80\/100","Source":"Metacritic"}],"Runtime":"109 min","Language":"English","Rated":"R","Production":"Warner Brothers\/Seven Arts","Released":"18 Aug 1972","imdbID":"tt0068473","Plot":"The Cahulawassee River valley in Northern Georgia is one of the last natural pristine areas of the state, which will soon change with the imminent building of a dam on the river, which in turn will flood much of the surrounding land. As such, four Atlanta city slickers - alpha male Lewis Medlock, generally even-keeled Ed Gentry, slightly condescending Bobby Trippe, and wide-eyed Drew Ballinger - decide to take a multi-day canoe trip on the river, with only Lewis and Ed having experience in outdoor life. They know going in that the area is ethno-culturally homogeneous and isolated, but don't understand the full extent of such until they arrive and see what they believe is the result of generations of inbreeding. Their relatively peaceful trip takes a turn for the worse when half way through they encounter a couple of hillbilly moonshiners. That encounter not only makes the four battle their way out of the valley intact and alive, but threatens the relationships of the four as they do and are asked to do things they never thought possible within themselves.","Director":"John Boorman","Title":"Deliverance","Actors":"Jon Voight, Burt Reynolds, Ned Beatty, Ronny Cox","Response":"True","Type":"movie","Awards":"Nominated for 3 Oscars. Another 3 wins & 12 nominations.","DVD":"N\/A","Year":"1972","Poster":"https:\/\/m.media-amazon.com\/images\/M\/MV5BZjBhYzU3NWItOWZjMy00NjI5LWFmYmItZmIyOWFlMDIxMWNiXkEyXkFqcGdeQXVyMTQxNzMzNDI@._V1_SX300.jpg","Country":"USA","Genre":"Adventure, Drama, Thriller","Writer":"James Dickey (screenplay), James Dickey (novel)"}
