{"Metascore":"72","BoxOffice":"N\/A","Website":"N\/A","imdbRating":"7.6","imdbVotes":"494,826","Ratings":[{"Value":"7.6\/10","Source":"Internet Movie Database"},{"Value":"81%","Source":"Rotten Tomatoes"},{"Value":"72\/100","Source":"Metacritic"}],"Runtime":"95 min","Language":"English","Rated":"PG","Production":"Chris Meledandri, Illumination Films","Released":"09 Jul 2010","imdbID":"tt1323594","Plot":"In a happy suburban neighborhood surrounded by white picket fences with flowering rose bushes, sits a black house with a dead lawn. Unbeknownst to the neighbors, hidden beneath this home is a vast secret hideout. Surrounded by a small army of minions, we discover Gru, planning the biggest heist in the history of the world. He is going to steal the moon. (Yes, the moon!) Gru delights in all things wicked. Armed with his arsenal of shrink rays, freeze rays, and battle-ready vehicles for land and air, he vanquishes all who stand in his way. Until the day he encounters the immense will of three little orphaned girls who look at him and see something that no one else has ever seen: a potential Dad. The world's greatest villain has just met his greatest challenge: three little girls named Margo, Edith and Agnes.","Director":"Pierre Coffin, Chris Renaud","Title":"Despicable Me","Actors":"Steve Carell, Jason Segel, Russell Brand, Julie Andrews","Response":"True","Type":"movie","Awards":"Nominated for 1 Golden Globe. Another 3 wins & 40 nominations.","DVD":"N\/A","Year":"2010","Poster":"https:\/\/m.media-amazon.com\/images\/M\/MV5BMTY3NjY0MTQ0Nl5BMl5BanBnXkFtZTcwMzQ2MTc0Mw@@._V1_SX300.jpg","Country":"USA, France","Genre":"Animation, Comedy, Crime, Family, Fantasy","Writer":"Cinco Paul (screenplay by), Ken Daurio (screenplay by), Sergio Pablos (based on a story by)"}
