{"Metascore":"52","BoxOffice":"N\/A","Website":"N\/A","imdbRating":"7.7","imdbVotes":"75,992","Ratings":[{"Value":"7.7\/10","Source":"Internet Movie Database"},{"Value":"57%","Source":"Rotten Tomatoes"},{"Value":"52\/100","Source":"Metacritic"}],"Runtime":"98 min","Language":"English","Rated":"Not Rated","Production":"Paper Street Films","Released":"01 Feb 2012","imdbID":"tt1683526","Plot":"Detachment is a chronicle of three weeks in the lives of several high school teachers, administrators and students through the eyes of a substitute teacher named Henry Barthes. Henry roams from school to school, imparting modes of knowledge, but never staying long enough to form any semblance of sentient attachment. A perfect profession for one seeking to hide out in the open. One day Henry arrives at his next assignment. Upon his entry into this particular school, a secret world of emotion is awakened within him by three women. A girl named Meredith in his first period. A fellow teacher Ms. Madison, and a street hooker named Erica, whom Henry has personally granted brief shelter from the streets. Each one of these women, like Henry, are in a life and death struggle to find beauty in a seemingly vicious and loveless world.","Director":"Tony Kaye","Title":"Detachment","Actors":"Adrien Brody, Marcia Gay Harden, James Caan, Christina Hendricks","Response":"True","Type":"movie","Awards":"8 wins & 4 nominations.","DVD":"N\/A","Year":"2011","Poster":"https:\/\/m.media-amazon.com\/images\/M\/MV5BMTM3NzQzMDA5Ml5BMl5BanBnXkFtZTcwODA5NTcyNw@@._V1_SX300.jpg","Country":"USA","Genre":"Drama","Writer":"Carl Lund"}
