{"Metascore":"58","BoxOffice":"N\/A","Website":"N\/A","imdbRating":"7.6","imdbVotes":"359,758","Ratings":[{"Value":"7.6\/10","Source":"Internet Movie Database"},{"Value":"59%","Source":"Rotten Tomatoes"},{"Value":"58\/100","Source":"Metacritic"}],"Runtime":"128 min","Language":"English, German, Romanian","Rated":"R","Production":"20th Century Fox, Cinergi Pictures Entertainment","Released":"19 May 1995","imdbID":"tt0112864","Plot":"John McClane is now almost a full-blown alcoholic and is suspended from the NYPD. But when a bomb goes off in the Bonwit Teller Department Store the police go insane trying to figure out what's going on. Soon, a man named Simon calls and asks for McClane. Simon tells Inspector Walter Cobb that McClane is going to play a game called \"Simon Says\". He says that McClane is going to do the tasks he assigns him. If not, he'll set off another bomb. With the help of a Harlem electrician, John McClane must race all over New York trying to figure out the frustrating puzzles that the crafty terrorist gives him. But when a bomb goes off in a subway station right by the Federal Reserve (the biggest gold storage in the world) things start to get heated.","Director":"John McTiernan","Title":"Die Hard with a Vengeance","Actors":"Bruce Willis, Jeremy Irons, Samuel L. Jackson, Graham Greene","Response":"True","Type":"movie","Awards":"2 wins & 3 nominations.","DVD":"N\/A","Year":"1995","Poster":"https:\/\/m.media-amazon.com\/images\/M\/MV5BZjI0ZWFiMmQtMjRlZi00ZmFhLWI4NmYtMjQ5YmY0MzIyMzRiXkEyXkFqcGdeQXVyMTQxNzMzNDI@._V1_SX300.jpg","Country":"USA","Genre":"Action, Adventure, Thriller","Writer":"Jonathan Hensleigh, Roderick Thorp (certain original characters)"}
