{"Metascore":"72","BoxOffice":"N\/A","Website":"N\/A","imdbRating":"8.2","imdbVotes":"774,756","Ratings":[{"Value":"8.2\/10","Source":"Internet Movie Database"},{"Value":"94%","Source":"Rotten Tomatoes"},{"Value":"72\/100","Source":"Metacritic"}],"Runtime":"132 min","Language":"English, German, Italian, Japanese","Rated":"R","Production":"Silver Pictures, Gordon Company","Released":"20 Jul 1988","imdbID":"tt0095016","Plot":"NYPD cop John McClane goes on a Christmas vacation to visit his wife Holly in Los Angeles where she works for the Nakatomi Corporation. While they are at the Nakatomi headquarters for a Christmas party, a group of bank robbers led by Hans Gruber take control of the building and hold everyone hostage, with the exception of John, while they plan to perform a lucrative heist. Unable to escape and with no immediate police response, John is forced to take matters into his own hands.","Director":"John McTiernan","Title":"Die Hard","Actors":"Bruce Willis, Bonnie Bedelia, Reginald VelJohnson, Paul Gleason","Response":"True","Type":"movie","Awards":"Nominated for 4 Oscars. Another 8 wins & 2 nominations.","DVD":"N\/A","Year":"1988","Poster":"https:\/\/m.media-amazon.com\/images\/M\/MV5BZjRlNDUxZjAtOGQ4OC00OTNlLTgxNmQtYTBmMDgwZmNmNjkxXkEyXkFqcGdeQXVyNzkwMjQ5NzM@._V1_SX300.jpg","Country":"USA","Genre":"Action, Thriller","Writer":"Roderick Thorp (novel), Jeb Stuart (screenplay), Steven E. de Souza (screenplay)"}
