{"Metascore":"90","BoxOffice":"N\/A","Website":"N\/A","imdbRating":"7.7","imdbVotes":"141,633","Ratings":[{"Value":"7.7\/10","Source":"Internet Movie Database"},{"Value":"89%","Source":"Rotten Tomatoes"},{"Value":"90\/100","Source":"Metacritic"}],"Runtime":"102 min","Language":"English","Rated":"R","Production":"Malpaso Company, Warner Brothers","Released":"23 Dec 1971","imdbID":"tt0066999","Plot":"In the year 1971, San Francisco faces the terror of a maniac known as Scorpio- who snipes at innocent victims and demands ransom through notes left at the scene of the crime. Inspector Harry Callahan (known as Dirty Harry by his peers through his reputation handling of homicidal cases) is assigned to the case along with his newest partner Inspector Chico Gonzalez to track down Scorpio and stop him. Using humiliation and cat and mouse type of games against Callahan, Scorpio is put to the test with the cop with a dirty attitude.","Director":"Don Siegel","Title":"Dirty Harry","Actors":"Clint Eastwood, Harry Guardino, Reni Santoni, John Vernon","Response":"True","Type":"movie","Awards":"2 wins & 4 nominations.","DVD":"N\/A","Year":"1971","Poster":"https:\/\/m.media-amazon.com\/images\/M\/MV5BMzdhMTM2YTItOWU2YS00MTM0LTgyNDYtMDM1OWM3NzkzNTM2XkEyXkFqcGdeQXVyNjc1NTYyMjg@._V1_SX300.jpg","Country":"USA","Genre":"Action, Crime, Thriller","Writer":"Harry Julian Fink (screenplay), Rita M. Fink (screenplay), Dean Riesner (screenplay), Harry Julian Fink (story), Rita M. Fink (story)"}
