{"Metascore":"N\/A","BoxOffice":"N\/A","Website":"N\/A","imdbRating":"N\/A","imdbVotes":"N\/A","Ratings":[],"Runtime":"77 min","Language":"English","Rated":"N\/A","Production":"N\/A","Released":"10 Mar 2019","imdbID":"tt10001870","Plot":"Disrupted Land deals with the troubled history and future of land ownership in South Africa.","Director":"Elrich Yssel","Title":"Disrupted Land","Actors":"N\/A","Response":"True","Type":"movie","Awards":"N\/A","DVD":"N\/A","Year":"2019","Poster":"https:\/\/m.media-amazon.com\/images\/M\/MV5BN2UyOTkzMjUtMjc2ZS00MDczLWEwYTItMjNkMmY1NTMyOTY5XkEyXkFqcGdeQXVyNjUwNzM5MzY@._V1_SX300.jpg","Country":"South Africa","Genre":"Documentary","Writer":"Ernst Roets"}
