{"Metascore":"81","BoxOffice":"N\/A","Website":"N\/A","imdbRating":"7.9","imdbVotes":"633,551","Ratings":[{"Value":"7.9\/10","Source":"Internet Movie Database"},{"Value":"90%","Source":"Rotten Tomatoes"},{"Value":"81\/100","Source":"Metacritic"}],"Runtime":"112 min","Language":"English, Nyanja, Afrikaans, Zulu, Xhosa, Southern Sotho","Rated":"R","Production":"WingNut Films","Released":"14 Aug 2009","imdbID":"tt1136608","Plot":"In 1982, a massive star ship bearing a bedraggled alien population, nicknamed \"The Prawns,\" appeared over Johannesburg, South Africa. Twenty-eight years later, the initial welcome by the human population has faded. The refugee camp where the aliens were located has deteriorated into a militarized ghetto called District 9, where they are confined and exploited in squalor. In 2010, the munitions corporation, Multi-National United, is contracted to forcibly evict the population with operative Wikus van der Merwe in charge. In this operation, Wikus is exposed to a strange alien chemical and must rely on the help of his only two new 'Prawn' friends.","Director":"Neill Blomkamp","Title":"District 9","Actors":"Sharlto Copley, Jason Cope, Nathalie Boltt, Sylvaine Strike","Response":"True","Type":"movie","Awards":"Nominated for 4 Oscars. Another 31 wins & 112 nominations.","DVD":"N\/A","Year":"2009","Poster":"https:\/\/m.media-amazon.com\/images\/M\/MV5BYmQ5MzFjYWMtMTMwNC00ZGU5LWI3YTQtYzhkMGExNGFlY2Q0XkEyXkFqcGdeQXVyNTIzOTk5ODM@._V1_SX300.jpg","Country":"South Africa, USA, New Zealand, Canada","Genre":"Action, Sci-Fi, Thriller","Writer":"Neill Blomkamp, Terri Tatchell"}
