{"Metascore":"81","BoxOffice":"N\/A","Website":"N\/A","imdbRating":"8.4","imdbVotes":"1,330,096","Ratings":[{"Value":"8.4\/10","Source":"Internet Movie Database"},{"Value":"87%","Source":"Rotten Tomatoes"},{"Value":"81\/100","Source":"Metacritic"}],"Runtime":"165 min","Language":"English, German, French, Italian","Rated":"R","Production":"A Band Apart","Released":"25 Dec 2012","imdbID":"tt1853728","Plot":"A German dentist buys the freedom of a slave and trains him with the intent to make him his deputy bounty hunter. Instead, he is led to the site of the slave's wife who belongs to a ruthless plantation owner.","Director":"Quentin Tarantino","Title":"Django Unchained","Actors":"Jamie Foxx, Christoph Waltz, Leonardo DiCaprio, Kerry Washington","Response":"True","Type":"movie","Awards":"Won 2 Oscars. Another 57 wins & 156 nominations.","DVD":"N\/A","Year":"2012","Poster":"https:\/\/m.media-amazon.com\/images\/M\/MV5BMjIyNTQ5NjQ1OV5BMl5BanBnXkFtZTcwODg1MDU4OA@@._V1_SX300.jpg","Country":"USA","Genre":"Drama, Western","Writer":"Quentin Tarantino"}
