{"Metascore":"69","BoxOffice":"N\/A","Website":"N\/A","imdbRating":"8.0","imdbVotes":"68,288","Ratings":[{"Value":"8.0\/10","Source":"Internet Movie Database"},{"Value":"84%","Source":"Rotten Tomatoes"},{"Value":"69\/100","Source":"Metacritic"}],"Runtime":"197 min","Language":"English, Russian, French","Rated":"PG-13","Production":"Metro Goldwyn Mayer","Released":"31 Dec 1965","imdbID":"tt0059113","Plot":"During the Russian Revolution, Yuri Zhivago, is a young doctor who has been raised by his aunt and uncle following his father's suicide. Yuri falls in love with beautiful Lara Guishar, who has been having an affair with her mother's lover, Victor Komarovsky, an unscrupulous businessman. Yuri, however, ends up marrying his cousin, Tonya. But when he and Lara meet again years later, the spark of love reignites.","Director":"David Lean","Title":"Doctor Zhivago","Actors":"Omar Sharif, Julie Christie, Geraldine Chaplin, Rod Steiger","Response":"True","Type":"movie","Awards":"Won 5 Oscars. Another 16 wins & 13 nominations.","DVD":"N\/A","Year":"1965","Poster":"https:\/\/m.media-amazon.com\/images\/M\/MV5BNzdmZTk4MTktZmExNi00OWEwLTgxZDctNTE4NWMwNjc1Nzg2XkEyXkFqcGdeQXVyNjc1NTYyMjg@._V1_SX300.jpg","Country":"Italy, USA","Genre":"Drama, Romance, War","Writer":"Boris Pasternak (novel), Robert Bolt (screenplay)"}
