{"Metascore":"86","BoxOffice":"N\/A","Website":"N\/A","imdbRating":"8.0","imdbVotes":"232,222","Ratings":[{"Value":"8.0\/10","Source":"Internet Movie Database"},{"Value":"96%","Source":"Rotten Tomatoes"},{"Value":"86\/100","Source":"Metacritic"}],"Runtime":"125 min","Language":"English","Rated":"R","Production":"Artists Entertainment Complex","Released":"25 Dec 1975","imdbID":"tt0072890","Plot":"Based upon a real-life story that happened in the early seventies in which the Chase Manhattan Bank in Gravesend, Brooklyn, was held siege by a bank robber determined to steal enough money for his male lover to undergo a sex change operation. On a hot summer afternoon, the First Savings Bank of Brooklyn is held up by Sonny and Sal, two down-and-out characters. Although the bank manager and female tellers agree not to interfere with the robbery, Sonny finds that there's actually nothing much to steal, as most of the cash has been picked up for the day. Sonny then gets an unexpected phone call from Police Captain Moretti, who tells him the place is surrounded by the city's entire police force. Having few options under the circumstances, Sonny nervously bargains with Moretti, demanding safe escort to the airport and a plane out of the country in return for the bank employees' safety.","Director":"Sidney Lumet","Title":"Dog Day Afternoon","Actors":"Penelope Allen, Sully Boyar, John Cazale, Beulah Garrick","Response":"True","Type":"movie","Awards":"Won 1 Oscar. Another 13 wins & 21 nominations.","DVD":"N\/A","Year":"1975","Poster":"https:\/\/m.media-amazon.com\/images\/M\/MV5BODExZmE2ZWItYTIzOC00MzI1LTgyNTktMDBhNmFhY2Y4OTQ3XkEyXkFqcGdeQXVyNjU0OTQ0OTY@._V1_SX300.jpg","Country":"USA","Genre":"Biography, Crime, Drama, Thriller","Writer":"Frank Pierson (screenplay), P.F. Kluge (based upon a magazine article by), Thomas Moore (based upon a magazine article by)"}
