{"Metascore":"88","BoxOffice":"N\/A","Website":"N\/A","imdbRating":"8.0","imdbVotes":"731,493","Ratings":[{"Value":"8.0\/10","Source":"Internet Movie Database"},{"Value":"86%","Source":"Rotten Tomatoes"},{"Value":"88\/100","Source":"Metacritic"}],"Runtime":"113 min","Language":"English","Rated":"R","Production":"Gaylord Films, Pandora Cinema, Adam Fields Productions, Flower Films","Released":"19 Jan 2001","imdbID":"tt0246578","Plot":"Donnie Darko doesn't get along too well with his family, his teachers and his classmates; but he does manage to find a sympathetic friend in Gretchen, who agrees to date him. He has a compassionate psychiatrist, who discovers hypnosis is the means to unlock hidden secrets. His other companion may not be a true ally. Donnie has a friend named Frank - a large bunny which only Donnie can see. When an engine falls off a plane and destroys his bedroom, Donnie is not there. Both the event, and Donnie's escape, seem to have been caused by supernatural events. Donnie's mental illness, if such it is, may never allow him to find out for sure.","Director":"Richard Kelly","Title":"Donnie Darko","Actors":"Jake Gyllenhaal, Holmes Osborne, Maggie Gyllenhaal, Daveigh Chase","Response":"True","Type":"movie","Awards":"11 wins & 16 nominations.","DVD":"N\/A","Year":"2001","Poster":"https:\/\/m.media-amazon.com\/images\/M\/MV5BZjZlZDlkYTktMmU1My00ZDBiLWFlNjEtYTBhNjVhOTM4ZjJjXkEyXkFqcGdeQXVyMTMxODk2OTU@._V1_SX300.jpg","Country":"USA","Genre":"Drama, Mystery, Sci-Fi, Thriller","Writer":"Richard Kelly"}
