{"Metascore":"76","BoxOffice":"N\/A","Website":"N\/A","imdbRating":"7.7","imdbVotes":"274,969","Ratings":[{"Value":"7.7\/10","Source":"Internet Movie Database"},{"Value":"88%","Source":"Rotten Tomatoes"},{"Value":"76\/100","Source":"Metacritic"}],"Runtime":"127 min","Language":"English, Italian, Japanese","Rated":"R","Production":"TriStar Pictures, Baltimore Pictures","Released":"28 Feb 1997","imdbID":"tt0119008","Plot":"This true story follows FBI agent Joe Pistone as he infiltrates the mafia of New York. Befriending Lefty Ruggiero, Pistone (under the name Donnie Brasco) is able to embed himself in a mafia faction led by Sonny Black. Ruggiero and Pistone become tight as the group goes about collecting money for 'the bosses'. Eventually, the group become big-time when Black himself becomes a boss; all the while, Pistone collects evidence. However, the trials and tribulations of the undercover work become more than Pistone can bear. His marriage falls apart, and to top it off, the mafia suspect a mole in the organization. The real dilemma is afforded to Pistone, who knows if he walks away from the mafia, Ruggiero will be the one punished.","Director":"Mike Newell","Title":"Donnie Brasco","Actors":"Al Pacino, Johnny Depp, Michael Madsen, Bruno Kirby","Response":"True","Type":"movie","Awards":"Nominated for 1 Oscar. Another 2 wins & 15 nominations.","DVD":"N\/A","Year":"1997","Poster":"https:\/\/m.media-amazon.com\/images\/M\/MV5BYzMzMDZkYWEtODIzNS00YjI3LTkxNTktOWEyZGM3ZWI2MWM4XkEyXkFqcGdeQXVyNzkwMjQ5NzM@._V1_SX300.jpg","Country":"USA","Genre":"Biography, Crime, Drama","Writer":"Joseph D. Pistone (book), Richard Woodley (book), Paul Attanasio (screenplay)"}
