{"Metascore":"93","BoxOffice":"N\/A","Website":"N\/A","imdbRating":"8.0","imdbVotes":"87,593","Ratings":[{"Value":"8.0\/10","Source":"Internet Movie Database"},{"Value":"93%","Source":"Rotten Tomatoes"},{"Value":"93\/100","Source":"Metacritic"}],"Runtime":"120 min","Language":"English, Italian, Spanish, Korean","Rated":"R","Production":"40 Acres &amp; A Mule Filmworks","Released":"21 Jul 1989","imdbID":"tt0097216","Plot":"This film looks at life in the Bedford-Stuyvesant district of Brooklyn on a hot summer Sunday. As he does everyday, Sal Fragione opens the pizza parlor he's owned for 25 years. The neighborhood has changed considerably in the time he's been there and is now composed primarily of African-Americans and Hispanics. His son Pino hates it there and would like nothing better than to relocate the eatery to their own neighborhood. For Sal however, the restaurant represents something that is part of his life and sees it as a part of the community. What begins as a simple complaint by one of his customers, Buggin Out - who wonders why he has only pictures of famous Italian-Americans on the wall when most of his customers are black - eventually disintegrates into violence as frustration seemingly brings out the worst in everyone.","Director":"Spike Lee","Title":"Do the Right Thing","Actors":"Danny Aiello, Ossie Davis, Ruby Dee, Richard Edson","Response":"True","Type":"movie","Awards":"Nominated for 2 Oscars. Another 20 wins & 15 nominations.","DVD":"N\/A","Year":"1989","Poster":"https:\/\/m.media-amazon.com\/images\/M\/MV5BODA2MjU1NTI1MV5BMl5BanBnXkFtZTgwOTU4ODIwMjE@._V1_SX300.jpg","Country":"USA","Genre":"Comedy, Drama","Writer":"Spike Lee"}
