{"Metascore":"75","BoxOffice":"N\/A","Website":"N\/A","imdbRating":"7.8","imdbVotes":"47,326","Ratings":[{"Value":"7.8\/10","Source":"Internet Movie Database"},{"Value":"87%","Source":"Rotten Tomatoes"},{"Value":"75\/100","Source":"Metacritic"}],"Runtime":"107 min","Language":"English, Italian, French","Rated":"R","Production":"Island Pictures","Released":"30 Oct 1986","imdbID":"tt0090967","Plot":"DJ Zack and pimp Jack end up in prison for being too laid-back to avoid being framed for crimes they didn't commit. They end up sharing a cell with eccentric Italian optimist Roberto, whose limited command of the English language is both entertaining and infuriating. More useful to them is the fact that Roberto knows an escape route.","Director":"Jim Jarmusch","Title":"Down by Law","Actors":"Tom Waits, John Lurie, Roberto Benigni, Nicoletta Braschi","Response":"True","Type":"movie","Awards":"4 wins & 6 nominations.","DVD":"N\/A","Year":"1986","Poster":"https:\/\/m.media-amazon.com\/images\/M\/MV5BM2ZmNDJiZTUtYjg5Zi00M2I3LTliZjAtNzQ4NTlkYTAzYTAxXkEyXkFqcGdeQXVyNTkyMDc0MjI@._V1_SX300.jpg","Country":"USA, West Germany","Genre":"Comedy, Crime, Drama","Writer":"Jim Jarmusch"}
