{"Metascore":"N\/A","BoxOffice":"N\/A","Website":"N\/A","imdbRating":"8.2","imdbVotes":"67,605","Ratings":[{"Value":"8.2\/10","Source":"Internet Movie Database"},{"Value":"80%","Source":"Rotten Tomatoes"}],"Runtime":"163 min","Language":"Hindi, English","Rated":"Not Rated","Production":"N\/A","Released":"31 Jul 2015","imdbID":"tt4430212","Plot":"Vijay Salgaonkar runs a cable TV network in a remote and hilly village of Goa. He lives a happy life with his wife Nandini and two daughters. A 4th grade dropout & an orphan, Vijay has worked his way towards success with his sheer hard-work & street smartness in order to provide for his family who mean the world to him. A man of few means & needs; Vijay believes life is to be lived simplistically - his wife, while she loves him devoutly, wants Vijay's thrifty & miserly behavior to end and wants the world for her family. If there's one thing that Vijay cannot live without, it is his passion for watching films. Such is his 'filmy' obsession that he doesn't mind staying up all night at his office binging on TV movies! In a bizarre turn of events; a teenage boy goes missing; he is the son of a headstrong & no-nonsense cop; IG Meera Deshmukh and the Salgaonkar family is the prime suspect! Will a humble & middle class man, be able to protect his family from oppression of the powerful? How the family weathers the storm that ensues during the violent investigation forms the rest of the story leading to an unexpected & shocking climax.","Director":"Nishikant Kamat","Title":"Drishyam","Actors":"Ajay Devgn, Shriya Saran, Tabu, Rajat Kapoor","Response":"True","Type":"movie","Awards":"1 win & 2 nominations.","DVD":"N\/A","Year":"2015","Poster":"https:\/\/m.media-amazon.com\/images\/M\/MV5BYmJhZmJlYTItZmZlNy00MGY0LTg0ZGMtNWFkYWU5NTA1YTNhXkEyXkFqcGdeQXVyODE5NzE3OTE@._V1_SX300.jpg","Country":"India","Genre":"Crime, Drama, Mystery, Thriller","Writer":"Jeethu Joseph (original story), Upendra Sidhaye (adapted by)"}
