{"Metascore":"78","BoxOffice":"N\/A","Website":"N\/A","imdbRating":"7.8","imdbVotes":"563,577","Ratings":[{"Value":"7.8\/10","Source":"Internet Movie Database"},{"Value":"92%","Source":"Rotten Tomatoes"},{"Value":"78\/100","Source":"Metacritic"}],"Runtime":"100 min","Language":"English, Spanish","Rated":"R","Production":"Marc Platt Productions, Motel Movies","Released":"16 Sep 2011","imdbID":"tt0780504","Plot":"A mysterious man who has multiple jobs as a garage mechanic, a Hollywood stuntman and a getaway driver seems to be trying to escape his shady past as he falls for his neighbor - whose husband is in prison and who's looking after her child alone. Meanwhile, his garage mechanic boss is trying to set up a race team using gangland money, which implicates our driver as he is to be used as the race team's main driver. Our hero gets more than he bargained for when he meets the man who is married to the woman he loves.","Director":"Nicolas Winding Refn","Title":"Drive","Actors":"Ryan Gosling, Carey Mulligan, Bryan Cranston, Albert Brooks","Response":"True","Type":"movie","Awards":"Nominated for 1 Oscar. Another 80 wins & 178 nominations.","DVD":"N\/A","Year":"2011","Poster":"https:\/\/m.media-amazon.com\/images\/M\/MV5BZjY5ZjQyMjMtMmEwOC00Nzc2LTllYTItMmU2MzJjNTg1NjY0XkEyXkFqcGdeQXVyNjQ1MTMzMDQ@._V1_SX300.jpg","Country":"USA","Genre":"Crime, Drama","Writer":"Hossein Amini (screenplay), James Sallis (book)"}
