{"Metascore":"97","BoxOffice":"N\/A","Website":"N\/A","imdbRating":"8.4","imdbVotes":"444,929","Ratings":[{"Value":"8.4\/10","Source":"Internet Movie Database"},{"Value":"98%","Source":"Rotten Tomatoes"},{"Value":"97\/100","Source":"Metacritic"}],"Runtime":"95 min","Language":"English, Russian","Rated":"PG","Production":"Hawk Films","Released":"29 Jan 1964","imdbID":"tt0057012","Plot":"Paranoid Brigadier General Jack D. Ripper of Burpelson Air Force Base, believing that fluoridation of the American water supply is a Soviet plot to poison the U.S. populace, is able to deploy through a back door mechanism a nuclear attack on the Soviet Union without the knowledge of his superiors, including the Chair of the Joint Chiefs of Staff, General Buck Turgidson, and President Merkin Muffley. Only Ripper knows the code to recall the B-52 bombers and he has shut down communication in and out of Burpelson as a measure to protect this attack. Ripper's executive officer, RAF Group Captain Lionel Mandrake (on exchange from Britain), who is being held at Burpelson by Ripper, believes he knows the recall codes if he can only get a message to the outside world. Meanwhile at the Pentagon War Room, key persons including Muffley, Turgidson and nuclear scientist and adviser, a former Nazi named Dr. Strangelove, are discussing measures to stop the attack or mitigate its blow-up into an all out nuclear war with the Soviets. Against Turgidson's wishes, Muffley brings Soviet Ambassador Alexi de Sadesky into the War Room, and get his boss, Soviet Premier Dimitri Kisov, on the hot line to inform him of what's going on. The Americans in the War Room are dismayed to learn that the Soviets have an as yet unannounced Doomsday Device to detonate if any of their key targets are hit. As Ripper, Mandrake and those in the War Room try and work the situation to their end goal, Major T.J. \"King\" Kong, one of the B-52 bomber pilots, is working on his own agenda of deploying his bomb where ever he can on enemy soil if he can't make it to his intended target.","Director":"Stanley Kubrick","Title":"Dr. Strangelove or: How I Learned to Stop Worrying and Love the Bomb","Actors":"Peter Sellers, George C. Scott, Sterling Hayden, Keenan Wynn","Response":"True","Type":"movie","Awards":"Nominated for 4 Oscars. Another 13 wins & 7 nominations.","DVD":"N\/A","Year":"1964","Poster":"https:\/\/m.media-amazon.com\/images\/M\/MV5BZWI3ZTMxNjctMjdlNS00NmUwLWFiM2YtZDUyY2I3N2MxYTE0XkEyXkFqcGdeQXVyNzkwMjQ5NzM@._V1_SX300.jpg","Country":"UK, USA","Genre":"Comedy","Writer":"Stanley Kubrick (screenplay), Terry Southern (screenplay), Peter George (screenplay), Peter George (based on the book: \"Red Alert\" by)"}
