{"Metascore":"94","BoxOffice":"N\/A","Website":"N\/A","imdbRating":"7.9","imdbVotes":"541,309","Ratings":[{"Value":"7.9\/10","Source":"Internet Movie Database"},{"Value":"92%","Source":"Rotten Tomatoes"},{"Value":"94\/100","Source":"Metacritic"}],"Runtime":"106 min","Language":"English, French, German","Rated":"PG-13","Production":"Warner Bros. Pictures, IMAX Corporation","Released":"21 Jul 2017","imdbID":"tt5013056","Plot":"Evacuation of Allied soldiers from Belgium, the British Empire, and France, who were cut off and surrounded by the German army from the beaches and harbor of Dunkirk, France, between May 26- June 04, 1940, during Battle of France in World War II.","Director":"Christopher Nolan","Title":"Dunkirk","Actors":"Fionn Whitehead, Damien Bonnard, Aneurin Barnard, Lee Armstrong","Response":"True","Type":"movie","Awards":"Won 3 Oscars. Another 64 wins & 230 nominations.","DVD":"N\/A","Year":"2017","Poster":"https:\/\/m.media-amazon.com\/images\/M\/MV5BN2YyZjQ0NTEtNzU5MS00NGZkLTg0MTEtYzJmMWY3MWRhZjM2XkEyXkFqcGdeQXVyMDA4NzMyOA@@._V1_SX300.jpg","Country":"UK, Netherlands, France, USA","Genre":"Action, Drama, History, Thriller, War","Writer":"Christopher Nolan"}
