{"Metascore":"82","BoxOffice":"N\/A","Website":"N\/A","imdbRating":"7.6","imdbVotes":"225,543","Ratings":[{"Value":"7.6\/10","Source":"Internet Movie Database"},{"Value":"89%","Source":"Rotten Tomatoes"},{"Value":"82\/100","Source":"Metacritic"}],"Runtime":"100 min","Language":"English, Russian, Turkish, Ukrainian, Urdu","Rated":"R","Production":"Serendipity Point Films","Released":"21 Sep 2007","imdbID":"tt0765443","Plot":"In London, the Russian pregnant teenager Tatiana arrives bleeding in a hospital, and the doctors save her baby only. The Russian descendant midwife Anna Khitrova finds Tatiana's diary written in Russian language in her belongings and decided to find her family to deliver the baby, she brings the diary home and ask her uncle Stepan to translate the document. Stepan refuses, but Anna finds a card of a restaurant owned by the Russian Semyon inside the diary and she visits the old man trying to find a lead to contact Tatiana's family. When she mentions the existence of the diary, Semyon immediately offers to translate the document. However, Stepan translates part of the diary and Anna discovers that Semyon and his sick son Kirill had raped Tatiana when she was fourteen years old and forced her to work as prostitute in a brothel of their own. Further, Semyon is the dangerous boss of the Russian mafia \"Vory v Zakone\", jeopardizing the safety of Anna and her family. Meanwhile, Semyon's driver Nikolai Luzhin gets close to Kirill and Semyon, climbing positions in the criminal organization, but he helps Anna, her family and the baby.","Director":"David Cronenberg","Title":"Eastern Promises","Actors":"Josef Altin, Mina E. Mina, Aleksandar Mikic, Sarah-Jeanne Labrosse","Response":"True","Type":"movie","Awards":"Nominated for 1 Oscar. Another 28 wins & 73 nominations.","DVD":"N\/A","Year":"2007","Poster":"https:\/\/m.media-amazon.com\/images\/M\/MV5BMTcwMzU0OTY3NF5BMl5BanBnXkFtZTYwNzkwNjg2._V1_SX300.jpg","Country":"UK, Canada, USA","Genre":"Action, Crime, Drama, Thriller","Writer":"Steven Knight (screenplay)"}
