{"Metascore":"71","BoxOffice":"N\/A","Website":"N\/A","imdbRating":"7.9","imdbVotes":"591,659","Ratings":[{"Value":"7.9\/10","Source":"Internet Movie Database"},{"Value":"91%","Source":"Rotten Tomatoes"},{"Value":"71\/100","Source":"Metacritic"}],"Runtime":"113 min","Language":"English","Rated":"PG-13","Production":"3 Arts Entertainment","Released":"06 Jun 2014","imdbID":"tt1631867","Plot":"An alien race has hit the Earth in an unrelenting assault, unbeatable by any military unit in the world. Major William Cage (Cruise) is an officer who has never seen a day of combat when he is unceremoniously dropped into what amounts to a suicide mission. Killed within minutes, Cage now finds himself inexplicably thrown into a time loop-forcing him to live out the same brutal combat over and over, fighting and dying again...and again. But with each battle, Cage becomes able to engage the adversaries with increasing skill, alongside Special Forces warrior Rita Vrataski (Blunt). And, as Cage and Vrataski take the fight to the aliens, each repeated encounter gets them one step closer to defeating the enemy!","Director":"Doug Liman","Title":"Edge of Tomorrow","Actors":"Tom Cruise, Emily Blunt, Brendan Gleeson, Bill Paxton","Response":"True","Type":"movie","Awards":"11 wins & 37 nominations.","DVD":"N\/A","Year":"2014","Poster":"https:\/\/m.media-amazon.com\/images\/M\/MV5BMTc5OTk4MTM3M15BMl5BanBnXkFtZTgwODcxNjg3MDE@._V1_SX300.jpg","Country":"USA, Canada","Genre":"Action, Adventure, Sci-Fi","Writer":"Christopher McQuarrie (screenplay by), Jez Butterworth (screenplay by), John-Henry Butterworth (screenplay by), Hiroshi Sakurazaka (based on the novel \"All You Need Is Kill\" by)"}
