{"Metascore":"74","BoxOffice":"N\/A","Website":"N\/A","imdbRating":"7.9","imdbVotes":"440,452","Ratings":[{"Value":"7.9\/10","Source":"Internet Movie Database"},{"Value":"90%","Source":"Rotten Tomatoes"},{"Value":"74\/100","Source":"Metacritic"}],"Runtime":"105 min","Language":"English","Rated":"PG-13","Production":"Twentieth Century Fox","Released":"14 Dec 1990","imdbID":"tt0099487","Plot":"In a castle high on top of a hill lives an inventor's greatest creation - Edward, a near-complete person. The creator died before he could finish Edward's hands; instead, he is left with metal scissors for hands. Since then, he has lived alone, until a kind lady called Peg discovers him and welcomes him into her home. At first, everyone welcomes him into the community, but soon things begin to take a change for the worse.","Director":"Tim Burton","Title":"Edward Scissorhands","Actors":"Johnny Depp, Winona Ryder, Dianne Wiest, Anthony Michael Hall","Response":"True","Type":"movie","Awards":"Nominated for 1 Oscar. Another 9 wins & 23 nominations.","DVD":"N\/A","Year":"1990","Poster":"https:\/\/m.media-amazon.com\/images\/M\/MV5BNDUxN2I5NDUtZjdlMC00NjlmLTg0OTQtNjk0NjAxZjFmZTUzXkEyXkFqcGdeQXVyMTQxNzMzNDI@._V1_SX300.jpg","Country":"USA","Genre":"Drama, Fantasy, Romance","Writer":"Tim Burton (story), Caroline Thompson (story), Caroline Thompson (screenplay)"}
