{"Metascore":"70","BoxOffice":"N\/A","Website":"N\/A","imdbRating":"7.8","imdbVotes":"163,971","Ratings":[{"Value":"7.8\/10","Source":"Internet Movie Database"},{"Value":"92%","Source":"Rotten Tomatoes"},{"Value":"70\/100","Source":"Metacritic"}],"Runtime":"127 min","Language":"English","Rated":"R","Production":"Touchstone Pictures","Released":"07 Oct 1994","imdbID":"tt0109707","Plot":"Because of his eccentric habits and bafflingly strange films, director Edward D. Wood Jr. is a Hollywood outcast. Nevertheless, with the help of the formerly famous Bela Lugosi and a devoted cast and crew of show-business misfits who believe in Ed's off-kilter vision, the filmmaker is able to bring his oversize dreams to cinematic life. Despite a lack of critical or commercial success, Ed and his friends manage to create an oddly endearing series of extremely low-budget films.","Director":"Tim Burton","Title":"Ed Wood","Actors":"Johnny Depp, Martin Landau, Sarah Jessica Parker, Patricia Arquette","Response":"True","Type":"movie","Awards":"Won 2 Oscars. Another 25 wins & 34 nominations.","DVD":"N\/A","Year":"1994","Poster":"https:\/\/m.media-amazon.com\/images\/M\/MV5BNTA5ZjdjNWUtZGUwNy00N2RhLWJiZmItYzFhYjU1NmYxNjY4XkEyXkFqcGdeQXVyMTQxNzMzNDI@._V1_SX300.jpg","Country":"USA","Genre":"Biography, Comedy, Drama","Writer":"Rudolph Grey (book), Scott Alexander, Larry Karaszewski"}
