{"Metascore":"33","BoxOffice":"N\/A","Website":"N\/A","imdbRating":"8.1","imdbVotes":"97,196","Ratings":[{"Value":"8.1\/10","Source":"Internet Movie Database"},{"Value":"53%","Source":"Rotten Tomatoes"},{"Value":"33\/100","Source":"Metacritic"}],"Runtime":"115 min","Language":"Portuguese, Greek, Latin, French, English, German, Italian, Spanish","Rated":"R","Production":"Quanta Centro de Produções, Zazen Producoes, Estúdios Mega, Weinstein Company, Universal Pictures","Released":"12 Oct 2007","imdbID":"tt0861739","Plot":"In 1997, before the visit of the pope to Rio de Janeiro, Captain Nascimento from BOPE (Special Police Operation Battalion) is assigned to eliminate the risks of the drug dealers in a dangerous slum nearby where the pope intends to be lodged. Captain Nascimento is trying to find a man to replace him because his wife is pregnant and he intends to quit the command and become a trainer of the new recruits. Meanwhile, the two idealistic friends Neto and Matias join the Military Police force expecting to become honest policemen and fight the criminals. However, they see only corruption, lack of competence and stupid bureaucracy in the Military Police, and after a serious incident in the Morro da Babilônia, they decide to join the BOPE. The lives of Capitain Nascimento, Neto and Matias are entwined along the next months, first in the tough training period and then in action against drug dealers. Nascimento believes that Neto could be his substitute, but his impulsive attitudes jeopardizes his choice. Later, the intelligent Matias seems to be the correct choice, but he needs to prove that he has heart.","Director":"José Padilha","Title":"Elite Squad","Actors":"Wagner Moura, André Ramiro, Caio Junqueira, Milhem Cortaz","Response":"True","Type":"movie","Awards":"47 wins & 17 nominations.","DVD":"N\/A","Year":"2007","Poster":"https:\/\/m.media-amazon.com\/images\/M\/MV5BYmI1ODU5ZjMtNWUyNC00YzllLThjNzktODE1M2E4OTVmY2E5XkEyXkFqcGdeQXVyMTExNzQzMDE0._V1_SX300.jpg","Country":"Brazil, USA, Argentina","Genre":"Action, Crime, Drama, Thriller","Writer":"André Batista (book), Bráulio Mantovani, José Padilha, Rodrigo Pimentel (book), Rodrigo Pimentel, Luiz Eduardo Soares (book)"}
