{"Metascore":"62","BoxOffice":"N\/A","Website":"N\/A","imdbRating":"7.7","imdbVotes":"114,354","Ratings":[{"Value":"7.7\/10","Source":"Internet Movie Database"},{"Value":"75%","Source":"Rotten Tomatoes"},{"Value":"62\/100","Source":"Metacritic"}],"Runtime":"153 min","Language":"English, Japanese, Mandarin, Shanghainese","Rated":"PG","Production":"Warner Brothers\/Seven Arts","Released":"25 Dec 1987","imdbID":"tt0092965","Plot":"Based on J. G. Ballard's autobiographical novel, tells the story of a boy, James Graham, whose privileged life is upturned by the Japanese invasion of Shanghai, December 8, 1941. Separated from his parents, he is eventually captured, and taken to Soo Chow confinement camp, next to a captured Chinese airfield. Amidst the sickness and food shortages in the camp, Jim attempts to reconstruct his former life, all the while bringing spirit and dignity to those around him.","Director":"Steven Spielberg","Title":"Empire of the Sun","Actors":"Christian Bale, John Malkovich, Miranda Richardson, Nigel Havers","Response":"True","Type":"movie","Awards":"Nominated for 6 Oscars. Another 13 wins & 11 nominations.","DVD":"N\/A","Year":"1987","Poster":"https:\/\/m.media-amazon.com\/images\/M\/MV5BMmQwNzczZDItNmI0OS00MjRmLTliYWItZWIyMjk1MTU4ZTQ4L2ltYWdlXkEyXkFqcGdeQXVyNTAyODkwOQ@@._V1_SX300.jpg","Country":"USA","Genre":"Action, Drama, History, War","Writer":"Tom Stoppard (screenplay), J.G. Ballard (novel)"}
