{"Metascore":"68","BoxOffice":"N\/A","Website":"N\/A","imdbRating":"7.6","imdbVotes":"225,913","Ratings":[{"Value":"7.6\/10","Source":"Internet Movie Database"},{"Value":"85%","Source":"Rotten Tomatoes"},{"Value":"68\/100","Source":"Metacritic"}],"Runtime":"109 min","Language":"English, Spanish","Rated":"R","Production":"Le Grisbi","Released":"21 Sep 2012","imdbID":"tt1855199","Plot":"In South Central Los Angeles, street cops Brian and Mike are partners - balls-out cowboys patrolling the streets as Latino gangs are in a power struggle with Blacks. Brian and Mike get lucky a couple of times, making big drug and human-trafficking busts, so a Mexican cartel orders their deaths. We meet Mike's pregnant wife (whom he married out of high school) and watch Brian's search for a soul mate. There are internal squabbles within the ranks of the LAPD and lots of squad-car conversation. Can the lads escape the cartel's murderous reach?","Director":"David Ayer","Title":"End of Watch","Actors":"Jake Gyllenhaal, Michael Peña, Natalie Martinez, Anna Kendrick","Response":"True","Type":"movie","Awards":"3 wins & 10 nominations.","DVD":"N\/A","Year":"2012","Poster":"https:\/\/m.media-amazon.com\/images\/M\/MV5BMjMxNjU0ODU5Ml5BMl5BanBnXkFtZTcwNjI4MzAyOA@@._V1_SX300.jpg","Country":"USA","Genre":"Action, Crime, Drama, Thriller","Writer":"David Ayer"}
