{"Metascore":"53","BoxOffice":"N\/A","Website":"N\/A","imdbRating":"7.6","imdbVotes":"239,879","Ratings":[{"Value":"7.6\/10","Source":"Internet Movie Database"},{"Value":"53%","Source":"Rotten Tomatoes"},{"Value":"53\/100","Source":"Metacritic"}],"Runtime":"131 min","Language":"English, German, Russian","Rated":"R","Production":"DOS, KC Medien AG, Paramount Pictures, Mandalay Pictures, Swanford Films, Little Bird, Reperage","Released":"16 Mar 2001","imdbID":"tt0215750","Plot":"In World War II, the fall of Stalingrad will mean the collapse of the whole country. The Germans and Russians are fighting over every block, leaving only ruins behind. The Russian sniper Vassili Zaitsev stalks the Germans, taking them out one by one, thus hurting the morale of the German troops. The political officer Danilov leads him on, publishing his efforts to give his countrymen some hope. But Vassili eventually start to feel that he can not live up to the expectations on him. He and Danilov fall in love with the same girl, Tanya, a female soldier. From Germany comes the master sniper König to put an end to the extraordinary skilled Russian sniper.","Director":"Jean-Jacques Annaud","Title":"Enemy at the Gates","Actors":"Jude Law, Ed Harris, Rachel Weisz, Joseph Fiennes","Response":"True","Type":"movie","Awards":"7 nominations.","DVD":"N\/A","Year":"2001","Poster":"https:\/\/m.media-amazon.com\/images\/M\/MV5BYWFlY2E3ODQtZWNiNi00ZGU4LTkzNWEtZTQ2ZTViMWRhYjIzL2ltYWdlXkEyXkFqcGdeQXVyNTAyODkwOQ@@._V1_SX300.jpg","Country":"Ireland, UK, France, Germany, USA","Genre":"Drama, History, War","Writer":"Jean-Jacques Annaud, Alain Godard"}
