{"Metascore":"83","BoxOffice":"N\/A","Website":"N\/A","imdbRating":"7.7","imdbVotes":"94,999","Ratings":[{"Value":"7.7\/10","Source":"Internet Movie Database"},{"Value":"94%","Source":"Rotten Tomatoes"},{"Value":"83\/100","Source":"Metacritic"}],"Runtime":"102 min","Language":"English, Cantonese","Rated":"R","Production":"Warner Brothers, Concord Productions Inc.","Released":"19 Aug 1973","imdbID":"tt0070034","Plot":"Enter the Dragon revolves around the three main characters. Lee, a man recruited by an agency to investigate a tournament hosted by Han, since they believe he has an Opium trade there. Roper and Williams are former army buddies since Vietnam and they enter the tournament due to different problems that they have. Roper is on the run from the Mafia due to his gambling debts, while Williams is harassed by racist police officers and defends himself from them and uses the car for his getaway. It is a deadly tournament that they will enter on an island. Lee's job is to get the other two out of there alive.","Director":"Robert Clouse","Title":"Enter the Dragon","Actors":"Bruce Lee, John Saxon, Jim Kelly, Ahna Capri","Response":"True","Type":"movie","Awards":"1 win.","DVD":"N\/A","Year":"1973","Poster":"https:\/\/m.media-amazon.com\/images\/M\/MV5BNGZiMTkyNzQtMDdmZi00ZDNkLWE4YTAtZGNlNTIzYzQyMGM2XkEyXkFqcGdeQXVyNjc1NTYyMjg@._V1_SX300.jpg","Country":"Hong Kong, USA","Genre":"Action, Crime, Drama, Thriller","Writer":"Michael Allin"}
