{"Metascore":"76","BoxOffice":"N\/A","Website":"N\/A","imdbRating":"7.6","imdbVotes":"118,454","Ratings":[{"Value":"7.6\/10","Source":"Internet Movie Database"},{"Value":"96%","Source":"Rotten Tomatoes"},{"Value":"76\/100","Source":"Metacritic"}],"Runtime":"112 min","Language":"English","Rated":"PG","Production":"Paramount, Paramount Pictures International","Released":"22 Jun 1979","imdbID":"tt0079116","Plot":"The true story of three inmates who attempt a daring escape from the infamous prison, Alcatraz Island. Although no-one had managed to escape before, bank robber Frank Morris masterminded this elaborately detailed and, as far as anyone knows, ultimately successful, escape. In 29 years, this seemingly impenetrable federal penitentiary, which housed Al Capone and \"Birdman\" Robert Stroud, was only broken once by three inmates never heard of again.","Director":"Don Siegel","Title":"Escape from Alcatraz","Actors":"Clint Eastwood, Patrick McGoohan, Roberts Blossom, Jack Thibeau","Response":"True","Type":"movie","Awards":"N\/A","DVD":"N\/A","Year":"1979","Poster":"https:\/\/m.media-amazon.com\/images\/M\/MV5BNDQ3MzNjMDItZjE0ZS00ZTYxLTgxNTAtM2I4YjZjNWFjYjJlL2ltYWdlXkEyXkFqcGdeQXVyNTAyODkwOQ@@._V1_SX300.jpg","Country":"USA","Genre":"Action, Biography, Crime, Drama, Thriller","Writer":"J. Campbell Bruce (book), Richard Tuggle (screenplay)"}
