{"Metascore":"89","BoxOffice":"N\/A","Website":"N\/A","imdbRating":"8.3","imdbVotes":"900,135","Ratings":[{"Value":"8.3\/10","Source":"Internet Movie Database"},{"Value":"93%","Source":"Rotten Tomatoes"},{"Value":"89\/100","Source":"Metacritic"}],"Runtime":"108 min","Language":"English","Rated":"R","Production":"Anonymous Content, Focus Features, Blue Ruin, This Is That Productions","Released":"19 Mar 2004","imdbID":"tt0338013","Plot":"A man, Joel Barish, heartbroken that his girlfriend Clementine underwent a procedure to erase him from her memory, decides to do the same. However, as he watches his memories of her fade away, he realizes that he still loves her, and may be too late to correct his mistake.","Director":"Michel Gondry","Title":"Eternal Sunshine of the Spotless Mind","Actors":"Jim Carrey, Kate Winslet, Gerry Robert Byrne, Elijah Wood","Response":"True","Type":"movie","Awards":"Won 1 Oscar. Another 72 wins & 111 nominations.","DVD":"N\/A","Year":"2004","Poster":"https:\/\/m.media-amazon.com\/images\/M\/MV5BMTY4NzcwODg3Nl5BMl5BanBnXkFtZTcwNTEwOTMyMw@@._V1_SX300.jpg","Country":"USA","Genre":"Drama, Romance, Sci-Fi","Writer":"Charlie Kaufman (story), Michel Gondry (story), Pierre Bismuth (story), Charlie Kaufman (screenplay)"}
