{"Metascore":"91","BoxOffice":"N\/A","Website":"N\/A","imdbRating":"7.8","imdbVotes":"366,831","Ratings":[{"Value":"7.8\/10","Source":"Internet Movie Database"},{"Value":"98%","Source":"Rotten Tomatoes"},{"Value":"91\/100","Source":"Metacritic"}],"Runtime":"115 min","Language":"English","Rated":"PG","Production":"Universal Pictures","Released":"11 Jun 1982","imdbID":"tt0083866","Plot":"After a gentle alien becomes stranded on Earth, the being is discovered and befriended by a young boy named Elliott. Bringing the extraterrestrial into his suburban California house, Elliott introduces E.T., as the alien is dubbed, to his brother and his little sister, Gertie, and the children decide to keep its existence a secret. Soon, however, E.T. falls ill, resulting in government intervention and a dire situation for both Elliott and the alien.","Director":"Steven Spielberg","Title":"E.T. the Extra-Terrestrial","Actors":"Dee Wallace, Henry Thomas, Peter Coyote, Robert MacNaughton","Response":"True","Type":"movie","Awards":"Won 4 Oscars. Another 47 wins & 36 nominations.","DVD":"N\/A","Year":"1982","Poster":"https:\/\/m.media-amazon.com\/images\/M\/MV5BMTQ2ODFlMDAtNzdhOC00ZDYzLWE3YTMtNDU4ZGFmZmJmYTczXkEyXkFqcGdeQXVyMTQxNzMzNDI@._V1_SX300.jpg","Country":"USA","Genre":"Family, Sci-Fi","Writer":"Melissa Mathison"}
