{"Metascore":"72","BoxOffice":"N\/A","Website":"N\/A","imdbRating":"7.8","imdbVotes":"146,918","Ratings":[{"Value":"7.8\/10","Source":"Internet Movie Database"},{"Value":"95%","Source":"Rotten Tomatoes"},{"Value":"72\/100","Source":"Metacritic"}],"Runtime":"84 min","Language":"English, Latin","Rated":"R","Production":"Renaissance Pictures, De Laurentiis","Released":"13 Mar 1987","imdbID":"tt0092991","Plot":"Ashley Williams travels to a secluded cabin in the woods with his girlfriend Linda where they find a tape recording of a professor and a book of evil. This unleashes a bunch of evil spirits that constantly terrorize Ash. Meanwhile a journalist comes to the area to study the book of evil. Ash and her end up having to survive this swarm of evil until morning comes.","Director":"Sam Raimi","Title":"Evil Dead II","Actors":"Bruce Campbell, Sarah Berry, Dan Hicks, Kassie Wesley DePaiva","Response":"True","Type":"movie","Awards":"5 nominations.","DVD":"N\/A","Year":"1987","Poster":"https:\/\/m.media-amazon.com\/images\/M\/MV5BMWY3ODZlOGMtNzJmOS00ZTNjLWI3ZWEtZTJhZTk5NDZjYWRjXkEyXkFqcGdeQXVyNjU0OTQ0OTY@._V1_SX300.jpg","Country":"USA","Genre":"Action, Comedy, Fantasy, Horror, Thriller","Writer":"Sam Raimi, Scott Spiegel"}
