{"Metascore":"78","BoxOffice":"N\/A","Website":"N\/A","imdbRating":"7.7","imdbVotes":"467,446","Ratings":[{"Value":"7.7\/10","Source":"Internet Movie Database"},{"Value":"92%","Source":"Rotten Tomatoes"},{"Value":"78\/100","Source":"Metacritic"}],"Runtime":"108 min","Language":"English","Rated":"R","Production":"DNA Films","Released":"24 Apr 2015","imdbID":"tt0470752","Plot":"Caleb, a 26 year old programmer at the world's largest internet company, wins a competition to spend a week at a private mountain retreat belonging to Nathan, the reclusive CEO of the company. But when Caleb arrives at the remote location he finds that he will have to participate in a strange and fascinating experiment in which he must interact with the world's first true artificial intelligence, housed in the body of a beautiful robot girl.","Director":"Alex Garland","Title":"Ex Machina","Actors":"Domhnall Gleeson, Alicia Vikander, Oscar Isaac, Sonoya Mizuno","Response":"True","Type":"movie","Awards":"Won 1 Oscar. Another 71 wins & 156 nominations.","DVD":"N\/A","Year":"2014","Poster":"https:\/\/m.media-amazon.com\/images\/M\/MV5BMTUxNzc0OTIxMV5BMl5BanBnXkFtZTgwNDI3NzU2NDE@._V1_SX300.jpg","Country":"UK","Genre":"Drama, Sci-Fi, Thriller","Writer":"Alex Garland"}
