{"Metascore":"56","BoxOffice":"N\/A","Website":"N\/A","imdbRating":"7.6","imdbVotes":"168,065","Ratings":[{"Value":"7.6\/10","Source":"Internet Movie Database"},{"Value":"73%","Source":"Rotten Tomatoes"},{"Value":"56\/100","Source":"Metacritic"}],"Runtime":"113 min","Language":"English, Spanish, Korean","Rated":"R","Production":"Regency Enterprises, Warner Bros., Le Studio Canal +, Alcor Films","Released":"26 Feb 1993","imdbID":"tt0106856","Plot":"On the day of his daughter's (Joey Hope Singer) birthday, William \"D-Fens\" Foster (Michael Douglas) is trying to get to his estranged ex-wife's (Barbara Hershey) house to see his daughter. He has a breakdown and leaves his car in a traffic jam in Los Angeles and decides to walk. Along the way he stops at a convenience store and tries to get some change for a phone call but the owner, Mister Lee (Michael Paul Chan), does not give him change. This destabilizes William who then breaks apart the shop with a baseball bat and goes to an isolated place to drink a coke. Two gangsters (Agustin Rodriguez & Eddie Frias) threaten him and he reacts by hitting them with the bat. D-FENS continues walking and stops at a phone booth. The gangsters hunt him down with their gang and shoot at him but crash their car. William goes nuts and takes their gym bag with weapons proceeding in his journey of rage against injustice. Meanwhile Sergeant Martin Prendergast (Robert Duvall), who is working on his last day before retirement, is following the wave of crimes and believes that the same man is responsible but the other detectives do not pay attention to him.","Director":"Joel Schumacher","Title":"Falling Down","Actors":"Michael Douglas, Robert Duvall, Barbara Hershey, Rachel Ticotin","Response":"True","Type":"movie","Awards":"1 win & 2 nominations.","DVD":"N\/A","Year":"1993","Poster":"https:\/\/m.media-amazon.com\/images\/M\/MV5BYjcxMzM3OWMtNmM3Yy00YzBkLTkxMmQtMDk4MmM3Y2Y4MDliL2ltYWdlXkEyXkFqcGdeQXVyMTQxNzMzNDI@._V1_SX300.jpg","Country":"France, USA, UK","Genre":"Action, Crime, Drama, Thriller","Writer":"Ebbe Roe Smith"}
