{"Metascore":"71","BoxOffice":"N\/A","Website":"N\/A","imdbRating":"7.7","imdbVotes":"24,912","Ratings":[{"Value":"7.7\/10","Source":"Internet Movie Database"},{"Value":"95%","Source":"Rotten Tomatoes"},{"Value":"71\/100","Source":"Metacritic"}],"Runtime":"99 min","Language":"Min Nan, Japanese, English, Cantonese, Mandarin","Rated":"R","Production":"Jet Tone Productions, Chan Ye-Cheng","Released":"30 Jan 1998","imdbID":"tt0112913","Plot":"A disillusioned killer embarks on his last hit but first he has to overcome his affections for his cool, detached partner. Thinking it's dangerous and improper to become involved with a colleague he sets out to find a surrogate for his affections. Against the sordid and surreal urban nightscape (set in contemporary Hong Kong), he crosses path with a strange drifter looking for her mysterious ex-boyfriend and an amusing mute trying to get the world's attention in his own unconventional ways.","Director":"Kar-Wai Wong","Title":"Fallen Angels","Actors":"Leon Lai, Michelle Reis, Takeshi Kaneshiro, Charlie Yeung","Response":"True","Type":"movie","Awards":"8 wins & 15 nominations.","DVD":"N\/A","Year":"1995","Poster":"https:\/\/m.media-amazon.com\/images\/M\/MV5BMTc3NzI0MzQ3M15BMl5BanBnXkFtZTcwMzA0MDMzNA@@._V1_SX300.jpg","Country":"Hong Kong","Genre":"Comedy, Crime, Drama, Romance","Writer":"Kar-Wai Wong"}
