{"Metascore":"83","BoxOffice":"N\/A","Website":"N\/A","imdbRating":"7.9","imdbVotes":"194,770","Ratings":[{"Value":"7.9\/10","Source":"Internet Movie Database"},{"Value":"93%","Source":"Rotten Tomatoes"},{"Value":"83\/100","Source":"Metacritic"}],"Runtime":"87 min","Language":"English, French","Rated":"PG","Production":"American Empirical Pictures","Released":"25 Nov 2009","imdbID":"tt0432283","Plot":"It is the story of one Mr. Fox and his wild-ways of hen heckling, turkey taking and cider sipping, nocturnal, instinctive adventures. He has to put his wild days behind him and do what fathers do best: be responsible. He is too rebellious. He is too wild. He is going to try \"just one more raid\" on the three nastiest, meanest farmers that are Boggis, Bunce and Bean. It is a tale of crossing the line of family responsibilities and midnight adventure and the friendships and awakenings of this country life that is inhabited by Fantastic Mr. Fox and his friends.","Director":"Wes Anderson","Title":"Fantastic Mr. Fox","Actors":"George Clooney, Meryl Streep, Jason Schwartzman, Bill Murray","Response":"True","Type":"movie","Awards":"Nominated for 2 Oscars. Another 32 wins & 61 nominations.","DVD":"N\/A","Year":"2009","Poster":"https:\/\/m.media-amazon.com\/images\/M\/MV5BOGUwYTU4NGEtNDM4MS00NDRjLTkwNmQtOTkwMWMyMjhmMjdlXkEyXkFqcGdeQXVyMTMxODk2OTU@._V1_SX300.jpg","Country":"USA, UK","Genre":"Animation, Adventure, Comedy, Crime, Drama, Family","Writer":"Roald Dahl (novel), Wes Anderson (screenplay), Noah Baumbach (screenplay)"}
