{"Metascore":"85","BoxOffice":"N\/A","Website":"N\/A","imdbRating":"8.1","imdbVotes":"607,430","Ratings":[{"Value":"8.1\/10","Source":"Internet Movie Database"},{"Value":"94%","Source":"Rotten Tomatoes"},{"Value":"85\/100","Source":"Metacritic"}],"Runtime":"98 min","Language":"English","Rated":"R","Production":"Gramercy Pictures, PolyGram Filmed Entertainment","Released":"05 Apr 1996","imdbID":"tt0116282","Plot":"Jerry works in his father-in-law's car dealership and has gotten himself in financial problems. He tries various schemes to come up with money needed for a reason that is never really explained. It has to be assumed that his huge embezzlement of money from the dealership is about to be discovered by father-in-law. When all else falls through, plans he set in motion earlier for two men to kidnap his wife for ransom to be paid by her wealthy father (who doesn't seem to have the time of day for son-in-law). From the moment of the kidnapping, things go wrong and what was supposed to be a non-violent affair turns bloody with more blood added by the minute. Jerry is upset at the bloodshed, which turns loose a pregnant sheriff from Brainerd, MN who is tenacious in attempting to solve the three murders in her jurisdiction.","Director":"Joel Coen, Ethan Coen","Title":"Fargo","Actors":"William H. Macy, Steve Buscemi, Peter Stormare, Kristin Rudrüd","Response":"True","Type":"movie","Awards":"Won 2 Oscars. Another 81 wins & 58 nominations.","DVD":"N\/A","Year":"1996","Poster":"https:\/\/m.media-amazon.com\/images\/M\/MV5BNDJiZDgyZjctYmRjMS00ZjdkLTkwMTEtNGU1NDg3NDQ0Yzk1XkEyXkFqcGdeQXVyNzkwMjQ5NzM@._V1_SX300.jpg","Country":"USA, UK","Genre":"Crime, Drama, Thriller","Writer":"Ethan Coen, Joel Coen"}
