{"Metascore":"70","BoxOffice":"N\/A","Website":"N\/A","imdbRating":"7.6","imdbVotes":"72,447","Ratings":[{"Value":"7.6\/10","Source":"Internet Movie Database"},{"Value":"73%","Source":"Rotten Tomatoes"},{"Value":"70\/100","Source":"Metacritic"}],"Runtime":"104 min","Language":"Mandarin, Japanese, English","Rated":"PG-13","Production":"China Film","Released":"22 Sep 2006","imdbID":"tt0446059","Plot":"Martial arts legend Huo Yuanjia became the most famous fighter in all of China at the turn of the 20th Century. Huo faced personal tragedy but ultimately fought his way out of darkness and into history, defining the true spirit of martial arts. His self-discovery, and the choices he made, inspired his nation. The son of a great fighter who did not wish for his child to follow in his footsteps, the bullied Huo Yuanjia resolves to teach himself how to fight - and win. Years of training enable him to ace match after match in his home region of Tianjin. But as his fame as a martial arts master grows, so does his pride. After an ill-advised fight leads to another master's death, members of Huo's family are slain in revenge. Grieving and ashamed, Huo wanders the country in shock. Near death, he is rescued by women from an idyllic village, and is offered simple kindness and generosity that help him heal and regain his equilibrium over a period of several years. Huo realizes that the future of martial arts lies in sportsmanship and not brutality, and he rejoins society to apply what he has learned. Returning to Tianjin, Huo takes steps to come to terms with his past and restore his family's name. His evolving, graceful Mizong (Missing) Fist method of fighting brings Huo renewed success, and he forms the progressive Jingwu Sports Federation. Taking note, duplicitous members of the Foreign Chamber of Commerce engineer a Shanghai tournament pitting Huo against four fighters, each representing the major foreign powers in China. Huo commits to the bout and faces off against, respectively, a British boxer, a Spanish swordsman, a Belgian soldier, and a Japanese martial artist. What happened that day in 1910 has never been, and will never be, forgotten in China.","Director":"Ronny Yu","Title":"Fearless","Actors":"Jet Li, Li Sun, Yong Dong, Yun Qu","Response":"True","Type":"movie","Awards":"6 wins & 12 nominations.","DVD":"N\/A","Year":"2006","Poster":"https:\/\/m.media-amazon.com\/images\/M\/MV5BMTI5MjA2Mzk2M15BMl5BanBnXkFtZTcwODY1MDUzMQ@@._V1_SX300.jpg","Country":"China, Hong Kong, USA","Genre":"Action, Biography, Drama, Sport","Writer":"Chris Chow, Richard Epcar, Chi-long To"}
