{"Metascore":"41","BoxOffice":"N\/A","Website":"N\/A","imdbRating":"7.6","imdbVotes":"256,975","Ratings":[{"Value":"7.6\/10","Source":"Internet Movie Database"},{"Value":"49%","Source":"Rotten Tomatoes"},{"Value":"41\/100","Source":"Metacritic"}],"Runtime":"118 min","Language":"English","Rated":"R","Production":"Rhino Films","Released":"22 May 1998","imdbID":"tt0120669","Plot":"The big-screen version of Hunter S. Thompson's seminal psychedelic classic about his road trip across Western America as he and his large Samoan lawyer searched desperately for the \"American dream\"... they were helped in large part by the huge amount of drugs and alcohol kept in their convertible, The Red Shark.","Director":"Terry Gilliam","Title":"Fear and Loathing in Las Vegas","Actors":"Johnny Depp, Benicio Del Toro, Tobey Maguire, Michael Lee Gogin","Response":"True","Type":"movie","Awards":"1 win & 3 nominations.","DVD":"N\/A","Year":"1998","Poster":"https:\/\/m.media-amazon.com\/images\/M\/MV5BNjA2ZDY3ZjYtZmNiMC00MDU5LTgxMWEtNzk1YmI3NzdkMTU0XkEyXkFqcGdeQXVyNjQyMjcwNDM@._V1_SX300.jpg","Country":"USA","Genre":"Adventure, Comedy, Drama","Writer":"Hunter S. Thompson (book), Terry Gilliam (screenplay), Tony Grisoni (screenplay), Tod Davies (screenplay), Alex Cox (screenplay)"}
