{"Metascore":"61","BoxOffice":"N\/A","Website":"N\/A","imdbRating":"7.8","imdbVotes":"317,874","Ratings":[{"Value":"7.8\/10","Source":"Internet Movie Database"},{"Value":"81%","Source":"Rotten Tomatoes"},{"Value":"61\/100","Source":"Metacritic"}],"Runtime":"103 min","Language":"English, German","Rated":"PG-13","Production":"Paramount Pictures","Released":"11 Jun 1986","imdbID":"tt0091042","Plot":"High school student Ferris Bueller wants a day off from school and he's developed an incredibly sophisticated plan to pull it off. He talks his friend Cameron into taking his father's prized Ferrari and with his girlfriend Sloane head into Chicago for the day. While they are taking in what the city has to offer school principal Ed Rooney is convinced that Ferris is, not for the first time, playing hooky for the day and is hell bent to catch him out. Ferris has anticipated that, much to Rooney's chagrin.","Director":"John Hughes","Title":"Ferris Bueller's Day Off","Actors":"Matthew Broderick, Alan Ruck, Mia Sara, Jeffrey Jones","Response":"True","Type":"movie","Awards":"Nominated for 1 Golden Globe. Another 1 win.","DVD":"N\/A","Year":"1986","Poster":"https:\/\/m.media-amazon.com\/images\/M\/MV5BMDA0NjZhZWUtNmI2NC00MmFjLTgwZDYtYzVjZmNhMDVmOTBkXkEyXkFqcGdeQXVyMTQxNzMzNDI@._V1_SX300.jpg","Country":"USA","Genre":"Comedy","Writer":"John Hughes"}
