{"Metascore":"67","BoxOffice":"N\/A","Website":"N\/A","imdbRating":"8.0","imdbVotes":"38,777","Ratings":[{"Value":"8.0\/10","Source":"Internet Movie Database"},{"Value":"83%","Source":"Rotten Tomatoes"},{"Value":"67\/100","Source":"Metacritic"}],"Runtime":"181 min","Language":"English, Hebrew, Russian","Rated":"G","Production":"Mirisch Company, Cartier Productions","Released":"03 Nov 1971","imdbID":"tt0067093","Plot":"At the beginning of the twentieth century, Jews and Orthodox Christians live in the little village of Anatevka in the pre-revolutionary Russia of the Czars. Among the traditions of the Jewish community, the matchmaker arranges the match and the father approves it. The milkman Reb Tevye is a poor man that has been married for twenty-five years with Golde and they have five daughters. When the local matchmaker Yente arranges the match between his older daughter Tzeitel and the old widow butcher Lazar Wolf, Tevye agrees with the wedding. However Tzeitel is in love with the poor tailor Motel Kamzoil and they ask permission to Tevye to get married that he accepts to please his daughter. Then his second daughter Hodel (Michele Marsh) and the revolutionary student Perchik decide to marry each other and Tevye is forced to accept. When Perchik is arrested by the Czar troops and sent to Siberia, Hodel decides to leave her family and homeland and travel to Siberia to be with her beloved Perchik. When his third daughter Chava decides to get married with the Christian Fyedka, Tevye does not accept and considers that Chava has died. Meanwhile the Czar troops evict the Jewish community from Anatevka.","Director":"Norman Jewison","Title":"Fiddler on the Roof","Actors":"Topol, Norma Crane, Leonard Frey, Molly Picon","Response":"True","Type":"movie","Awards":"Won 3 Oscars. Another 6 wins & 13 nominations.","DVD":"N\/A","Year":"1971","Poster":"https:\/\/m.media-amazon.com\/images\/M\/MV5BMWMxNDYzNmUtYjFmNC00MGM2LWFmNzMtODhlMGNkNDg5MjE5XkEyXkFqcGdeQXVyNjE5MjUyOTM@._V1_SX300.jpg","Country":"USA","Genre":"Drama, Family, Musical, Romance","Writer":"Sholom Aleichem (adapted from stories), Arnold Perl (adapted from Sholem Aleichem stories by special arrangement with), Joseph Stein (stageplay by), Joseph Stein (screenplay by)"}
