{"Metascore":"66","BoxOffice":"N\/A","Website":"N\/A","imdbRating":"8.8","imdbVotes":"1,824,020","Ratings":[{"Value":"8.8\/10","Source":"Internet Movie Database"},{"Value":"79%","Source":"Rotten Tomatoes"},{"Value":"66\/100","Source":"Metacritic"}],"Runtime":"139 min","Language":"English","Rated":"R","Production":"Art Linson Productions, Fox 2000 Pictures, Taurus Film, New Regency Pictures","Released":"15 Oct 1999","imdbID":"tt0137523","Plot":"A nameless first person narrator (Edward Norton) attends support groups in attempt to subdue his emotional state and relieve his insomniac state. When he meets Marla (Helena Bonham Carter), another fake attendee of support groups, his life seems to become a little more bearable. However when he associates himself with Tyler (Brad Pitt) he is dragged into an underground fight club and soap making scheme. Together the two men spiral out of control and engage in competitive rivalry for love and power. When the narrator is exposed to the hidden agenda of Tyler's fight club, he must accept the awful truth that Tyler may not be who he says he is.","Director":"David Fincher","Title":"Fight Club","Actors":"Edward Norton, Brad Pitt, Meat Loaf, Zach Grenier","Response":"True","Type":"movie","Awards":"Nominated for 1 Oscar. Another 11 wins & 37 nominations.","DVD":"N\/A","Year":"1999","Poster":"https:\/\/m.media-amazon.com\/images\/M\/MV5BMmEzNTkxYjQtZTc0MC00YTVjLTg5ZTEtZWMwOWVlYzY0NWIwXkEyXkFqcGdeQXVyNzkwMjQ5NzM@._V1_SX300.jpg","Country":"USA, Germany","Genre":"Drama","Writer":"Chuck Palahniuk (novel), Jim Uhls (screenplay)"}
