{"Metascore":"90","BoxOffice":"N\/A","Website":"N\/A","imdbRating":"8.1","imdbVotes":"936,121","Ratings":[{"Value":"8.1\/10","Source":"Internet Movie Database"},{"Value":"99%","Source":"Rotten Tomatoes"},{"Value":"90\/100","Source":"Metacritic"}],"Runtime":"100 min","Language":"English","Rated":"G","Production":"Pixar Animation Studios","Released":"30 May 2003","imdbID":"tt0266543","Plot":"A clown fish named Marlin lives in the Great Barrier Reef loses his son, Nemo. After he ventures into the open sea, despite his father's constant warnings about many of the ocean's dangers. Nemo is abducted by a boat and netted up and sent to a dentist's office in Sydney. So, while Marlin ventures off to try to retrieve Nemo, Marlin meets a fish named Dory, a blue tang suffering from short-term memory loss. The companions travel a great distance, encountering various dangerous sea creatures such as sharks, anglerfish and jellyfish, in order to rescue Nemo from the dentist's office, which is situated by Sydney Harbor. While the two are doing this, Nemo and the other sea animals in the dentist's fish tank plot a way to return to Sydney Harbor to live their lives free again.","Director":"Andrew Stanton, Lee Unkrich(co-director)","Title":"Finding Nemo","Actors":"Albert Brooks, Ellen DeGeneres, Alexander Gould, Willem Dafoe","Response":"True","Type":"movie","Awards":"Won 1 Oscar. Another 48 wins & 62 nominations.","DVD":"N\/A","Year":"2003","Poster":"https:\/\/m.media-amazon.com\/images\/M\/MV5BZTAzNWZlNmUtZDEzYi00ZjA5LWIwYjEtZGM1NWE1MjE4YWRhXkEyXkFqcGdeQXVyNjU0OTQ0OTY@._V1_SX300.jpg","Country":"USA, Australia","Genre":"Animation, Adventure, Comedy, Family","Writer":"Andrew Stanton (original story by), Andrew Stanton (screenplay by), Bob Peterson (screenplay by), David Reynolds (screenplay by)"}
