{"Metascore":"61","BoxOffice":"N\/A","Website":"N\/A","imdbRating":"7.7","imdbVotes":"223,490","Ratings":[{"Value":"7.7\/10","Source":"Internet Movie Database"},{"Value":"85%","Source":"Rotten Tomatoes"},{"Value":"61\/100","Source":"Metacritic"}],"Runtime":"93 min","Language":"English","Rated":"R","Production":"Elcajo Productions, Anabasis N.V.","Released":"22 Oct 1982","imdbID":"tt0083944","Plot":"John J. Rambo is a former United States Special Forces soldier who fought in Vietnam and won the Congressional Medal of Honor, but his time in Vietnam still haunts him. As he came to Hope, Washington to visit a friend, he was guided out of town by the Sheriff William Teasel who insults Rambo, but what Teasel does not know that his insult angered Rambo to the point where Rambo became violent and was arrested. As he was at the county jail being cleaned, he escapes and goes on a rampage through the forest to try to escape from the sheriffs who want to kill him. Then, as Rambo's commanding officer, Colonel Samuel Trautman tries to save both the Sheriff's department and Rambo before the situation gets out of hand.","Director":"Ted Kotcheff","Title":"First Blood","Actors":"Sylvester Stallone, Richard Crenna, Brian Dennehy, Bill McKinney","Response":"True","Type":"movie","Awards":"1 win & 2 nominations.","DVD":"N\/A","Year":"1982","Poster":"https:\/\/m.media-amazon.com\/images\/M\/MV5BODBmOWU2YWMtZGUzZi00YzRhLWJjNDAtYTUwNWVkNDcyZmU5XkEyXkFqcGdeQXVyNDk3NzU2MTQ@._V1_SX300.jpg","Country":"USA","Genre":"Action, Adventure","Writer":"David Morrell (based on the novel by), Michael Kozoll (screenplay by), William Sackheim (screenplay by), Sylvester Stallone (screenplay by)"}
