{"Metascore":"N\/A","BoxOffice":"N\/A","Website":"N\/A","imdbRating":"8.1","imdbVotes":"30,884","Ratings":[{"Value":"8.1\/10","Source":"Internet Movie Database"},{"Value":"78%","Source":"Rotten Tomatoes"}],"Runtime":"158 min","Language":"German, English, Spanish, Quechua, Italian","Rated":"PG","Production":"Werner Herzog Filmproduktion","Released":"10 Oct 1982","imdbID":"tt0083946","Plot":"Fitzcarraldo is an obsessed opera lover who wants to build an opera in the jungle. To accomplish this he first has to make a fortune in the rubber business, and his cunning plan involves hauling an enormous river boat across a small mountain with aid from the local Indians.","Director":"Werner Herzog","Title":"Fitzcarraldo","Actors":"Klaus Kinski, Claudia Cardinale, José Lewgoy, Miguel Ángel Fuentes","Response":"True","Type":"movie","Awards":"Nominated for 1 Golden Globe. Another 4 wins & 3 nominations.","DVD":"N\/A","Year":"1982","Poster":"https:\/\/m.media-amazon.com\/images\/M\/MV5BYjIzNTYxMTctZjAwNS00YzI3LWExMGMtMGQxNGM5ZTc1NzhlXkEyXkFqcGdeQXVyMTQxNzMzNDI@._V1_SX300.jpg","Country":"West Germany, Peru","Genre":"Adventure, Drama","Writer":"Werner Herzog"}
