{"Metascore":"45","BoxOffice":"N\/A","Website":"N\/A","imdbRating":"7.7","imdbVotes":"80,634","Ratings":[{"Value":"7.7\/10","Source":"Internet Movie Database"},{"Value":"54%","Source":"Rotten Tomatoes"},{"Value":"45\/100","Source":"Metacritic"}],"Runtime":"90 min","Language":"English","Rated":"PG","Production":"Castle Rock Entertainment","Released":"10 Sep 2010","imdbID":"tt0817177","Plot":"Juli Baker devoutly believes in three things: the sanctity of trees (especially her beloved sycamore), the wholesomeness of the eggs she collects from her backyard flock of chickens, and that someday she will kiss Bryce Loski. Ever since she saw Bryce's dazzling brown eyes back in second grade, Juli has been smitten. Unfortunately, Bryce has never felt the same. Frankly, he thinks Juli Baker is a little weird--after all, what kind of freak raises chickens and sits in trees for fun? Then, in eighth grade, everything changes. Bryce begins to see that Juli's unusual interests and pride in her family are, well, kind of cool. And Juli starts to think that maybe Bryce's dazzling brown eyes are as empty as the rest of Bryce seems to be. After all, what kind of jerk doesn't care about other people's feelings about chickens and trees? With Flipped, mystery author Wendelin Van Draanen has taken a break from her Sammy Keyes series, and the result is flipping fantastic. Bryce and Juli's rants and raves about each other ring so true that teen readers will quickly identify with at least one of these hilarious feuding egos, if not both. A perfect introduction to the adolescent war between the sexes.","Director":"Rob Reiner","Title":"Flipped","Actors":"Madeline Carroll, Callan McAuliffe, Rebecca De Mornay, Anthony Edwards","Response":"True","Type":"movie","Awards":"2 wins & 2 nominations.","DVD":"N\/A","Year":"2010","Poster":"https:\/\/m.media-amazon.com\/images\/M\/MV5BMTU2NjQ1Nzc4MF5BMl5BanBnXkFtZTcwNTM0NDk1Mw@@._V1_SX300.jpg","Country":"USA","Genre":"Comedy, Drama, Romance","Writer":"Rob Reiner (screenplay), Andrew Scheinman (screenplay), Wendelin Van Draanen (novel)"}
