{"Metascore":"74","BoxOffice":"N\/A","Website":"N\/A","imdbRating":"8.3","imdbVotes":"229,110","Ratings":[{"Value":"8.3\/10","Source":"Internet Movie Database"},{"Value":"92%","Source":"Rotten Tomatoes"},{"Value":"74\/100","Source":"Metacritic"}],"Runtime":"132 min","Language":"Italian, English","Rated":"R","Production":"Produzioni Europee Associati, Constantin Film Produktion","Released":"10 May 1967","imdbID":"tt0059578","Plot":"Monco is a bounty killer chasing El Indio and his gang. During his hunting, he meets Col. Douglas Mortimer, another bounty killer, and they decide to make a partnership, chase the bad guys together and split the reward. During their enterprise, there will be lots of bullets and funny situations. In the end, one of the bounty hunters shows the real intention of his hunting.","Director":"Sergio Leone","Title":"For a Few Dollars More","Actors":"Clint Eastwood, Lee Van Cleef, Gian Maria Volontè, Mara Krupp","Response":"True","Type":"movie","Awards":"1 nomination.","DVD":"N\/A","Year":"1965","Poster":"https:\/\/m.media-amazon.com\/images\/M\/MV5BNWM1NmYyM2ItMTFhNy00NDU0LThlYWUtYjQyYTJmOTY0ZmM0XkEyXkFqcGdeQXVyNjU0OTQ0OTY@._V1_SX300.jpg","Country":"Italy, Spain, West Germany","Genre":"Western","Writer":"Sergio Leone (scenario), Fulvio Morsella (scenario), Luciano Vincenzoni (screenplay), Sergio Leone (screenplay)"}
