{"Metascore":"81","BoxOffice":"N\/A","Website":"N\/A","imdbRating":"8.1","imdbVotes":"270,802","Ratings":[{"Value":"8.1\/10","Source":"Internet Movie Database"},{"Value":"92%","Source":"Rotten Tomatoes"},{"Value":"81\/100","Source":"Metacritic"}],"Runtime":"152 min","Language":"English, Italian, French, Japanese","Rated":"PG-13","Production":"Chernin Entertainment, 20th Century Fox","Released":"15 Nov 2019","imdbID":"tt1950186","Plot":"American car designer Carroll Shelby and driver Ken Miles battle corporate interference and the laws of physics to build a revolutionary race car for Ford in order to defeat Ferrari at the 24 Hours of Le Mans in 1966.","Director":"James Mangold","Title":"Ford v Ferrari","Actors":"Matt Damon, Christian Bale, Jon Bernthal, Caitriona Balfe","Response":"True","Type":"movie","Awards":"Won 2 Oscars. Another 21 wins & 78 nominations.","DVD":"N\/A","Year":"2019","Poster":"https:\/\/m.media-amazon.com\/images\/M\/MV5BM2UwMDVmMDItM2I2Yi00NGZmLTk4ZTUtY2JjNTQ3OGQ5ZjM2XkEyXkFqcGdeQXVyMTA1OTYzOTUx._V1_SX300.jpg","Country":"USA","Genre":"Action, Biography, Drama, Sport","Writer":"Jez Butterworth, John-Henry Butterworth, Jason Keller"}
