{"Metascore":"82","BoxOffice":"N\/A","Website":"N\/A","imdbRating":"8.8","imdbVotes":"1,774,810","Ratings":[{"Value":"8.8\/10","Source":"Internet Movie Database"},{"Value":"71%","Source":"Rotten Tomatoes"},{"Value":"82\/100","Source":"Metacritic"}],"Runtime":"142 min","Language":"English","Rated":"PG-13","Production":"Paramount Pictures","Released":"06 Jul 1994","imdbID":"tt0109830","Plot":"Forrest Gump is a simple man with a low I.Q. but good intentions. He is running through childhood with his best and only friend Jenny. His 'mama' teaches him the ways of life and leaves him to choose his destiny. Forrest joins the army for service in Vietnam, finding new friends called Dan and Bubba, he wins medals, creates a famous shrimp fishing fleet, inspires people to jog, starts a ping-pong craze, creates the smiley, writes bumper stickers and songs, donates to people and meets the president several times. However, this is all irrelevant to Forrest who can only think of his childhood sweetheart Jenny Curran, who has messed up her life. Although in the end all he wants to prove is that anyone can love anyone.","Director":"Robert Zemeckis","Title":"Forrest Gump","Actors":"Tom Hanks, Rebecca Williams, Sally Field, Michael Conner Humphreys","Response":"True","Type":"movie","Awards":"Won 6 Oscars. Another 44 wins & 75 nominations.","DVD":"N\/A","Year":"1994","Poster":"https:\/\/m.media-amazon.com\/images\/M\/MV5BNWIwODRlZTUtY2U3ZS00Yzg1LWJhNzYtMmZiYmEyNmU1NjMzXkEyXkFqcGdeQXVyMTQxNzMzNDI@._V1_SX300.jpg","Country":"USA","Genre":"Drama, Romance","Writer":"Winston Groom (novel), Eric Roth (screenplay)"}
