{"Metascore":"64","BoxOffice":"N\/A","Website":"N\/A","imdbRating":"7.7","imdbVotes":"66,069","Ratings":[{"Value":"7.7\/10","Source":"Internet Movie Database"},{"Value":"74%","Source":"Rotten Tomatoes"},{"Value":"64\/100","Source":"Metacritic"}],"Runtime":"130 min","Language":"English","Rated":"PG-13","Production":"Universal Pictures, Avnet\/Kerner Productions, Act III Communications","Released":"24 Jan 1992","imdbID":"tt0101921","Plot":"Evelyn Couch is having trouble in her marriage, and no one seems to take her seriously. While in a nursing home visiting relatives, she meets Ninny Threadgoode, an outgoing old woman, who tells her the story of Idgie Threadgoode, a young woman in 1920's Alabama. Through Idgie's inspiring life, Evelyn learns to be more assertive and builds a lasting friendship of her own with Ninny.","Director":"Jon Avnet","Title":"Fried Green Tomatoes","Actors":"Kathy Bates, Mary Stuart Masterson, Mary-Louise Parker, Jessica Tandy","Response":"True","Type":"movie","Awards":"Nominated for 2 Oscars. Another 6 wins & 12 nominations.","DVD":"N\/A","Year":"1991","Poster":"https:\/\/m.media-amazon.com\/images\/M\/MV5BOWQ1ZWE0MTQtMmEwOS00YjA3LTgyZTAtNjY5ODEyZTJjNDI2XkEyXkFqcGdeQXVyNjE5MjUyOTM@._V1_SX300.jpg","Country":"USA","Genre":"Drama","Writer":"Fannie Flagg (novel), Fannie Flagg (screenplay), Carol Sobieski (screenplay)"}
