{"Metascore":"80","BoxOffice":"N\/A","Website":"N\/A","imdbRating":"7.7","imdbVotes":"102,340","Ratings":[{"Value":"7.7\/10","Source":"Internet Movie Database"},{"Value":"93%","Source":"Rotten Tomatoes"},{"Value":"80\/100","Source":"Metacritic"}],"Runtime":"122 min","Language":"English","Rated":"R","Production":"Imagine Entertainment, Working Title Films","Released":"23 Jan 2009","imdbID":"tt0870111","Plot":"Writer Peter Morgan's legendary battle between Richard Nixon, the disgraced president with a legacy to save, and David Frost, a jet-setting television personality with a name to make, in the story of the historic encounter that changed both their lives. For three years after being forced from office, Nixon remained silent. But in summer 1977, the steely, cunning former commander-in-chief agreed to sit for one all-inclusive interview to confront the questions of his time in office and the Watergate scandal that ended his presidency. Nixon surprised everyone in selecting Frost as his televised confessor, intending to easily outfox the breezy British showman and secure a place in the hearts and minds of Americans (as well as a $600,000 fee). Likewise, Frost's team harbored doubts about their boss' ability to hold his own. But as cameras rolled, a charged battle of wits resulted.","Director":"Ron Howard","Title":"Frost\/Nixon","Actors":"Frank Langella, Michael Sheen, Sam Rockwell, Kevin Bacon","Response":"True","Type":"movie","Awards":"Nominated for 5 Oscars. Another 23 wins & 75 nominations.","DVD":"N\/A","Year":"2008","Poster":"https:\/\/m.media-amazon.com\/images\/M\/MV5BOTY4NTU2NTU4NF5BMl5BanBnXkFtZTcwNjE0OTc5MQ@@._V1_SX300.jpg","Country":"UK, France, USA","Genre":"Biography, Drama, History","Writer":"Peter Morgan (based on the stage play by), Peter Morgan (screenplay by)"}
