{"Metascore":"79","BoxOffice":"N\/A","Website":"N\/A","imdbRating":"8.0","imdbVotes":"215,967","Ratings":[{"Value":"8.0\/10","Source":"Internet Movie Database"},{"Value":"85%","Source":"Rotten Tomatoes"},{"Value":"79\/100","Source":"Metacritic"}],"Runtime":"191 min","Language":"English","Rated":"PG","Production":"International Film Investors, Carolina Bank, Indo-British, Goldcrest Films International","Released":"25 Feb 1983","imdbID":"tt0083987","Plot":"In 1893, Gandhi is thrown off a South African train for being an Indian and traveling in a first class compartment. Gandhi realizes that the laws are biased against Indians and decides to start a non-violent protest campaign for the rights of all Indians in South Africa. After numerous arrests and the unwanted attention of the world, the government finally relents by recognizing rights for Indians, though not for the native blacks of South Africa. After this victory, Gandhi is invited back to India, where he is now considered something of a national hero. He is urged to take up the fight for India's independence from the British Empire. Gandhi agrees, and mounts a non-violent non-cooperation campaign of unprecedented scale, coordinating millions of Indians nationwide. There are some setbacks, such as violence against the protesters and Gandhi's occasional imprisonment. Nevertheless, the campaign generates great attention, and Britain faces intense public pressure. Too weak from World War II to continue enforcing its will in India, Britain finally grants India's independence. Indians celebrate this victory, but their troubles are far from over. Religious tensions between Hindus and Muslims erupt into nation-wide violence. Gandhi declares a hunger strike, saying he will not eat until the fighting stops. The fighting does stop eventually, but the country is divided. It is decided that the northwest area of India, and eastern part of India (current day Bangladesh), both places where Muslims are in the majority, will become a new country called Pakistan (West and East Pakistan respectively). It is hoped that by encouraging the Muslims to live in a separate country, violence will abate. Gandhi is opposed to the idea, and is even willing to allow Muhammad Ali Jinnah to become the first prime minister of India, but the Partition of India is carried out nevertheless. Gandhi spends his last days trying to bring about peace between both nations. He thereby angers many dissidents on both sides, one of whom finally gets close enough to assassinate him.","Director":"Richard Attenborough","Title":"Gandhi","Actors":"Ben Kingsley, Rohini Hattangadi, Roshan Seth, Candice Bergen","Response":"True","Type":"movie","Awards":"Won 8 Oscars. Another 27 wins & 21 nominations.","DVD":"N\/A","Year":"1982","Poster":"https:\/\/m.media-amazon.com\/images\/M\/MV5BMzJiZDRmOWUtYjE2MS00Mjc1LTg1ZDYtNTQxYWJkZTg1OTM4XkEyXkFqcGdeQXVyNjUwNzk3NDc@._V1_SX300.jpg","Country":"UK, India","Genre":"Biography, Drama, History","Writer":"John Briley"}
