{"Metascore":"64","BoxOffice":"N\/A","Website":"N\/A","imdbRating":"7.8","imdbVotes":"277,637","Ratings":[{"Value":"7.8\/10","Source":"Internet Movie Database"},{"Value":"82%","Source":"Rotten Tomatoes"},{"Value":"64\/100","Source":"Metacritic"}],"Runtime":"106 min","Language":"English, Esperanto","Rated":"PG-13","Production":"Jersey Films, Columbia Pictures Corporation","Released":"24 Oct 1997","imdbID":"tt0119177","Plot":"In the not-too-distant future, a less-than-perfect man wants to travel to the stars. Society has categorized Vincent Freeman as less than suitable given his genetic make-up and he has become one of the underclass of humans that are only useful for menial jobs. To move ahead, he assumes the identity of Jerome Morrow, a perfect genetic specimen who is a paraplegic as a result of a car accident. With professional advice, Vincent learns to deceive DNA and urine sample testing. Just when he is finally scheduled for a space mission, his program director is killed and the police begin an investigation, jeopardizing his secret.","Director":"Andrew Niccol","Title":"Gattaca","Actors":"Ethan Hawke, Uma Thurman, Gore Vidal, Xander Berkeley","Response":"True","Type":"movie","Awards":"Nominated for 1 Oscar. Another 6 wins & 15 nominations.","DVD":"N\/A","Year":"1997","Poster":"https:\/\/m.media-amazon.com\/images\/M\/MV5BODI3ZTc5NjktOGMyOC00NjYzLTgwZDYtYmQ4NDc1MmJjMjRlXkEyXkFqcGdeQXVyMTQxNzMzNDI@._V1_SX300.jpg","Country":"USA","Genre":"Drama, Sci-Fi, Thriller","Writer":"Andrew Niccol"}
