{"Metascore":"85","BoxOffice":"N\/A","Website":"N\/A","imdbRating":"7.7","imdbVotes":"481,902","Ratings":[{"Value":"7.7\/10","Source":"Internet Movie Database"},{"Value":"98%","Source":"Rotten Tomatoes"},{"Value":"85\/100","Source":"Metacritic"}],"Runtime":"104 min","Language":"English","Rated":"R","Production":"Universal Pictures, QC Entertainment, Blumhouse Productions","Released":"24 Feb 2017","imdbID":"tt5052448","Plot":"Chris and his girlfriend Rose go upstate to visit her parent's for the weekend. At first, Chris reads the family's overly accommodating behavior as nervous attempts to deal with their daughter's interracial relationship, but as the weekend progresses, a series of increasingly disturbing discoveries lead him to a truth that he never could have imagined.","Director":"Jordan Peele","Title":"Get Out","Actors":"Daniel Kaluuya, Allison Williams, Catherine Keener, Bradley Whitford","Response":"True","Type":"movie","Awards":"Won 1 Oscar. Another 152 wins & 201 nominations.","DVD":"N\/A","Year":"2017","Poster":"https:\/\/m.media-amazon.com\/images\/M\/MV5BMjUxMDQwNjcyNl5BMl5BanBnXkFtZTgwNzcwMzc0MTI@._V1_SX300.jpg","Country":"USA, Japan","Genre":"Horror, Mystery, Thriller","Writer":"Jordan Peele"}
