{"Metascore":"71","BoxOffice":"N\/A","Website":"N\/A","imdbRating":"7.8","imdbVotes":"350,989","Ratings":[{"Value":"7.8\/10","Source":"Internet Movie Database"},{"Value":"97%","Source":"Rotten Tomatoes"},{"Value":"71\/100","Source":"Metacritic"}],"Runtime":"105 min","Language":"English","Rated":"PG","Production":"Columbia Pictures, Black Rhino Productions","Released":"08 Jun 1984","imdbID":"tt0087332","Plot":"Peter Venkman, Ray Stantz and Egon work at the University where they delve into the paranormal and fiddle with many unethical experiments on the students. As they are kicked out of the University do they really understand their knowledge of the paranormal and go into business for themselves. Under the new snazzy business name of 'Ghostbusters', and living in the old firehouse building they work out of, they are called to rid New York City of paranormal phenomenon at everyone's whim.... for a price. They make national press as the media thinks and pressures everybody the Ghostbusters are the cause of it all. Thrown in jail by the EPA, the mayor takes a chance and calls on them to help save the city. Unbeknownst to all, a long dead Gozer worshiper (Evo Shandor) erected downtown apartment building is the cause of all the paranormal activity. They find out the building could resurrect the ancient Hittite god, Gozer, and bring an end to all of humanity. Who are you gonna call to stop this terrible world-ending menace?","Director":"Ivan Reitman","Title":"Ghostbusters","Actors":"Bill Murray, Dan Aykroyd, Sigourney Weaver, Harold Ramis","Response":"True","Type":"movie","Awards":"Nominated for 2 Oscars. Another 6 wins & 6 nominations.","DVD":"N\/A","Year":"1984","Poster":"https:\/\/m.media-amazon.com\/images\/M\/MV5BMTkxMjYyNzgwMl5BMl5BanBnXkFtZTgwMTE3MjYyMTE@._V1_SX300.jpg","Country":"USA","Genre":"Action, Comedy, Fantasy","Writer":"Dan Aykroyd, Harold Ramis"}
