{"Metascore":"60","BoxOffice":"N\/A","Website":"N\/A","imdbRating":"7.6","imdbVotes":"97,686","Ratings":[{"Value":"7.6\/10","Source":"Internet Movie Database"},{"Value":"73%","Source":"Rotten Tomatoes"},{"Value":"60\/100","Source":"Metacritic"}],"Runtime":"101 min","Language":"English","Rated":"PG-13","Production":"FilmNation, Grade A Entertainment","Released":"12 Apr 2017","imdbID":"tt4481414","Plot":"Frank Adler (Chris Evans) is a single man raising a child prodigy - his spirited young niece Mary (Mckenna Grace) in a coastal town in Florida. Frank's plans for a normal school life for Mary are foiled when the seven-year-old's mathematical abilities come to the attention of Frank's formidable mother Evelyn (Lindsay Duncan) whose plans for her granddaughter threaten to separate Frank and Mary. Octavia Spencer plays Roberta, Frank and Mary's landlady and best friend. Jenny Slate is Mary's teacher, Bonnie, a young woman whose concern for her student develops into a connection with her uncle as well.","Director":"Marc Webb","Title":"Gifted","Actors":"Chris Evans, Mckenna Grace, Lindsay Duncan, Octavia Spencer","Response":"True","Type":"movie","Awards":"6 wins & 7 nominations.","DVD":"N\/A","Year":"2017","Poster":"https:\/\/m.media-amazon.com\/images\/M\/MV5BMjQ2NDU3NDE0M15BMl5BanBnXkFtZTgwMjA3OTg0MDI@._V1_SX300.jpg","Country":"USA","Genre":"Drama","Writer":"Tom Flynn"}
