{"Metascore":"67","BoxOffice":"N\/A","Website":"N\/A","imdbRating":"8.5","imdbVotes":"1,320,859","Ratings":[{"Value":"8.5\/10","Source":"Internet Movie Database"},{"Value":"77%","Source":"Rotten Tomatoes"},{"Value":"67\/100","Source":"Metacritic"}],"Runtime":"155 min","Language":"English","Rated":"R","Production":"Universal Pictures, Scott Free Productions, DreamWorks Pictures","Released":"05 May 2000","imdbID":"tt0172495","Plot":"Maximus is a powerful Roman general, loved by the people and the aging Emperor, Marcus Aurelius. Before his death, the Emperor chooses Maximus to be his heir over his own son, Commodus, and a power struggle leaves Maximus and his family condemned to death. The powerful general is unable to save his family, and his loss of will allows him to get captured and put into the Gladiator games until he dies. The only desire that fuels him now is the chance to rise to the top so that he will be able to look into the eyes of the man who will feel his revenge.","Director":"Ridley Scott","Title":"Gladiator","Actors":"Russell Crowe, Joaquin Phoenix, Connie Nielsen, Oliver Reed","Response":"True","Type":"movie","Awards":"Won 5 Oscars. Another 54 wins & 105 nominations.","DVD":"N\/A","Year":"2000","Poster":"https:\/\/m.media-amazon.com\/images\/M\/MV5BMDliMmNhNDEtODUyOS00MjNlLTgxODEtN2U3NzIxMGVkZTA1L2ltYWdlXkEyXkFqcGdeQXVyNjU0OTQ0OTY@._V1_SX300.jpg","Country":"USA, UK, Malta, Morocco","Genre":"Action, Adventure, Drama","Writer":"David Franzoni (story), David Franzoni (screenplay), John Logan (screenplay), William Nicholson (screenplay)"}
