{"Metascore":"82","BoxOffice":"N\/A","Website":"N\/A","imdbRating":"7.7","imdbVotes":"94,814","Ratings":[{"Value":"7.7\/10","Source":"Internet Movie Database"},{"Value":"95%","Source":"Rotten Tomatoes"},{"Value":"82\/100","Source":"Metacritic"}],"Runtime":"100 min","Language":"English","Rated":"R","Production":"New Line Cinema, GGR, Zupnik Cinema Group II","Released":"02 Oct 1992","imdbID":"tt0104348","Plot":"The real story behind the world of sales. This is a realistic portrayal of what it is to try making a life in high pressure sales with all its highs and lows; promises of fortunes and deliveries of dross. Red-leads and dead-leads are to blame for life's outcomes. Living with \"Objection, Rebuttal, Close\".","Director":"James Foley","Title":"Glengarry Glen Ross","Actors":"Al Pacino, Jack Lemmon, Alec Baldwin, Alan Arkin","Response":"True","Type":"movie","Awards":"Nominated for 1 Oscar. Another 8 wins & 12 nominations.","DVD":"N\/A","Year":"1992","Poster":"https:\/\/m.media-amazon.com\/images\/M\/MV5BNTYzN2MxODMtMDBhOC00Y2M0LTgzMTItMzQ4NDIyYWIwMDEzL2ltYWdlL2ltYWdlXkEyXkFqcGdeQXVyNTc1NTQxODI@._V1_SX300.jpg","Country":"USA","Genre":"Crime, Drama, Mystery","Writer":"David Mamet (based on the play by), David Mamet (screenplay by)"}
