{"Metascore":"78","BoxOffice":"N\/A","Website":"N\/A","imdbRating":"7.8","imdbVotes":"120,758","Ratings":[{"Value":"7.8\/10","Source":"Internet Movie Database"},{"Value":"93%","Source":"Rotten Tomatoes"},{"Value":"78\/100","Source":"Metacritic"}],"Runtime":"122 min","Language":"English","Rated":"R","Production":"TriStar Pictures","Released":"16 Feb 1990","imdbID":"tt0097441","Plot":"Shaw was an officer in the Federal Army during the American Civil War who volunteered to lead the first company of black soldiers. Shaw was forced to deal with the prejudices of both the enemy (who had orders to kill commanding officers of blacks), and of his own fellow officers.","Director":"Edward Zwick","Title":"Glory","Actors":"Matthew Broderick, Denzel Washington, Cary Elwes, Morgan Freeman","Response":"True","Type":"movie","Awards":"Won 3 Oscars. Another 11 wins & 18 nominations.","DVD":"N\/A","Year":"1989","Poster":"https:\/\/m.media-amazon.com\/images\/M\/MV5BODhlNjA5MDEtZDVhNS00ZmM3LTg1YzAtZGRjNjhjNTAzNzVkXkEyXkFqcGdeQXVyNjUwMzI2NzU@._V1_SX300.jpg","Country":"USA","Genre":"Biography, Drama, History, War","Writer":"Kevin Jarre (screenplay), Lincoln Kirstein (book), Peter Burchard (book), Robert Gould Shaw (letters)"}
