{"Metascore":"87","BoxOffice":"N\/A","Website":"N\/A","imdbRating":"7.7","imdbVotes":"171,193","Ratings":[{"Value":"7.7\/10","Source":"Internet Movie Database"},{"Value":"99%","Source":"Rotten Tomatoes"},{"Value":"87\/100","Source":"Metacritic"}],"Runtime":"110 min","Language":"English, Chinese, Spanish","Rated":"PG","Production":"United Artists, Danjaq Productions","Released":"09 Jan 1965","imdbID":"tt0058150","Plot":"Bond is back and his next mission takes him to Fort Knox, where Auric Goldfinger and his henchman are planning to raid Fort Knox and obliterate the world economy. To save the world once again, Bond will need to become friends with Goldfinger, dodge killer hats and avoid Goldfinger's personal pilot, the sexy Pussy Galore. She might not have feelings for Bond, but will 007 help her change her mind?","Director":"Guy Hamilton","Title":"Goldfinger","Actors":"Sean Connery, Gert Fröbe, Honor Blackman, Shirley Eaton","Response":"True","Type":"movie","Awards":"Won 1 Oscar. Another 5 wins & 6 nominations.","DVD":"N\/A","Year":"1964","Poster":"https:\/\/m.media-amazon.com\/images\/M\/MV5BMTQ2MzE0OTU3NV5BMl5BanBnXkFtZTcwNjQxNTgzNA@@._V1_SX300.jpg","Country":"UK","Genre":"Action, Adventure, Thriller","Writer":"Richard Maibaum (screenplay by), Paul Dehn (screenplay by)"}
