{"Metascore":"72","BoxOffice":"N\/A","Website":"N\/A","imdbRating":"7.6","imdbVotes":"247,270","Ratings":[{"Value":"7.6\/10","Source":"Internet Movie Database"},{"Value":"94%","Source":"Rotten Tomatoes"},{"Value":"72\/100","Source":"Metacritic"}],"Runtime":"114 min","Language":"English","Rated":"R","Production":"Ladd Company","Released":"19 Oct 2007","imdbID":"tt0452623","Plot":"When 4 year old Amanda McCready disappears from her home and the police make little headway in solving the case, the girl's aunt Beatrice McCready hires two private detectives Patrick Kenzie and Angie Gennaro. The detectives freely admit that they have little experience with this type of case, but the family wants them for two reasons - they're not cops and they know the tough Boston neighborhood in which they all live. As the case progresses, Kenzie and Gennaro face drug dealers, gangs and pedophiles. When they are about to solve their case, they are faced with a moral dilemma that could tear them apart.","Director":"Ben Affleck","Title":"Gone Baby Gone","Actors":"Casey Affleck, Michelle Monaghan, Morgan Freeman, Ed Harris","Response":"True","Type":"movie","Awards":"Nominated for 1 Oscar. Another 34 wins & 30 nominations.","DVD":"N\/A","Year":"2007","Poster":"https:\/\/m.media-amazon.com\/images\/M\/MV5BYmM2NDNiNGItMTRhMi00ZDA2LTgzOWMtZTE2ZjFhMDQ2M2U5XkEyXkFqcGdeQXVyNTAyODkwOQ@@._V1_SX300.jpg","Country":"USA","Genre":"Crime, Drama, Mystery, Thriller","Writer":"Ben Affleck (screenplay), Aaron Stockard (screenplay), Dennis Lehane (novel)"}
