{"Metascore":"79","BoxOffice":"N\/A","Website":"N\/A","imdbRating":"8.1","imdbVotes":"842,497","Ratings":[{"Value":"8.1\/10","Source":"Internet Movie Database"},{"Value":"87%","Source":"Rotten Tomatoes"},{"Value":"79\/100","Source":"Metacritic"}],"Runtime":"149 min","Language":"English","Rated":"R","Production":"TSG Entertainment","Released":"03 Oct 2014","imdbID":"tt2267998","Plot":"On the occasion of his fifth wedding anniversary, Nick Dunne reports that his wife, Amy, has gone missing. Under pressure from the police and a growing media frenzy, Nick's portrait of a blissful union begins to crumble. Soon his lies, deceits and strange behavior have everyone asking the same dark question: Did Nick Dunne kill his wife?","Director":"David Fincher","Title":"Gone Girl","Actors":"Ben Affleck, Rosamund Pike, Neil Patrick Harris, Tyler Perry","Response":"True","Type":"movie","Awards":"Nominated for 1 Oscar. Another 64 wins & 184 nominations.","DVD":"N\/A","Year":"2014","Poster":"https:\/\/m.media-amazon.com\/images\/M\/MV5BMTk0MDQ3MzAzOV5BMl5BanBnXkFtZTgwNzU1NzE3MjE@._V1_SX300.jpg","Country":"USA","Genre":"Drama, Mystery, Thriller","Writer":"Gillian Flynn (screenplay), Gillian Flynn (novel)"}
