{"Metascore":"68","BoxOffice":"N\/A","Website":"N\/A","imdbRating":"7.7","imdbVotes":"136,757","Ratings":[{"Value":"7.7\/10","Source":"Internet Movie Database"},{"Value":"90%","Source":"Rotten Tomatoes"},{"Value":"68\/100","Source":"Metacritic"}],"Runtime":"121 min","Language":"German, English, Russian","Rated":"R","Production":"Westdeutscher Rundfunk, X-Filme Creative Pool","Released":"14 May 2004","imdbID":"tt0301357","Plot":"East Germany, the year 1989: A young man protests against the regime. His mother watches the police arresting him and suffers a heart attack and falls into a coma. Some months later, the GDR does not exist anymore and the mother awakes. Since she has to avoid every excitement, the son tries to set up the GDR again for her in their flat. But the world has changed a lot.","Director":"Wolfgang Becker","Title":"Good Bye Lenin!","Actors":"Daniel Brühl, Katrin Saß, Chulpan Khamatova, Maria Simon","Response":"True","Type":"movie","Awards":"Nominated for 1 Golden Globe. Another 36 wins & 21 nominations.","DVD":"N\/A","Year":"2003","Poster":"https:\/\/m.media-amazon.com\/images\/M\/MV5BMTI0MTg4NzI3M15BMl5BanBnXkFtZTcwOTE0MTUyMQ@@._V1_SX300.jpg","Country":"Germany","Genre":"Comedy, Drama, Romance","Writer":"Bernd Lichtenberg, Wolfgang Becker (author), Achim von Borries (collaborator on screenplay), Henk Handloegten (collaborator on screenplay), Chris Silber (collaborator on screenplay)"}
