{"Metascore":"90","BoxOffice":"N\/A","Website":"N\/A","imdbRating":"8.7","imdbVotes":"1,003,253","Ratings":[{"Value":"8.7\/10","Source":"Internet Movie Database"},{"Value":"96%","Source":"Rotten Tomatoes"},{"Value":"90\/100","Source":"Metacritic"}],"Runtime":"146 min","Language":"English, Italian","Rated":"R","Production":"Warner Brothers","Released":"21 Sep 1990","imdbID":"tt0099685","Plot":"Henry Hill might be a small time gangster, who may have taken part in a robbery with Jimmy Conway and Tommy De Vito, two other gangsters who might have set their sights a bit higher. His two partners could kill off everyone else involved in the robbery, and slowly start to think about climbing up through the hierarchy of the Mob. Henry, however, might be badly affected by his partners' success, but will he consider stooping low enough to bring about the downfall of Jimmy and Tommy?","Director":"Martin Scorsese","Title":"Goodfellas","Actors":"Robert De Niro, Ray Liotta, Joe Pesci, Lorraine Bracco","Response":"True","Type":"movie","Awards":"Won 1 Oscar. Another 43 wins & 38 nominations.","DVD":"N\/A","Year":"1990","Poster":"https:\/\/m.media-amazon.com\/images\/M\/MV5BY2NkZjEzMDgtN2RjYy00YzM1LWI4ZmQtMjIwYjFjNmI3ZGEwXkEyXkFqcGdeQXVyNzkwMjQ5NzM@._V1_SX300.jpg","Country":"USA","Genre":"Biography, Crime, Drama","Writer":"Nicholas Pileggi (book), Nicholas Pileggi (screenplay), Martin Scorsese (screenplay)"}
