{"Metascore":"70","BoxOffice":"N\/A","Website":"N\/A","imdbRating":"8.3","imdbVotes":"846,117","Ratings":[{"Value":"8.3\/10","Source":"Internet Movie Database"},{"Value":"98%","Source":"Rotten Tomatoes"},{"Value":"70\/100","Source":"Metacritic"}],"Runtime":"126 min","Language":"English","Rated":"R","Production":"Miramax Films, Be Gentlemen Limited Partnership, Lawrence Bender Productions","Released":"09 Jan 1998","imdbID":"tt0119217","Plot":"A touching tale of a wayward young man who struggles to find his identity, living in a world where he can solve any problem, except the one brewing deep within himself, until one day he meets his soul mate who opens his mind and his heart.","Director":"Gus Van Sant","Title":"Good Will Hunting","Actors":"Matt Damon, Ben Affleck, Stellan Skarsgård, John Mighton","Response":"True","Type":"movie","Awards":"Won 2 Oscars. Another 22 wins & 61 nominations.","DVD":"N\/A","Year":"1997","Poster":"https:\/\/m.media-amazon.com\/images\/M\/MV5BOTI0MzcxMTYtZDVkMy00NjY1LTgyMTYtZmUxN2M3NmQ2NWJhXkEyXkFqcGdeQXVyMTQxNzMzNDI@._V1_SX300.jpg","Country":"USA","Genre":"Drama, Romance","Writer":"Matt Damon, Ben Affleck"}
