{"Metascore":"N\/A","BoxOffice":"N\/A","Website":"N\/A","imdbRating":"8.0","imdbVotes":"55,892","Ratings":[{"Value":"8.0\/10","Source":"Internet Movie Database"},{"Value":"78%","Source":"Rotten Tomatoes"}],"Runtime":"127 min","Language":"Turkish, English","Rated":"N\/A","Production":"N\/A","Released":"12 Nov 2004","imdbID":"tt0384116","Plot":"The film recounts the story of aliens kidnapping the carpet-seller Arif to the planet G.O.R.A. while Arif tries to find a way to get back to his planet, he falls in love with Ceku, the princess. Arif saves the planet from the evil commander-in-chief of G.O.R.A. and hence becomes a hero for the people. In this science-fiction comedy film, Cem Yilmaz played four different characters.","Director":"Ömer Faruk Sorak","Title":"G.O.R.A.","Actors":"Cem Yilmaz, Özge Özberk, Ozan Güven, Safak Sezer","Response":"True","Type":"movie","Awards":"1 win & 4 nominations.","DVD":"N\/A","Year":"2004","Poster":"https:\/\/m.media-amazon.com\/images\/M\/MV5BMjE0MTY2MDI3NV5BMl5BanBnXkFtZTcwNTc1MzEzMQ@@._V1_SX300.jpg","Country":"Turkey","Genre":"Adventure, Comedy, Sci-Fi","Writer":"Can Yilmaz, Cem Yilmaz (screenplay)"}
