{"Metascore":"72","BoxOffice":"N\/A","Website":"N\/A","imdbRating":"8.1","imdbVotes":"711,952","Ratings":[{"Value":"8.1\/10","Source":"Internet Movie Database"},{"Value":"81%","Source":"Rotten Tomatoes"},{"Value":"72\/100","Source":"Metacritic"}],"Runtime":"116 min","Language":"English, Hmong","Rated":"R","Production":"Malpaso Company","Released":"09 Jan 2009","imdbID":"tt1205489","Plot":"Walt Kowalski is a widower who holds onto his prejudices despite the changes in his Michigan neighborhood and the world around him. Kowalski is a grumpy, tough-minded, unhappy old man who can't get along with either his kids or his neighbors. He is a Korean War veteran whose prize possession is a 1972 Gran Torino he keeps in mint condition. When his neighbor Thao, a young Hmong teenager under pressure from his gang member cousin, tries to steal his Gran Torino, Kowalski sets out to reform the youth. Drawn against his will into the life of Thao's family, Kowalski is soon taking steps to protect them from the gangs that infest their neighborhood.","Director":"Clint Eastwood","Title":"Gran Torino","Actors":"Clint Eastwood, Christopher Carley, Bee Vang, Ahney Her","Response":"True","Type":"movie","Awards":"Nominated for 1 Golden Globe. Another 21 wins & 21 nominations.","DVD":"N\/A","Year":"2008","Poster":"https:\/\/m.media-amazon.com\/images\/M\/MV5BMTc5NTk2OTU1Nl5BMl5BanBnXkFtZTcwMDc3NjAwMg@@._V1_SX300.jpg","Country":"Germany, USA","Genre":"Drama","Writer":"Nick Schenk (screenplay), Dave Johannson (story), Nick Schenk (story)"}
