{"Metascore":"96","BoxOffice":"N\/A","Website":"N\/A","imdbRating":"7.7","imdbVotes":"760,913","Ratings":[{"Value":"7.7\/10","Source":"Internet Movie Database"},{"Value":"96%","Source":"Rotten Tomatoes"},{"Value":"96\/100","Source":"Metacritic"}],"Runtime":"91 min","Language":"English, Greenlandic","Rated":"PG-13","Production":"Esperanto Filmoj, Heyday Films","Released":"04 Oct 2013","imdbID":"tt1454468","Plot":"Dr. Ryan Stone (Sandra Bullock) is a brilliant medical engineer on her first shuttle mission, with veteran astronaut Matt Kowalski (George Clooney) in command of his last flight before retiring. But on a seemingly routine spacewalk, disaster strikes. The shuttle is destroyed, leaving Stone and Kowalsky completely alone - tethered to nothing but each other and spiraling out into the blackness.","Director":"Alfonso Cuarón","Title":"Gravity","Actors":"Sandra Bullock, George Clooney, Ed Harris, Orto Ignatiussen","Response":"True","Type":"movie","Awards":"Won 7 Oscars. Another 233 wins & 183 nominations.","DVD":"N\/A","Year":"2013","Poster":"https:\/\/m.media-amazon.com\/images\/M\/MV5BNjE5MzYwMzYxMF5BMl5BanBnXkFtZTcwOTk4MTk0OQ@@._V1_SX300.jpg","Country":"UK, USA, Mexico","Genre":"Drama, Sci-Fi, Thriller","Writer":"Alfonso Cuarón, Jonás Cuarón"}
