{"Metascore":"69","BoxOffice":"N\/A","Website":"N\/A","imdbRating":"8.2","imdbVotes":"353,416","Ratings":[{"Value":"8.2\/10","Source":"Internet Movie Database"},{"Value":"77%","Source":"Rotten Tomatoes"},{"Value":"69\/100","Source":"Metacritic"}],"Runtime":"130 min","Language":"English, Italian, Russian, German","Rated":"PG-13","Production":"Charles B. Wessler Entertainment, Innisfree Pictures","Released":"16 Nov 2018","imdbID":"tt6966692","Plot":"A working-class Italian-American bouncer becomes the driver of an African-American classical pianist on a tour of venues through the 1960s American South.","Director":"Peter Farrelly","Title":"Green Book","Actors":"Viggo Mortensen, Mahershala Ali, Linda Cardellini, Sebastian Maniscalco","Response":"True","Type":"movie","Awards":"Won 3 Oscars. Another 54 wins & 120 nominations.","DVD":"N\/A","Year":"2018","Poster":"https:\/\/m.media-amazon.com\/images\/M\/MV5BYzIzYmJlYTYtNGNiYy00N2EwLTk4ZjItMGYyZTJiOTVkM2RlXkEyXkFqcGdeQXVyODY1NDk1NjE@._V1_SX300.jpg","Country":"USA, China","Genre":"Biography, Comedy, Drama, Music","Writer":"Nick Vallelonga, Brian Hayes Currie, Peter Farrelly"}
