{"Metascore":"72","BoxOffice":"N\/A","Website":"N\/A","imdbRating":"8.0","imdbVotes":"573,264","Ratings":[{"Value":"8.0\/10","Source":"Internet Movie Database"},{"Value":"96%","Source":"Rotten Tomatoes"},{"Value":"72\/100","Source":"Metacritic"}],"Runtime":"101 min","Language":"English, French, Italian","Rated":"PG","Production":"Columbia Pictures","Released":"12 Feb 1993","imdbID":"tt0107048","Plot":"A weather man is reluctantly sent to cover a story about a weather forecasting \"rat\" (as he calls it). This is his fourth year on the story, and he makes no effort to hide his frustration. On awaking the 'following' day he discovers that it's Groundhog Day again, and again, and again. First he uses this to his advantage, then comes the realisation that he is doomed to spend the rest of eternity in the same place, seeing the same people do the same thing EVERY day.","Director":"Harold Ramis","Title":"Groundhog Day","Actors":"Bill Murray, Andie MacDowell, Chris Elliott, Stephen Tobolowsky","Response":"True","Type":"movie","Awards":"Won 1 BAFTA Film Award. Another 6 wins & 17 nominations.","DVD":"N\/A","Year":"1993","Poster":"https:\/\/m.media-amazon.com\/images\/M\/MV5BZWIxNzM5YzQtY2FmMS00Yjc3LWI1ZjUtNGVjMjMzZTIxZTIxXkEyXkFqcGdeQXVyNjU0OTQ0OTY@._V1_SX300.jpg","Country":"USA","Genre":"Comedy, Fantasy, Romance","Writer":"Danny Rubin (screenplay), Harold Ramis (screenplay), Danny Rubin (story)"}
