{"Metascore":"76","BoxOffice":"N\/A","Website":"N\/A","imdbRating":"8.0","imdbVotes":"1,032,353","Ratings":[{"Value":"8.0\/10","Source":"Internet Movie Database"},{"Value":"91%","Source":"Rotten Tomatoes"},{"Value":"76\/100","Source":"Metacritic"}],"Runtime":"121 min","Language":"English","Rated":"PG-13","Production":"Marvel Studios, Moving Picture Company, Marvel Enterprises","Released":"01 Aug 2014","imdbID":"tt2015381","Plot":"After stealing a mysterious orb in the far reaches of outer space, Peter Quill from Earth, is now the main target of a manhunt led by the villain known as Ronan the Accuser. To help fight Ronan and his team and save the galaxy from his power, Quill creates a team of space heroes known as the \"Guardians of the Galaxy\" to save the world.","Director":"James Gunn","Title":"Guardians of the Galaxy","Actors":"Chris Pratt, Zoe Saldana, Dave Bautista, Vin Diesel","Response":"True","Type":"movie","Awards":"Nominated for 2 Oscars. Another 52 wins & 100 nominations.","DVD":"N\/A","Year":"2014","Poster":"https:\/\/m.media-amazon.com\/images\/M\/MV5BMTAwMjU5OTgxNjZeQTJeQWpwZ15BbWU4MDUxNDYxODEx._V1_SX300.jpg","Country":"USA","Genre":"Action, Adventure, Comedy, Sci-Fi","Writer":"James Gunn, Nicole Perlman, Dan Abnett (based on the Marvel comics by), Andy Lanning (based on the Marvel comics by), Bill Mantlo (character created by: Rocket Raccoon), Keith Giffen (character created by: Rocket Raccoon), Jim Starlin (characters created by: Drax the Destroyer,  Gamora & Thanos), Steve Englehart (character created by: Star-Lord), Steve Gan (character created by: Star-Lord), Steve Gerber (character created by: Howard the Duck), Val Mayerik (character created by: Howard the Duck)"}
