{"Metascore":"67","BoxOffice":"N\/A","Website":"N\/A","imdbRating":"7.6","imdbVotes":"556,178","Ratings":[{"Value":"7.6\/10","Source":"Internet Movie Database"},{"Value":"85%","Source":"Rotten Tomatoes"},{"Value":"67\/100","Source":"Metacritic"}],"Runtime":"136 min","Language":"English","Rated":"PG-13","Production":"Marvel Studios, Walt Disney Pictures","Released":"05 May 2017","imdbID":"tt3896198","Plot":"After saving Xandar from Ronan's wrath, the Guardians are now recognized as heroes. Now the team must help their leader Star Lord (Chris Pratt) uncover the truth behind his true heritage. Along the way, old foes turn to allies and betrayal is blooming. And the Guardians find that they are up against a devastating new menace who is out to rule the galaxy.","Director":"James Gunn","Title":"Guardians of the Galaxy Vol. 2","Actors":"Chris Pratt, Zoe Saldana, Dave Bautista, Vin Diesel","Response":"True","Type":"movie","Awards":"Nominated for 1 Oscar. Another 15 wins & 56 nominations.","DVD":"N\/A","Year":"2017","Poster":"https:\/\/m.media-amazon.com\/images\/M\/MV5BNjM0NTc0NzItM2FlYS00YzEwLWE0YmUtNTA2ZWIzODc2OTgxXkEyXkFqcGdeQXVyNTgwNzIyNzg@._V1_SX300.jpg","Country":"USA","Genre":"Action, Adventure, Comedy, Sci-Fi","Writer":"James Gunn, Dan Abnett (based on the Marvel comics by), Andy Lanning (based on the Marvel comics by), Steve Englehart (Star-Lord created by), Steve Gan (Star-Lord created by), Jim Starlin (Gamora and Drax created by), Stan Lee (Groot created by), Larry Lieber (Groot created by), Jack Kirby (Groot created by), Bill Mantlo (Rocket Raccoon created by), Keith Giffen (Rocket Raccoon created by), Steve Gerber (Howard the Duck created by), Val Mayerik (Howard the Duck created by)"}
