{"Metascore":"63","BoxOffice":"N\/A","Website":"N\/A","imdbRating":"7.8","imdbVotes":"38,687","Ratings":[{"Value":"7.8\/10","Source":"Internet Movie Database"},{"Value":"70%","Source":"Rotten Tomatoes"},{"Value":"63\/100","Source":"Metacritic"}],"Runtime":"108 min","Language":"English","Rated":"Not Rated","Production":"Columbia Pictures Corporation","Released":"12 Dec 1967","imdbID":"tt0061735","Plot":"After a period of vacation in Hawaii, Joanna \"Joey\" Drayton returns to her parents' home in San Francisco bringing her fiancé, the high-qualified Dr. John Prentice, to introduce him to her mother Christina Drayton that owns an art gallery and her father Matt Drayton that is the publisher editor of the newspaper The Guardian. Joey was raised with a liberal education and intends to get married with Dr. John Prentice that is a black widower and needs to fly on that night to Geneva to work with the World Health Organization. Joey invites John's parents Mr. Prentice and Mrs. Prentice to have dinner with her family and the couple flies from Los Angeles to San Francisco without knowing that Joey is white. Christina invites also the liberal Monsignor Ryan, who is friend of her family. Along the day and night, the families discuss the problems of their son and daughter.","Director":"Stanley Kramer","Title":"Guess Who's Coming to Dinner","Actors":"Spencer Tracy, Sidney Poitier, Katharine Hepburn, Katharine Houghton","Response":"True","Type":"movie","Awards":"Won 2 Oscars. Another 9 wins & 24 nominations.","DVD":"N\/A","Year":"1967","Poster":"https:\/\/m.media-amazon.com\/images\/M\/MV5BZTVmMTk2NjUtNjVjNC00OTcwLWE4OWEtNzA4Mjk1ZmIwNDExXkEyXkFqcGdeQXVyNjUwNzk3NDc@._V1_SX300.jpg","Country":"USA","Genre":"Comedy, Drama","Writer":"William Rose"}
