{"Metascore":"N\/A","BoxOffice":"N\/A","Website":"N\/A","imdbRating":"8.1","imdbVotes":"249,242","Ratings":[{"Value":"8.1\/10","Source":"Internet Movie Database"},{"Value":"64%","Source":"Rotten Tomatoes"}],"Runtime":"93 min","Language":"English, Japanese","Rated":"G","Production":"Stage 6 Films, Inferno Distribution","Released":"12 Mar 2010","imdbID":"tt1028532","Plot":"In Bedridge, Professor Parker Wilson finds an abandoned dog at the train station and takes it home with the intention of returning the animal to its owner. He finds that the dog is an Akita and names it Hachiko. However, nobody claims the dog so his family decides to keep Hachi.","Director":"Lasse Hallström","Title":"Hachi: A Dog's Tale","Actors":"Richard Gere, Joan Allen, Cary-Hiroyuki Tagawa, Sarah Roemer","Response":"True","Type":"movie","Awards":"1 nomination.","DVD":"N\/A","Year":"2009","Poster":"https:\/\/m.media-amazon.com\/images\/M\/MV5BNzE4NDg5OWMtMzg3NC00ZDRjLTllMDMtZTRjNWZmNjBmMGZlXkEyXkFqcGdeQXVyMTMxODk2OTU@._V1_SX300.jpg","Country":"UK, USA","Genre":"Drama, Family","Writer":"Stephen P. Lindsey (screenplay), Kaneto Shindô (motion picture \"Hachiko monogatari\")"}
