{"Metascore":"71","BoxOffice":"N\/A","Website":"N\/A","imdbRating":"8.1","imdbVotes":"426,241","Ratings":[{"Value":"8.1\/10","Source":"Internet Movie Database"},{"Value":"84%","Source":"Rotten Tomatoes"},{"Value":"71\/100","Source":"Metacritic"}],"Runtime":"139 min","Language":"English, Japanese","Rated":"R","Production":"Tunnel Post, Kylin Pictures, Pandemonium, Demarest Films, Cross Creek Pictures, IM Global","Released":"04 Nov 2016","imdbID":"tt2119532","Plot":"The true story of Desmond T. Doss, the conscientious objector who, at the Battle of Okinawa, won the Medal of Honor for his incredible bravery and regard for his fellow soldiers. We see his upbringing and how this shaped his views, especially his religious view and anti-killing stance. We see Doss's trials and tribulations after enlisting in the US Army and trying to become a medic. Finally, we see the hell on Earth that was Hacksaw Ridge.","Director":"Mel Gibson","Title":"Hacksaw Ridge","Actors":"Andrew Garfield, Richard Pyros, Jacob Warner, Milo Gibson","Response":"True","Type":"movie","Awards":"Won 2 Oscars. Another 51 wins & 114 nominations.","DVD":"N\/A","Year":"2016","Poster":"https:\/\/m.media-amazon.com\/images\/M\/MV5BMjQ1NjM3MTUxNV5BMl5BanBnXkFtZTgwMDc5MTY5OTE@._V1_SX300.jpg","Country":"Australia, USA","Genre":"Biography, Drama, History, War","Writer":"Robert Schenkkan (screenplay by), Andrew Knight (screenplay by)"}
