{"Metascore":"87","BoxOffice":"N\/A","Website":"N\/A","imdbRating":"7.8","imdbVotes":"229,636","Ratings":[{"Value":"7.8\/10","Source":"Internet Movie Database"},{"Value":"96%","Source":"Rotten Tomatoes"},{"Value":"87\/100","Source":"Metacritic"}],"Runtime":"91 min","Language":"English","Rated":"R","Production":"Falcon Films","Released":"27 Oct 1978","imdbID":"tt0077651","Plot":"The year is 1963, the night: Halloween. Police are called to 43 Lampkin Ln. only to discover that 15 year old Judith Myers has been stabbed to death, by her 6 year-old brother, Michael. After being institutionalized for 15 years, Myers breaks out on the night before Halloween. No one knows, nor wants to find out, what will happen on October 31st 1978 besides Myers' psychiatrist, Dr. Loomis. He knows Michael is coming back to Haddonfield, but by the time the town realizes it, it'll be too late for many people.","Director":"John Carpenter","Title":"Halloween","Actors":"Donald Pleasence, Jamie Lee Curtis, Nancy Kyes, P.J. Soles","Response":"True","Type":"movie","Awards":"6 wins & 2 nominations.","DVD":"N\/A","Year":"1978","Poster":"https:\/\/m.media-amazon.com\/images\/M\/MV5BNzk1OGU2NmMtNTdhZC00NjdlLWE5YTMtZTQ0MGExZTQzOGQyXkEyXkFqcGdeQXVyMTQxNzMzNDI@._V1_SX300.jpg","Country":"USA","Genre":"Horror, Thriller","Writer":"John Carpenter (screenplay by), Debra Hill (screenplay by)"}
