{"Metascore":"90","BoxOffice":"N\/A","Website":"N\/A","imdbRating":"8.6","imdbVotes":"45,982","Ratings":[{"Value":"8.6\/10","Source":"Internet Movie Database"},{"Value":"90\/100","Source":"Metacritic"}],"Runtime":"160 min","Language":"English","Rated":"PG-13","Production":"N\/A","Released":"03 Jul 2020","imdbID":"tt8503618","Plot":"The real life of one of America's foremost founding fathers and first Secretary of the Treasury, Alexander Hamilton. Captured live on Broadway from the Richard Rodgers Theater with the original Broadway cast.","Director":"Thomas Kail","Title":"Hamilton","Actors":"Daveed Diggs, Renée Elise Goldsberry, Jonathan Groff, Chris Jackson","Response":"True","Type":"movie","Awards":"1 nomination.","DVD":"N\/A","Year":"2020","Poster":"https:\/\/m.media-amazon.com\/images\/M\/MV5BNjViNWRjYWEtZTI0NC00N2E3LTk0NGQtMjY4NTM3OGNkZjY0XkEyXkFqcGdeQXVyMjUxMTY3ODM@._V1_SX300.jpg","Country":"USA","Genre":"Biography, Drama, History, Musical","Writer":"Lin-Manuel Miranda (book), Ron Chernow (inspired by the book Alexander Hamilton by)"}
