{"Metascore":"N\/A","BoxOffice":"N\/A","Website":"N\/A","imdbRating":"7.7","imdbVotes":"35,686","Ratings":[{"Value":"7.7\/10","Source":"Internet Movie Database"},{"Value":"95%","Source":"Rotten Tomatoes"}],"Runtime":"242 min","Language":"English","Rated":"PG-13","Production":"Turner Pictures, Columbia Pictures, Fishmonger Films, Castle Rock Entertainment","Released":"25 Dec 1996","imdbID":"tt0116477","Plot":"Hamlet, son of the king of Denmark, is summoned home for his father's funeral and his mother's wedding to his uncle. In a supernatural episode, he discovers that his uncle, whom he hates anyway, murdered his father. In an incredibly convoluted plot--the most complicated and most interesting in all literature--he manages to (impossible to put this in exact order) feign (or perhaps not to feign) madness, murder the \"prime minister,\" love and then unlove an innocent whom he drives to madness, plot and then unplot against the uncle, direct a play within a play, successfully conspire against the lives of two well-meaning friends, and finally take his revenge on the uncle, but only at the cost of almost every life on stage, including his own and his mother's.","Director":"Kenneth Branagh","Title":"Hamlet","Actors":"Riz Abbasi, Richard Attenborough, David Blair, Brian Blessed","Response":"True","Type":"movie","Awards":"Nominated for 4 Oscars. Another 9 wins & 21 nominations.","DVD":"N\/A","Year":"1996","Poster":"https:\/\/m.media-amazon.com\/images\/M\/MV5BM2U5OWM5NWQtZDYwZS00NmI3LTk4NDktNzcwZjYzNmEzYWU1XkEyXkFqcGdeQXVyNjMwMjk0MTQ@._V1_SX300.jpg","Country":"UK, USA","Genre":"Drama","Writer":"William Shakespeare (play), Kenneth Branagh (screenplay)"}
