{"Metascore":"81","BoxOffice":"N\/A","Website":"N\/A","imdbRating":"7.7","imdbVotes":"65,906","Ratings":[{"Value":"7.7\/10","Source":"Internet Movie Database"},{"Value":"81%","Source":"Rotten Tomatoes"},{"Value":"81\/100","Source":"Metacritic"}],"Runtime":"134 min","Language":"English, Russian","Rated":"Unrated","Production":"Good Machine, Killer Films","Released":"16 Oct 1998","imdbID":"tt0147612","Plot":"A woman breaks up with her boyfriend, he thinks it's because he's fat. A man is unable to tell her next door neighbor he finds her sexually attractive. An old couple wants to split up, but they don't want to get a divorce. A therapist masturbates to teen magazines. An 11 year old kid is insecure about the fact that he hasn't cum yet. Office workers try to recall the face of a coworker who recently died. A woman is sure she has everything she could ever want. The lives of these individuals intertwine as they go about their lives in their own unique ways, engaging in acts society as a whole might find disturbing in a desperate search for human connection.","Director":"Todd Solondz","Title":"Happiness","Actors":"Jane Adams, Jon Lovitz, Philip Seymour Hoffman, Dylan Baker","Response":"True","Type":"movie","Awards":"Nominated for 1 Golden Globe. Another 12 wins & 25 nominations.","DVD":"N\/A","Year":"1998","Poster":"https:\/\/m.media-amazon.com\/images\/M\/MV5BM2FlNzE0ZmUtMmVkZS00MWQ3LWE4OWQtYjQwZjdhNzRmNWE2XkEyXkFqcGdeQXVyMTAwMzUyOTc@._V1_SX300.jpg","Country":"USA","Genre":"Comedy, Drama","Writer":"Todd Solondz"}
