{"Metascore":"N\/A","BoxOffice":"N\/A","Website":"N\/A","imdbRating":"7.8","imdbVotes":"46,109","Ratings":[{"Value":"7.8\/10","Source":"Internet Movie Database"},{"Value":"94%","Source":"Rotten Tomatoes"}],"Runtime":"128 min","Language":"Cantonese, English","Rated":"R","Production":"Golden Princess Film Production Limited, Milestone Pictures","Released":"16 Apr 1992","imdbID":"tt0104684","Plot":"Mobsters are smuggling guns into Hong Kong. The police orchestrate a raid at a teahouse where an ace detective loses his partner. Meanwhile, the two main gun smugglers are having a war over territory, and a young new gun is enlisted to wipe out informants and overcome barriers to growth. The detective, acting from inside sources, gets closer to the ring leaders and eventually must work with the inside man directly.","Director":"John Woo","Title":"Hard Boiled","Actors":"Yun-Fat Chow, Tony Chiu-Wai Leung, Teresa Mo, Philip Chan","Response":"True","Type":"movie","Awards":"3 wins & 4 nominations.","DVD":"N\/A","Year":"1992","Poster":"https:\/\/m.media-amazon.com\/images\/M\/MV5BOTIzZGU4ZWMtYmNjMy00NzU0LTljMGYtZmVkMDYwN2U2MzYwL2ltYWdlXkEyXkFqcGdeQXVyNTAyODkwOQ@@._V1_SX300.jpg","Country":"Hong Kong","Genre":"Action, Crime, Thriller","Writer":"John Woo (story), Barry Wong (screenplay)"}
