{"Metascore":"62","BoxOffice":"N\/A","Website":"N\/A","imdbRating":"7.9","imdbVotes":"70,026","Ratings":[{"Value":"7.9\/10","Source":"Internet Movie Database"},{"Value":"85%","Source":"Rotten Tomatoes"},{"Value":"62\/100","Source":"Metacritic"}],"Runtime":"91 min","Language":"English","Rated":"PG","Production":"Paramount Pictures","Released":"20 Dec 1971","imdbID":"tt0067185","Plot":"Young adult Harold Chasen, solitary and friendless by choice, is obsessed with death, this fascination manifesting itself in he staging his own fake suicides, driving a hearse, and attending funerals, even of people he doesn't know, all to the chagrin of his exasperated wealthy mother with who he lives. Mrs. Chasen is determined for Harold to be \"normal\", including she sending him into therapy to deal with his issues and finding him a girlfriend through a computer dating service. It is at a series of funerals that Harold meets Maude, on the cusp of her eightieth birthday, she who too attends funerals of strangers. Unlike Harold, Maude is obsessed with life - her own life to be more precise - she doing whatever she wants to please herself, damned what others may think or how they may be affected. Since she can't take material possessions with her, she is more interested in experiences, with whatever material possessions she has - often \"borrowed\" without asking - only to further those experiences. Their friendship is initially based on how the other can further their own priority. But as Maude shows Harold how to truly live, Harold falls in love with her. Their relationship, already limited in time by the sheer math, is curtailed even more as Maude shows him only not how to live well, but die well.","Director":"Hal Ashby","Title":"Harold and Maude","Actors":"Ruth Gordon, Bud Cort, Vivian Pickles, Cyril Cusack","Response":"True","Type":"movie","Awards":"Nominated for 2 Golden Globes. Another 2 wins & 1 nomination.","DVD":"N\/A","Year":"1971","Poster":"https:\/\/m.media-amazon.com\/images\/M\/MV5BY2M5Mzg3NjctZTlkNy00MTU0LWFlYTQtY2E2Y2M4NjNiNzllXkEyXkFqcGdeQXVyMTAwMzUyOTc@._V1_SX300.jpg","Country":"USA","Genre":"Comedy, Drama, Romance","Writer":"Colin Higgins"}
