{"Metascore":"82","BoxOffice":"N\/A","Website":"N\/A","imdbRating":"7.9","imdbVotes":"540,108","Ratings":[{"Value":"7.9\/10","Source":"Internet Movie Database"},{"Value":"90%","Source":"Rotten Tomatoes"},{"Value":"82\/100","Source":"Metacritic"}],"Runtime":"142 min","Language":"English","Rated":"PG","Production":"Heyday Films, Warner Brothers, 1492 Pictures","Released":"04 Jun 2004","imdbID":"tt0304141","Plot":"Harry Potter is having a tough time with his relatives (yet again). He runs away after using magic to inflate Uncle Vernon's sister Marge who was being offensive towards Harry's parents. Initially scared for using magic outside the school, he is pleasantly surprised that he won't be penalized after all. However, he soon learns that a dangerous criminal and Voldemort's trusted aide Sirius Black has escaped from the Azkaban prison and wants to kill Harry to avenge the Dark Lord. To worsen the conditions for Harry, vile creatures called Dementors are appointed to guard the school gates and inexplicably happen to have the most horrible effect on him. Little does Harry know that by the end of this year, many holes in his past (whatever he knows of it) will be filled up and he will have a clearer vision of what the future has in store...","Director":"Alfonso Cuarón","Title":"Harry Potter and the Prisoner of Azkaban","Actors":"Daniel Radcliffe, Richard Griffiths, Pam Ferris, Fiona Shaw","Response":"True","Type":"movie","Awards":"Nominated for 2 Oscars. Another 17 wins & 51 nominations.","DVD":"N\/A","Year":"2004","Poster":"https:\/\/m.media-amazon.com\/images\/M\/MV5BMTY4NTIwODg0N15BMl5BanBnXkFtZTcwOTc0MjEzMw@@._V1_SX300.jpg","Country":"UK, USA","Genre":"Adventure, Family, Fantasy, Mystery","Writer":"J.K. Rowling (novel), Steve Kloves (screenplay)"}
