{"Metascore":"65","BoxOffice":"N\/A","Website":"N\/A","imdbRating":"7.7","imdbVotes":"468,609","Ratings":[{"Value":"7.7\/10","Source":"Internet Movie Database"},{"Value":"77%","Source":"Rotten Tomatoes"},{"Value":"65\/100","Source":"Metacritic"}],"Runtime":"146 min","Language":"English","Rated":"PG-13","Production":"Warner Bros., Heyday Films","Released":"19 Nov 2010","imdbID":"tt0926084","Plot":"Voldemort's power is growing stronger. He now has control over the Ministry of Magic and Hogwarts. Harry, Ron, and Hermione decide to finish Dumbledore's work and find the rest of the Horcruxes to defeat the Dark Lord. But little hope remains for the Trio, and the rest of the Wizarding World, so everything they do must go as planned.","Director":"David Yates","Title":"Harry Potter and the Deathly Hallows: Part 1","Actors":"Bill Nighy, Emma Watson, Richard Griffiths, Harry Melling","Response":"True","Type":"movie","Awards":"Nominated for 2 Oscars. Another 15 wins & 53 nominations.","DVD":"N\/A","Year":"2010","Poster":"https:\/\/m.media-amazon.com\/images\/M\/MV5BMTQ2OTE1Mjk0N15BMl5BanBnXkFtZTcwODE3MDAwNA@@._V1_SX300.jpg","Country":"UK, USA","Genre":"Adventure, Family, Fantasy, Mystery","Writer":"Steve Kloves (screenplay), J.K. Rowling (novel)"}
