{"Metascore":"78","BoxOffice":"N\/A","Website":"N\/A","imdbRating":"7.6","imdbVotes":"465,411","Ratings":[{"Value":"7.6\/10","Source":"Internet Movie Database"},{"Value":"84%","Source":"Rotten Tomatoes"},{"Value":"78\/100","Source":"Metacritic"}],"Runtime":"153 min","Language":"English","Rated":"PG","Production":"Warner Bros., Heyday Films","Released":"15 Jul 2009","imdbID":"tt0417741","Plot":"In the sixth year at Hogwarts School of Witchcraft, and in both wizard and muggle worlds Lord Voldemort and his henchmen are increasingly active. With vacancies to fill at Hogwarts, Professor Dumbledore persuades Horace Slughorn, back from retirement to become the potions teacher, while Professor Snape receives long awaited news. Harry Potter, together with Dumbledore, must face treacherous tasks to defeat his evil nemesis.","Director":"David Yates","Title":"Harry Potter and the Half-Blood Prince","Actors":"Daniel Radcliffe, Michael Gambon, Dave Legeno, Elarica Johnson","Response":"True","Type":"movie","Awards":"Nominated for 1 Oscar. Another 8 wins & 35 nominations.","DVD":"N\/A","Year":"2009","Poster":"https:\/\/m.media-amazon.com\/images\/M\/MV5BNzU3NDg4NTAyNV5BMl5BanBnXkFtZTcwOTg2ODg1Mg@@._V1_SX300.jpg","Country":"UK, USA","Genre":"Action, Adventure, Family, Fantasy, Mystery","Writer":"Steve Kloves (screenplay), J.K. Rowling (novel)"}
