{"Metascore":"85","BoxOffice":"N\/A","Website":"N\/A","imdbRating":"8.1","imdbVotes":"751,211","Ratings":[{"Value":"8.1\/10","Source":"Internet Movie Database"},{"Value":"96%","Source":"Rotten Tomatoes"},{"Value":"85\/100","Source":"Metacritic"}],"Runtime":"130 min","Language":"English","Rated":"PG-13","Production":"Warner Bros., Moving Picture Company, Heyday Films","Released":"15 Jul 2011","imdbID":"tt1201607","Plot":"Harry, Ron, and Hermione continue their quest of finding and destroying the Dark Lord's three remaining Horcruxes, the magical items responsible for his immortality. But as the mystical Deathly Hallows are uncovered, and Voldemort finds out about their mission, the biggest battle begins and life as they know it will never be the same again.","Director":"David Yates","Title":"Harry Potter and the Deathly Hallows: Part 2","Actors":"Ralph Fiennes, Michael Gambon, Alan Rickman, Daniel Radcliffe","Response":"True","Type":"movie","Awards":"Nominated for 3 Oscars. Another 46 wins & 91 nominations.","DVD":"N\/A","Year":"2011","Poster":"https:\/\/m.media-amazon.com\/images\/M\/MV5BMGVmMWNiMDktYjQ0Mi00MWIxLTk0N2UtN2ZlYTdkN2IzNDNlXkEyXkFqcGdeQXVyODE5NzE3OTE@._V1_SX300.jpg","Country":"UK, USA","Genre":"Adventure, Drama, Fantasy, Mystery","Writer":"Steve Kloves (screenplay), J.K. Rowling (novel)"}
