{"Metascore":"64","BoxOffice":"N\/A","Website":"N\/A","imdbRating":"7.6","imdbVotes":"639,279","Ratings":[{"Value":"7.6\/10","Source":"Internet Movie Database"},{"Value":"81%","Source":"Rotten Tomatoes"},{"Value":"64\/100","Source":"Metacritic"}],"Runtime":"152 min","Language":"English","Rated":"PG","Production":"Heyday Films, Warner Brothers, 1492 Pictures","Released":"16 Nov 2001","imdbID":"tt0241527","Plot":"This is the tale of Harry Potter, an ordinary 11-year-old boy serving as a sort of slave for his aunt and uncle who learns that he is actually a wizard and has been invited to attend the Hogwarts School for Witchcraft and Wizardry. Harry is snatched away from his mundane existence by Hagrid, the grounds keeper for Hogwarts, and quickly thrown into a world completely foreign to both him and the viewer. Famous for an incident that happened at his birth, Harry makes friends easily at his new school. He soon finds, however, that the wizarding world is far more dangerous for him than he would have imagined, and he quickly learns that not all wizards are ones to be trusted.","Director":"Chris Columbus","Title":"Harry Potter and the Sorcerer's Stone","Actors":"Richard Harris, Maggie Smith, Robbie Coltrane, Saunders Triplets","Response":"True","Type":"movie","Awards":"Nominated for 3 Oscars. Another 17 wins & 65 nominations.","DVD":"N\/A","Year":"2001","Poster":"https:\/\/m.media-amazon.com\/images\/M\/MV5BNjQ3NWNlNmQtMTE5ZS00MDdmLTlkZjUtZTBlM2UxMGFiMTU3XkEyXkFqcGdeQXVyNjUwNzk3NDc@._V1_SX300.jpg","Country":"UK, USA","Genre":"Adventure, Family, Fantasy","Writer":"J.K. Rowling (novel), Steve Kloves (screenplay)"}
