{"Metascore":"81","BoxOffice":"N\/A","Website":"N\/A","imdbRating":"7.7","imdbVotes":"537,708","Ratings":[{"Value":"7.7\/10","Source":"Internet Movie Database"},{"Value":"88%","Source":"Rotten Tomatoes"},{"Value":"81\/100","Source":"Metacritic"}],"Runtime":"157 min","Language":"English, French","Rated":"PG-13","Production":"Warner Bros., 1492 Pictures, Heyday Films","Released":"18 Nov 2005","imdbID":"tt0330373","Plot":"Harry's fourth year at Hogwarts is about to start and he is enjoying the summer vacation with his friends. They get the tickets to The Quidditch World Cup Final but after the match is over, people dressed like Lord Voldemort's 'Death Eaters' set a fire to all the visitors' tents, coupled with the appearance of Voldemort's symbol, the 'Dark Mark' in the sky, which causes a frenzy across the magical community. That same year, Hogwarts is hosting 'The Triwizard Tournament', a magical tournament between three well-known schools of magic : Hogwarts, Beauxbatons and Durmstrang. The contestants have to be above the age of 17, and are chosen by a magical object called Goblet of Fire. On the night of selection, however, the Goblet spews out four names instead of the usual three, with Harry unwittingly being selected as the Fourth Champion. Since the magic cannot be reversed, Harry is forced to go with it and brave three exceedingly difficult tasks.","Director":"Mike Newell","Title":"Harry Potter and the Goblet of Fire","Actors":"Eric Sykes, Timothy Spall, David Tennant, Daniel Radcliffe","Response":"True","Type":"movie","Awards":"Nominated for 1 Oscar. Another 13 wins & 42 nominations.","DVD":"N\/A","Year":"2005","Poster":"https:\/\/m.media-amazon.com\/images\/M\/MV5BMTI1NDMyMjExOF5BMl5BanBnXkFtZTcwOTc4MjQzMQ@@._V1_SX300.jpg","Country":"UK, USA","Genre":"Adventure, Family, Fantasy, Mystery","Writer":"Steve Kloves (screenplay), J.K. Rowling (novel)"}
