{"Metascore":"78","BoxOffice":"N\/A","Website":"N\/A","imdbRating":"7.9","imdbVotes":"50,526","Ratings":[{"Value":"7.9\/10","Source":"Internet Movie Database"},{"Value":"78\/100","Source":"Metacritic"}],"Runtime":"121 min","Language":"German, Turkish, English","Rated":"R","Production":"N\/A","Released":"11 Mar 2004","imdbID":"tt0347048","Plot":"In 'Gegen die Wand' Cahit, a 40-something male from Mersin in Turkey has removed everything Turkish from his life. He has become an alcoholic drug addict and at the start of the movie wants to end it all. Sibel a 20-something female from Hamburg wishes to please her Turkish parents yet yearns for freedom. She has had her nose broken by her brother for being seen holding hands with a boy and yet she can not break her mother's heart and run away. She too attempts suicide and she first approaches Cahit there at the Hospital. Sibel asks Cahit to marry her, as she believes this to be the way out of her parent's house. She promises Cahit that their relationship will be like roommates, not like a married couple. The film follows Sibel and Cahit as they get married, become closer and eventually fall in love.","Director":"Fatih Akin","Title":"Head-On","Actors":"Birol Ünel, Güven Kiraç, Zarah Jane McKenzie, Stefan Gebelhoff","Response":"True","Type":"movie","Awards":"25 wins & 14 nominations.","DVD":"29 May 2007","Year":"2004","Poster":"https:\/\/m.media-amazon.com\/images\/M\/MV5BODBiNzYxNzYtMjkyMi00MjUyLWJkM2YtZjNkMDhhYmEwMTRiL2ltYWdlXkEyXkFqcGdeQXVyNTAyODkwOQ@@._V1_SX300.jpg","Country":"Germany, Turkey","Genre":"Drama, Romance","Writer":"Fatih Akin (book)"}
