{"Metascore":"76","BoxOffice":"N\/A","Website":"N\/A","imdbRating":"8.2","imdbVotes":"568,209","Ratings":[{"Value":"8.2\/10","Source":"Internet Movie Database"},{"Value":"87%","Source":"Rotten Tomatoes"},{"Value":"76\/100","Source":"Metacritic"}],"Runtime":"170 min","Language":"English, Spanish","Rated":"R","Production":"Warner Brothers, Regency Enterprises, Forward Pass","Released":"15 Dec 1995","imdbID":"tt0113277","Plot":"Hunters and their prey--Neil and his professional criminal crew hunt to score big money targets (banks, vaults, armored cars) and are, in turn, hunted by Lt. Vincent Hanna and his team of cops in the Robbery\/Homicide police division. A botched job puts Hanna onto their trail while they regroup and try to put together one last big 'retirement' score. Neil and Vincent are similar in many ways, including their troubled personal lives. At a crucial moment in his life, Neil disobeys the dictum taught to him long ago by his criminal mentor--'Never have anything in your life that you can't walk out on in thirty seconds flat, if you spot the heat coming around the corner'--as he falls in love. Thus the stage is set for the suspenseful ending....","Director":"Michael Mann","Title":"Heat","Actors":"Al Pacino, Robert De Niro, Val Kilmer, Jon Voight","Response":"True","Type":"movie","Awards":"14 nominations.","DVD":"N\/A","Year":"1995","Poster":"https:\/\/m.media-amazon.com\/images\/M\/MV5BNGMwNzUwNjYtZWM5NS00YzMyLWI4NjAtNjM0ZDBiMzE1YWExXkEyXkFqcGdeQXVyNDk3NzU2MTQ@._V1_SX300.jpg","Country":"USA","Genre":"Crime, Drama, Thriller","Writer":"Michael Mann"}
