{"Metascore":"85","BoxOffice":"N\/A","Website":"N\/A","imdbRating":"7.7","imdbVotes":"31,712","Ratings":[{"Value":"7.7\/10","Source":"Internet Movie Database"},{"Value":"92%","Source":"Rotten Tomatoes"},{"Value":"85\/100","Source":"Metacritic"}],"Runtime":"95 min","Language":"English, German","Rated":"R","Production":"New Line Cinema, Killer Films","Released":"31 Aug 2001","imdbID":"tt0248845","Plot":"Hedwig, born male as Hansel in East Berlin, fell in love with an American G.I. and underwent a Gender Confirmation Surgery in order to marry him and flee to the West. Unfortunately, nothing worked out quite as it was supposed to - years later, Hedwig is leading her rock band on a tour of the U.S., telling her life story through a series of concerts at Bilgewater Inn seafood restaurants. Her tour dates coincide with those of arena-rock star Tommy Gnosis, a wide-eyed boy who once loved Hedwig - but then left with all her songs.","Director":"John Cameron Mitchell","Title":"Hedwig and the Angry Inch","Actors":"John Cameron Mitchell, Miriam Shor, Stephen Trask, Theodore Liscinski","Response":"True","Type":"movie","Awards":"Nominated for 1 Golden Globe. Another 28 wins & 32 nominations.","DVD":"N\/A","Year":"2001","Poster":"https:\/\/m.media-amazon.com\/images\/M\/MV5BZGY5NWUyNDUtZWJhZi00ZjMxLWFmMjMtYmJhZjVkZGZhNWQ4XkEyXkFqcGdeQXVyMTQxNzMzNDI@._V1_SX300.jpg","Country":"USA","Genre":"Comedy, Drama, Music, Musical","Writer":"John Cameron Mitchell (book), Stephen Trask (book), John Cameron Mitchell (screenplay)"}
