{"Metascore":"88","BoxOffice":"N\/A","Website":"N\/A","imdbRating":"7.6","imdbVotes":"200,968","Ratings":[{"Value":"7.6\/10","Source":"Internet Movie Database"},{"Value":"97%","Source":"Rotten Tomatoes"},{"Value":"88\/100","Source":"Metacritic"}],"Runtime":"102 min","Language":"English","Rated":"R","Production":"Odd Lot Entertainment, Sidney Kimmel Entertainment, LBI Entertainment, Film 44, CBS Films","Released":"26 Aug 2016","imdbID":"tt2582782","Plot":"In Texas, after the death of his mother, the unemployed oil and gas worker Toby Howard is losing his ranch to the Texas Midlands Bank. Toby is divorced from his wife who lives with their two sons. When his brother Tanner Howard is released from the prison, they team up to rob agencies of the Texas Midlands Bank to raise money to pay the loan so that Toby may leave the real estate to his sons. Meanwhile the Texas Ranger Marcus Hamilton who is near retirement and his Indian descendant partner Alberto Parker try to anticipate the next move of the thieves.","Director":"David Mackenzie","Title":"Hell or High Water","Actors":"Dale Dickey, Ben Foster, Chris Pine, William Sterchi","Response":"True","Type":"movie","Awards":"Nominated for 4 Oscars. Another 48 wins & 165 nominations.","DVD":"N\/A","Year":"2016","Poster":"https:\/\/m.media-amazon.com\/images\/M\/MV5BMTg4NDA1OTA5NF5BMl5BanBnXkFtZTgwMDQ2MDM5ODE@._V1_SX300.jpg","Country":"USA","Genre":"Action, Crime, Drama, Thriller, Western","Writer":"Taylor Sheridan"}
