{"Metascore":"90","BoxOffice":"N\/A","Website":"N\/A","imdbRating":"8.0","imdbVotes":"528,713","Ratings":[{"Value":"8.0\/10","Source":"Internet Movie Database"},{"Value":"95%","Source":"Rotten Tomatoes"},{"Value":"90\/100","Source":"Metacritic"}],"Runtime":"126 min","Language":"English","Rated":"R","Production":"Annapurna Pictures","Released":"10 Jan 2014","imdbID":"tt1798709","Plot":"Theodore is a lonely man in the final stages of his divorce. When he's not working as a letter writer, his down time is spent playing video games and occasionally hanging out with friends. He decides to purchase the new OS1, which is advertised as the world's first artificially intelligent operating system, \"It's not just an operating system, it's a consciousness,\" the ad states. Theodore quickly finds himself drawn in with Samantha, the voice behind his OS1. As they start spending time together they grow closer and closer and eventually find themselves in love. Having fallen in love with his OS, Theodore finds himself dealing with feelings of both great joy and doubt. As an OS, Samantha has powerful intelligence that she uses to help Theodore in ways others hadn't, but how does she help him deal with his inner conflict of being in love with an OS?","Director":"Spike Jonze","Title":"Her","Actors":"Joaquin Phoenix, Lynn Adrianna Freedman, Lisa Renee Pitts, Gabe Gomez","Response":"True","Type":"movie","Awards":"Won 1 Oscar. Another 81 wins & 185 nominations.","DVD":"N\/A","Year":"2013","Poster":"https:\/\/m.media-amazon.com\/images\/M\/MV5BMjA1Nzk0OTM2OF5BMl5BanBnXkFtZTgwNjU2NjEwMDE@._V1_SX300.jpg","Country":"USA","Genre":"Drama, Romance, Sci-Fi","Writer":"Spike Jonze"}
