{"Metascore":"74","BoxOffice":"N\/A","Website":"N\/A","imdbRating":"7.8","imdbVotes":"196,500","Ratings":[{"Value":"7.8\/10","Source":"Internet Movie Database"},{"Value":"93%","Source":"Rotten Tomatoes"},{"Value":"74\/100","Source":"Metacritic"}],"Runtime":"127 min","Language":"English","Rated":"PG","Production":"Chernin Entertainment, Levantine Films","Released":"06 Jan 2017","imdbID":"tt4846340","Plot":"As the United States raced against Russia to put a man in space, NASA found untapped talent in a group of African-American female mathematicians that served as the brains behind one of the greatest operations in U.S. history. Based on the unbelievably true life stories of three of these women, known as \"human computers\", we follow these women as they quickly rose the ranks of NASA alongside many of history's greatest minds specifically tasked with calculating the momentous launch of astronaut John Glenn into orbit, and guaranteeing his safe return. Dorothy Vaughan, Mary Jackson, and Katherine Johnson crossed all gender, race, and professional lines while their brilliance and desire to dream big, beyond anything ever accomplished before by the human race, firmly cemented them in U.S. history as true American heroes.","Director":"Theodore Melfi","Title":"Hidden Figures","Actors":"Taraji P. Henson, Octavia Spencer, Janelle Monáe, Kevin Costner","Response":"True","Type":"movie","Awards":"Nominated for 3 Oscars. Another 37 wins & 85 nominations.","DVD":"N\/A","Year":"2016","Poster":"https:\/\/m.media-amazon.com\/images\/M\/MV5BMzg2Mzg4YmUtNDdkNy00NWY1LWE3NmEtZWMwNGNlMzE5YzU3XkEyXkFqcGdeQXVyMjA5MTIzMjQ@._V1_SX300.jpg","Country":"USA","Genre":"Biography, Drama, History","Writer":"Allison Schroeder (screenplay by), Theodore Melfi (screenplay by), Margot Lee Shetterly (based on the book by)"}
