{"Metascore":"63","BoxOffice":"N\/A","Website":"N\/A","imdbRating":"7.6","imdbVotes":"457,199","Ratings":[{"Value":"7.6\/10","Source":"Internet Movie Database"},{"Value":"65%","Source":"Rotten Tomatoes"},{"Value":"63\/100","Source":"Metacritic"}],"Runtime":"103 min","Language":"English","Rated":"PG","Production":"20th Century Fox, Hughes Entertainment","Released":"16 Nov 1990","imdbID":"tt0099785","Plot":"It is Christmas time and the McCallister family is preparing for a vacation in Paris, France. But the youngest in the family named Kevin got into a scuffle with his older brother Buzz and was sent to his room which is on the third floor of his house. Then, the next morning, while the rest of the family was in a rush to make it to the airport on time, they completely forgot about Kevin who now has the house all to himself. Being home alone was fun for Kevin, having a pizza all to himself, jumping on his parents' bed, and making a mess. Then, Kevin discovers about two burglars, Harry and Marv, about to rob his house on Christmas Eve. Kevin acts quickly by wiring his own house with makeshift booby traps to stop the burglars and to bring them to justice.","Director":"Chris Columbus","Title":"Home Alone","Actors":"Macaulay Culkin, Joe Pesci, Daniel Stern, John Heard","Response":"True","Type":"movie","Awards":"Nominated for 2 Oscars. Another 11 wins & 4 nominations.","DVD":"N\/A","Year":"1990","Poster":"https:\/\/m.media-amazon.com\/images\/M\/MV5BMzFkM2YwOTQtYzk2Mi00N2VlLWE3NTItN2YwNDg1YmY0ZDNmXkEyXkFqcGdeQXVyMTMxODk2OTU@._V1_SX300.jpg","Country":"USA","Genre":"Comedy, Family","Writer":"John Hughes"}
