{"Metascore":"79","BoxOffice":"N\/A","Website":"N\/A","imdbRating":"8.1","imdbVotes":"330,955","Ratings":[{"Value":"8.1\/10","Source":"Internet Movie Database"},{"Value":"91%","Source":"Rotten Tomatoes"},{"Value":"79\/100","Source":"Metacritic"}],"Runtime":"121 min","Language":"English, French, Kinyarwanda","Rated":"PG-13","Production":"United Artists","Released":"04 Feb 2005","imdbID":"tt0395169","Plot":"During the 1990s, some of the worst atrocities in the history of mankind took place in the country of Rwanda--and in an era of high-speed communication and round the clock news, the events went almost unnoticed by the rest of the world. In only three months, one million people were brutally murdered. In the face of these unspeakable actions, inspired by his love for his family, an ordinary man summons extraordinary courage to save the lives of over a thousand helpless refugees, by granting them shelter in the hotel he manages.","Director":"Terry George","Title":"Hotel Rwanda","Actors":"Xolani Mali, Don Cheadle, Desmond Dube, Hakeem Kae-Kazim","Response":"True","Type":"movie","Awards":"Nominated for 3 Oscars. Another 17 wins & 45 nominations.","DVD":"N\/A","Year":"2004","Poster":"https:\/\/m.media-amazon.com\/images\/M\/MV5BZGJjYmIzZmQtNWE4Yy00ZGVmLWJkZGEtMzUzNmQ4ZWFlMjRhXkEyXkFqcGdeQXVyMTMxODk2OTU@._V1_SX300.jpg","Country":"UK, South Africa, Italy","Genre":"Biography, Drama, History, War","Writer":"Keir Pearson, Terry George"}
