{"Metascore":"81","BoxOffice":"N\/A","Website":"N\/A","imdbRating":"7.8","imdbVotes":"457,721","Ratings":[{"Value":"7.8\/10","Source":"Internet Movie Database"},{"Value":"91%","Source":"Rotten Tomatoes"},{"Value":"81\/100","Source":"Metacritic"}],"Runtime":"121 min","Language":"English","Rated":"R","Production":"Working Title Films, Universal Pictures, StudioCanal","Released":"20 Apr 2007","imdbID":"tt0425112","Plot":"Top London cop, PC Nicholas Angel is good. Too good. And to stop the rest of his team looking bad, he is reassigned to the quiet town of Sandford. He is paired with Danny Butterman, who endlessly questions him on the action lifestyle. Everything seems quiet for Angel, until two actors are found decapitated. It is called an accident, but Angel isn't going to accept that, especially when more and more people turn up dead. Angel and Danny clash with everyone, whilst trying to uncover the truth behind the mystery of the apparent \"accidents\".","Director":"Edgar Wright","Title":"Hot Fuzz","Actors":"Simon Pegg, Martin Freeman, Bill Nighy, Robert Popper","Response":"True","Type":"movie","Awards":"2 wins & 9 nominations.","DVD":"N\/A","Year":"2007","Poster":"https:\/\/m.media-amazon.com\/images\/M\/MV5BMzg4MDJhMDMtYmJiMS00ZDZmLThmZWUtYTMwZDM1YTc5MWE2XkEyXkFqcGdeQXVyNjU0OTQ0OTY@._V1_SX300.jpg","Country":"UK, France","Genre":"Action, Comedy, Mystery, Thriller","Writer":"Edgar Wright, Simon Pegg"}
