{"Metascore":"76","BoxOffice":"N\/A","Website":"N\/A","imdbRating":"7.8","imdbVotes":"301,713","Ratings":[{"Value":"7.8\/10","Source":"Internet Movie Database"},{"Value":"91%","Source":"Rotten Tomatoes"},{"Value":"76\/100","Source":"Metacritic"}],"Runtime":"102 min","Language":"English","Rated":"PG","Production":"DreamWorks Animation, Mad Hatter Entertainment","Released":"13 Jun 2014","imdbID":"tt1646971","Plot":"It's been five years since Hiccup and Toothless successfully united dragons and vikings on the island of Berk. While Astrid, Snotlout and the rest of the gang are challenging each other to dragon races (the island's new favorite contact sport), the now inseparable pair journey through the skies, charting unmapped territories and exploring new worlds. When one of their adventures leads to the discovery of a secret ice cave that is home to hundreds of new wild dragons and the mysterious Dragon Rider, the two friends find themselves at the center of a battle to protect the peace. Now, Hiccup and Toothless must unite to stand up for what they believe while recognizing that only together do they have the power to change the future of both men and dragons.","Director":"Dean DeBlois","Title":"How to Train Your Dragon 2","Actors":"Jay Baruchel, Cate Blanchett, Gerard Butler, Craig Ferguson","Response":"True","Type":"movie","Awards":"Nominated for 1 Oscar. Another 14 wins & 60 nominations.","DVD":"N\/A","Year":"2014","Poster":"https:\/\/m.media-amazon.com\/images\/M\/MV5BMzMwMTAwODczN15BMl5BanBnXkFtZTgwMDk2NDA4MTE@._V1_SX300.jpg","Country":"USA","Genre":"Animation, Action, Adventure, Family, Fantasy","Writer":"Dean DeBlois, Cressida Cowell (based upon the \"How to Train Your Dragon\" book series by)"}
