{"Metascore":"75","BoxOffice":"N\/A","Website":"N\/A","imdbRating":"8.1","imdbVotes":"658,286","Ratings":[{"Value":"8.1\/10","Source":"Internet Movie Database"},{"Value":"99%","Source":"Rotten Tomatoes"},{"Value":"75\/100","Source":"Metacritic"}],"Runtime":"98 min","Language":"English","Rated":"PG","Production":"DreamWorks Animation, Vertigo Entertainment","Released":"26 Mar 2010","imdbID":"tt0892769","Plot":"Long ago up North on the Island of Berk, the young Viking, Hiccup, wants to join his town's fight against the dragons that continually raid their town. However, his macho father and village leader, Stoik the Vast, will not allow his small, clumsy, but inventive son to do so. Regardless, Hiccup ventures out into battle and downs a mysterious Night Fury dragon with his invention, but can't bring himself to kill it. Instead, Hiccup and the dragon, whom he dubs Toothless, begin a friendship that would open up both their worlds as the observant boy learns that his people have misjudged the species. But even as the two each take flight in their own way, they find that they must fight the destructive ignorance plaguing their world.","Director":"Dean DeBlois, Chris Sanders","Title":"How to Train Your Dragon","Actors":"Jay Baruchel, Gerard Butler, Craig Ferguson, America Ferrera","Response":"True","Type":"movie","Awards":"Nominated for 2 Oscars. Another 25 wins & 60 nominations.","DVD":"N\/A","Year":"2010","Poster":"https:\/\/m.media-amazon.com\/images\/M\/MV5BMjA5NDQyMjc2NF5BMl5BanBnXkFtZTcwMjg5ODcyMw@@._V1_SX300.jpg","Country":"USA","Genre":"Animation, Action, Adventure, Family, Fantasy","Writer":"William Davies (screenplay by), Dean DeBlois (screenplay by), Chris Sanders (screenplay by), Cressida Cowell (based on the book by), Marc Hyman (collaborating writer)"}
