{"Metascore":"81","BoxOffice":"N\/A","Website":"N\/A","imdbRating":"7.9","imdbVotes":"106,527","Ratings":[{"Value":"7.9\/10","Source":"Internet Movie Database"},{"Value":"96%","Source":"Rotten Tomatoes"},{"Value":"81\/100","Source":"Metacritic"}],"Runtime":"101 min","Language":"English","Rated":"PG-13","Production":"Defender Films, Piki Films","Released":"01 Jul 2016","imdbID":"tt4698684","Plot":"A national manhunt is ordered for a rebellious kid and his foster uncle who go missing in the wild New Zealand bush.","Director":"Taika Waititi","Title":"Hunt for the Wilderpeople","Actors":"Sam Neill, Julian Dennison, Rima Te Wiata, Rachel House","Response":"True","Type":"movie","Awards":"22 wins & 25 nominations.","DVD":"N\/A","Year":"2016","Poster":"https:\/\/m.media-amazon.com\/images\/M\/MV5BMjI1MDQ2MDg5Ml5BMl5BanBnXkFtZTgwMjc2NjM5ODE@._V1_SX300.jpg","Country":"New Zealand","Genre":"Adventure, Comedy, Drama","Writer":"Taika Waititi (screenplay), Barry Crump (based on the book \"Wild Pork and Watercress\" written by), Te Arepa Kahi (additional writing)"}
