{"Metascore":"28","BoxOffice":"N\/A","Website":"N\/A","imdbRating":"7.7","imdbVotes":"141,710","Ratings":[{"Value":"7.7\/10","Source":"Internet Movie Database"},{"Value":"35%","Source":"Rotten Tomatoes"},{"Value":"28\/100","Source":"Metacritic"}],"Runtime":"132 min","Language":"English","Rated":"PG-13","Production":"New Line Cinema, Bedford Falls Productions, Avery Pix","Released":"25 Jan 2002","imdbID":"tt0277027","Plot":"Sam Dawson has the mental capacity of a 7-year-old. He works at a Starbucks and is obsessed with the Beatles. He has a daughter with a homeless woman; she abandons them as soon as they leave the hospital. He names his daughter Lucy Diamond (after the Beatles song), and raises her. But as she reaches age 7 herself, Sam's limitations start to become a problem at school; she's intentionally holding back to avoid looking smarter than him. The authorities take her away, and Sam shames high-priced lawyer Rita Harrison into taking his case pro bono. In the process, he teaches her a great deal about love, and whether it's really all you need.","Director":"Jessie Nelson","Title":"I Am Sam","Actors":"Sean Penn, Michelle Pfeiffer, Dakota Fanning, Dianne Wiest","Response":"True","Type":"movie","Awards":"Nominated for 1 Oscar. Another 8 wins & 11 nominations.","DVD":"N\/A","Year":"2001","Poster":"https:\/\/m.media-amazon.com\/images\/M\/MV5BYzEyNzc0NjctZjJiZC00MWI1LWJlOTMtYWZkZDAzNzQ0ZDNkXkEyXkFqcGdeQXVyMTQxNzMzNDI@._V1_SX300.jpg","Country":"USA","Genre":"Drama","Writer":"Kristine Johnson, Jessie Nelson"}
