{"Metascore":"78","BoxOffice":"N\/A","Website":"N\/A","imdbRating":"7.9","imdbVotes":"52,489","Ratings":[{"Value":"7.9\/10","Source":"Internet Movie Database"},{"Value":"92%","Source":"Rotten Tomatoes"},{"Value":"78\/100","Source":"Metacritic"}],"Runtime":"100 min","Language":"English","Rated":"R","Production":"Les Films du Fleuve, Wild Bunch, France 2 Cinéma, Why Not Productions, Canal Plus, Sixteen Films, BFI Production, BBC Films","Released":"09 Jun 2017","imdbID":"tt5168192","Plot":"A 59 year old carpenter recovering from a heart attack befriends a single mother and her two kids as they navigate their way through the impersonal, Kafkaesque benefits system. With equal amounts of humor, warmth and despair, the journey is heartfelt and emotional until the end.","Director":"Ken Loach, Laura Obiols","Title":"I, Daniel Blake","Actors":"Dave Johns, Hayley Squires, Briana Shann, Dylan McKiernan","Response":"True","Type":"movie","Awards":"Won 1 BAFTA Film Award. Another 28 wins & 36 nominations.","DVD":"N\/A","Year":"2016","Poster":"https:\/\/m.media-amazon.com\/images\/M\/MV5BMTQ4NTMzMTk4NV5BMl5BanBnXkFtZTgwNTU5MjE4MDI@._V1_SX300.jpg","Country":"UK, France, Belgium","Genre":"Drama","Writer":"Paul Laverty (screenplay)"}
