{"Metascore":"65","BoxOffice":"N\/A","Website":"N\/A","imdbRating":"7.6","imdbVotes":"37,961","Ratings":[{"Value":"7.6\/10","Source":"Internet Movie Database"},{"Value":"78%","Source":"Rotten Tomatoes"},{"Value":"65\/100","Source":"Metacritic"}],"Runtime":"118 min","Language":"Danish, Swedish, English, Arabic","Rated":"R","Production":"Zentropa Entertainments","Released":"26 Aug 2010","imdbID":"tt1340107","Plot":"Anton is a doctor who commutes between his home in an idyllic town in Denmark, and his work at an African refugee camp. In these two very different worlds, he and his family are faced with conflicts that lead them to difficult choices between revenge and forgiveness. Anton and his wife Marianne, who have two young sons, are separated and struggling with the possibility of divorce. Their older, ten-year-old son Elias is being bullied at school, until he is defended by Christian, a new boy who has just moved from London with his father, Claus. Christian's mother recently lost her battle with cancer, and Christian is greatly troubled by her death. Elias and Christian quickly form a strong bond, but when Christian involves Elias in a dangerous act of revenge with potentially tragic consequences, their friendship is tested and lives are put in danger. Ultimately, it is their parents who are left to help them come to terms with the complexity of human emotions, pain and empathy.","Director":"Susanne Bier","Title":"In a Better World","Actors":"Mikael Persbrandt, Wil Johnson, Eddy Kimani, Emily Mulaya","Response":"True","Type":"movie","Awards":"Won 1 Oscar. Another 12 wins & 24 nominations.","DVD":"N\/A","Year":"2010","Poster":"https:\/\/m.media-amazon.com\/images\/M\/MV5BNDY2OTE5MzE0Nl5BMl5BanBnXkFtZTcwNDAyOTc2NA@@._V1_SX300.jpg","Country":"Denmark, Sweden","Genre":"Drama, Romance","Writer":"Anders Thomas Jensen (screenplay), Susanne Bier (story), Anders Thomas Jensen (story), Per Nielsen (supervising writer)"}
