{"Metascore":"76","BoxOffice":"N\/A","Website":"N\/A","imdbRating":"7.7","imdbVotes":"40,134","Ratings":[{"Value":"7.7\/10","Source":"Internet Movie Database"},{"Value":"89%","Source":"Rotten Tomatoes"},{"Value":"76\/100","Source":"Metacritic"}],"Runtime":"105 min","Language":"English, Spanish, Irish","Rated":"PG-13","Production":"Hell&#39;s Kitchen Films","Released":"06 Feb 2004","imdbID":"tt0298845","Plot":"Following the tragic death of their five-year-old son Frankie, Irish couple Johnny and Sarah Sullivan and their remaining two offspring, 10 year old Christy Sullivan and 5 year old Ariel Sullivan, emigrate illegally to the United States via Canada with little in their pockets. Their final destination is Manhattan where Johnny hopes to work as a stage actor. They move into a unit in a run town tenement housed primarily with drug addicts, transvestites and one tenant coined \"the man who screams\". They do whatever they can to eke out a supportive family environment in this difficult situation, the support which ultimately extends to those around them, most specifically \"the screamer\" who turns out to be an African-American artist named Mateo with AIDS. But the memory of Frankie hangs over the family in good and bad ways, especially as Sarah learns she's pregnant. Christy, who records their life's goings-on with her beloved camcorder, believes that the angel of Frankie has granted her three wishes, which she guards until absolutely needed.","Director":"Jim Sheridan","Title":"In America","Actors":"Paddy Considine, Samantha Morton, Sarah Bolger, Emma Bolger","Response":"True","Type":"movie","Awards":"Nominated for 3 Oscars. Another 27 wins & 62 nominations.","DVD":"N\/A","Year":"2002","Poster":"https:\/\/m.media-amazon.com\/images\/M\/MV5BOGY1YmUzN2MtNDQ3NC00Nzc4LWI5M2EtYzUwMGQ4NWM4NjE1XkEyXkFqcGdeQXVyMTQxNzMzNDI@._V1_SX300.jpg","Country":"Ireland, UK, USA","Genre":"Drama","Writer":"Jim Sheridan, Naomi Sheridan, Kirsten Sheridan"}
