{"Metascore":"67","BoxOffice":"N\/A","Website":"N\/A","imdbRating":"7.9","imdbVotes":"386,414","Ratings":[{"Value":"7.9\/10","Source":"Internet Movie Database"},{"Value":"84%","Source":"Rotten Tomatoes"},{"Value":"67\/100","Source":"Metacritic"}],"Runtime":"107 min","Language":"English","Rated":"R","Production":"Blueprint Pictures","Released":"29 Feb 2008","imdbID":"tt0780536","Plot":"London based hit men Ray and Ken are told by their boss Harry Waters to lie low in Bruges, Belgium for up to two weeks following their latest hit, which resulted in the death of an innocent bystander. Harry will be in touch with further instructions. While they wait for Harry's call, Ken, following Harry's advice, takes in the sights of the medieval city with great appreciation. But the charms of Bruges are lost on the simpler Ray, who is already despondent over the innocent death, especially as it was his first job. Things change for Ray when he meets Chloe, part of a film crew shooting a movie starring an American dwarf named Jimmy. When Harry's instructions arrive, Ken, for whom the job is directed, isn't sure if he can carry out the new job, especially as he has gained a new appreciation of life from his stay in the fairytale Bruges. While Ken waits for the inevitable arrival into Bruges of an angry Harry, who feels he must clean up matters on his own, Ray is dealing with his own problems, not only with Harry, but with a Canadian couple and a half-blind thief named Eirik. Ray hopes he can count on both Chloe and Ken to help him carve out a new life for himself. In the end, Harry, involved in an incident with Jimmy, may have to keep to his own principles.","Director":"Martin McDonagh","Title":"In Bruges","Actors":"Elizabeth Berrington, Rudy Blomme, Olivier Bonjour, Mark Donovan","Response":"True","Type":"movie","Awards":"Nominated for 1 Oscar. Another 24 wins & 54 nominations.","DVD":"N\/A","Year":"2008","Poster":"https:\/\/m.media-amazon.com\/images\/M\/MV5BMTUwOGFiM2QtOWMxYS00MjU2LThmZDMtZDM2MWMzNzllNjdhXkEyXkFqcGdeQXVyMTMxODk2OTU@._V1_SX300.jpg","Country":"UK, USA","Genre":"Comedy, Crime, Drama, Thriller","Writer":"Martin McDonagh"}
