{"Metascore":"80","BoxOffice":"N\/A","Website":"N\/A","imdbRating":"8.3","imdbVotes":"145,646","Ratings":[{"Value":"8.3\/10","Source":"Internet Movie Database"},{"Value":"93%","Source":"Rotten Tomatoes"},{"Value":"80\/100","Source":"Metacritic"}],"Runtime":"131 min","Language":"French, Arabic, English","Rated":"R","Production":"TS Productions, Phi Group","Released":"12 Jan 2011","imdbID":"tt1255953","Plot":"A mother's last wishes send twins Jeanne and Simon on a journey to the Middle East in search of their tangled roots. Adapted from Wajdi Mouawad's acclaimed play, Incendies tells the powerful and moving tale of two young adults' voyage to the core of deep-rooted hatred, never-ending wars and enduring love.","Director":"Denis Villeneuve","Title":"Incendies","Actors":"Mustafa Kamel, Hussein Sami, Rémy Girard, Mélissa Désormeaux-Poulin","Response":"True","Type":"movie","Awards":"Nominated for 1 Oscar. Another 39 wins & 16 nominations.","DVD":"N\/A","Year":"2010","Poster":"https:\/\/m.media-amazon.com\/images\/M\/MV5BMWE3MGYzZjktY2Q5Mi00Y2NiLWIyYWUtMmIyNzA3YmZlMGFhXkEyXkFqcGdeQXVyMTMxODk2OTU@._V1_SX300.jpg","Country":"Canada, France","Genre":"Drama, Mystery, War","Writer":"Denis Villeneuve (scenario), Wajdi Mouawad (play), Valérie Beaugrand-Champagne (collaboration), Denis Villeneuve (dialogue)"}
