{"Metascore":"74","BoxOffice":"N\/A","Website":"N\/A","imdbRating":"8.8","imdbVotes":"2,029,549","Ratings":[{"Value":"8.8\/10","Source":"Internet Movie Database"},{"Value":"87%","Source":"Rotten Tomatoes"},{"Value":"74\/100","Source":"Metacritic"}],"Runtime":"148 min","Language":"English, Japanese, French","Rated":"PG-13","Production":"Warner Bros., Syncopy","Released":"16 Jul 2010","imdbID":"tt1375666","Plot":"Dom Cobb is a skilled thief, the absolute best in the dangerous art of extraction, stealing valuable secrets from deep within the subconscious during the dream state, when the mind is at its most vulnerable. Cobb's rare ability has made him a coveted player in this treacherous new world of corporate espionage, but it has also made him an international fugitive and cost him everything he has ever loved. Now Cobb is being offered a chance at redemption. One last job could give him his life back but only if he can accomplish the impossible - inception. Instead of the perfect heist, Cobb and his team of specialists have to pull off the reverse: their task is not to steal an idea but to plant one. If they succeed, it could be the perfect crime. But no amount of careful planning or expertise can prepare the team for the dangerous enemy that seems to predict their every move. An enemy that only Cobb could have seen coming.","Director":"Christopher Nolan","Title":"Inception","Actors":"Leonardo DiCaprio, Joseph Gordon-Levitt, Ellen Page, Tom Hardy","Response":"True","Type":"movie","Awards":"Won 4 Oscars. Another 152 wins & 218 nominations.","DVD":"N\/A","Year":"2010","Poster":"https:\/\/m.media-amazon.com\/images\/M\/MV5BMjAxMzY3NjcxNF5BMl5BanBnXkFtZTcwNTI5OTM0Mw@@._V1_SX300.jpg","Country":"USA, UK","Genre":"Action, Adventure, Sci-Fi, Thriller","Writer":"Christopher Nolan"}
