{"Metascore":"80","BoxOffice":"N\/A","Website":"N\/A","imdbRating":"7.6","imdbVotes":"243,195","Ratings":[{"Value":"7.6\/10","Source":"Internet Movie Database"},{"Value":"93%","Source":"Rotten Tomatoes"},{"Value":"80\/100","Source":"Metacritic"}],"Runtime":"118 min","Language":"English","Rated":"PG","Production":"Walt Disney Pictures, Pixar Animation Studios","Released":"15 Jun 2018","imdbID":"tt3606756","Plot":"The Incredibles hero family takes on a new mission, which involves a change in family roles: Bob Parr (Mr Incredible) must manage the house while his wife Helen (Elastigirl) goes out to save the world.","Director":"Brad Bird","Title":"Incredibles 2","Actors":"Craig T. Nelson, Holly Hunter, Sarah Vowell, Huck Milner","Response":"True","Type":"movie","Awards":"Nominated for 1 Oscar. Another 12 wins & 74 nominations.","DVD":"N\/A","Year":"2018","Poster":"https:\/\/m.media-amazon.com\/images\/M\/MV5BMTEzNzY0OTg0NTdeQTJeQWpwZ15BbWU4MDU3OTg3MjUz._V1_SX300.jpg","Country":"USA","Genre":"Animation, Action, Adventure, Comedy, Family, Sci-Fi","Writer":"Brad Bird"}
