{"Metascore":"65","BoxOffice":"N\/A","Website":"N\/A","imdbRating":"8.2","imdbVotes":"681,147","Ratings":[{"Value":"8.2\/10","Source":"Internet Movie Database"},{"Value":"88%","Source":"Rotten Tomatoes"},{"Value":"65\/100","Source":"Metacritic"}],"Runtime":"127 min","Language":"English, German, Greek, Arabic","Rated":"PG-13","Production":"Paramount Pictures, Lucasfilm Ltd.","Released":"24 May 1989","imdbID":"tt0097576","Plot":"An art collector appeals to Jones to embark on a search for the Holy Grail. He learns that another archaeologist has disappeared while searching for the precious goblet, and the missing man is his own father, Dr. Henry Jones. The artifact is much harder to find than they expected, and its powers are too much for those impure in heart.","Director":"Steven Spielberg","Title":"Indiana Jones and the Last Crusade","Actors":"Harrison Ford, Sean Connery, Denholm Elliott, Alison Doody","Response":"True","Type":"movie","Awards":"Won 1 Oscar. Another 7 wins & 22 nominations.","DVD":"N\/A","Year":"1989","Poster":"https:\/\/m.media-amazon.com\/images\/M\/MV5BMjNkMzc2N2QtNjVlNS00ZTk5LTg0MTgtODY2MDAwNTMwZjBjXkEyXkFqcGdeQXVyNDk3NzU2MTQ@._V1_SX300.jpg","Country":"USA","Genre":"Action, Adventure","Writer":"Jeffrey Boam (screenplay), George Lucas (story), Menno Meyjes (story), George Lucas (characters), Philip Kaufman (characters)"}
