{"Metascore":"57","BoxOffice":"N\/A","Website":"N\/A","imdbRating":"7.6","imdbVotes":"442,685","Ratings":[{"Value":"7.6\/10","Source":"Internet Movie Database"},{"Value":"84%","Source":"Rotten Tomatoes"},{"Value":"57\/100","Source":"Metacritic"}],"Runtime":"118 min","Language":"English, Sinhalese, Hindi","Rated":"PG","Production":"Paramount Pictures, Lucasfilm Ltd.","Released":"23 May 1984","imdbID":"tt0087469","Plot":"Set in 1935, a professor, archaeologist, and legendary hero by the name of Indiana Jones is back in action in his newest adventure. But this time he teams up with a night club singer named Wilhelmina \"Willie\" Scott and a twelve-year-old boy named Short Round. They end up in an Indian small distressed village, where the people believe that evil spirits have taken all their children away after a sacred precious stone was stolen! They also discovered the great mysterious terror surrounding a booby-trapped temple known as the Temple of Doom! Thuggee is beginning to attempt to rise once more, believing that with the power of all five Sankara stones they can rule the world! Now, it's all up to Indiana to put an end to the Thuggee campaign, rescue the lost children, win the girl and conquer the Temple of Doom.","Director":"Steven Spielberg","Title":"Indiana Jones and the Temple of Doom","Actors":"Harrison Ford, Kate Capshaw, Ke Huy Quan, Amrish Puri","Response":"True","Type":"movie","Awards":"Won 1 Oscar. Another 10 wins & 21 nominations.","DVD":"N\/A","Year":"1984","Poster":"https:\/\/m.media-amazon.com\/images\/M\/MV5BMGI1NTk2ZWMtMmI0YS00Yzg0LTljMzgtZTg4YjkyY2E5Zjc0XkEyXkFqcGdeQXVyNzkwMjQ5NzM@._V1_SX300.jpg","Country":"USA","Genre":"Action, Adventure","Writer":"Willard Huyck (screenplay by), Gloria Katz (screenplay by), George Lucas (story by)"}
