{"Metascore":"75","BoxOffice":"N\/A","Website":"N\/A","imdbRating":"8.0","imdbVotes":"116,771","Ratings":[{"Value":"8.0\/10","Source":"Internet Movie Database"},{"Value":"94%","Source":"Rotten Tomatoes"},{"Value":"75\/100","Source":"Metacritic"}],"Runtime":"101 min","Language":"Cantonese, English, Thai","Rated":"R","Production":"Basic Pictures, Media Asia Films Ltd. [hk]","Released":"12 Dec 2002","imdbID":"tt0338564","Plot":"Chan Wing Yan, a young police officer, has been sent undercover as a mole in the local mafia. Lau Kin Ming, a young mafia member, infiltrates the police force. Years later, their older counterparts, Chen Wing Yan and Inspector Lau Kin Ming, respectively, race against time to expose the mole within their midst.","Director":"Andrew Lau, Alan Mak","Title":"Infernal Affairs","Actors":"Andy Lau, Tony Chiu-Wai Leung, Anthony Chau-Sang Wong, Eric Tsang","Response":"True","Type":"movie","Awards":"24 wins & 26 nominations.","DVD":"N\/A","Year":"2002","Poster":"https:\/\/m.media-amazon.com\/images\/M\/MV5BM2U0NTcxOTktN2MwZS00N2Q2LWJlYWItMTg0NWIyMDIxNzU5L2ltYWdlXkEyXkFqcGdeQXVyNTAyODkwOQ@@._V1_SX300.jpg","Country":"Hong Kong","Genre":"Action, Crime, Drama, Mystery, Thriller","Writer":"Alan Mak, Felix Chong"}
