{"Metascore":"69","BoxOffice":"N\/A","Website":"N\/A","imdbRating":"8.3","imdbVotes":"1,243,671","Ratings":[{"Value":"8.3\/10","Source":"Internet Movie Database"},{"Value":"89%","Source":"Rotten Tomatoes"},{"Value":"69\/100","Source":"Metacritic"}],"Runtime":"153 min","Language":"English, German, French, Italian","Rated":"R","Production":"A Band Apart, Zehnte Babelsberg","Released":"21 Aug 2009","imdbID":"tt0361748","Plot":"In German-occupied France, young Jewish refugee Shosanna Dreyfus witnesses the slaughter of her family by Colonel Hans Landa. Narrowly escaping with her life, she plots her revenge several years later when German war hero Fredrick Zoller takes a rapid interest in her and arranges an illustrious movie premiere at the theater she now runs. With the promise of every major Nazi officer in attendance, the event catches the attention of the \"Basterds\", a group of Jewish-American guerrilla soldiers led by the ruthless Lt. Aldo Raine. As the relentless executioners advance and the conspiring young girl's plans are set in motion, their paths will cross for a fateful evening that will shake the very annals of history.","Director":"Quentin Tarantino","Title":"Inglourious Basterds","Actors":"Brad Pitt, Mélanie Laurent, Christoph Waltz, Eli Roth","Response":"True","Type":"movie","Awards":"Won 1 Oscar. Another 132 wins & 172 nominations.","DVD":"N\/A","Year":"2009","Poster":"https:\/\/m.media-amazon.com\/images\/M\/MV5BOTJiNDEzOWYtMTVjOC00ZjlmLWE0NGMtZmE1OWVmZDQ2OWJhXkEyXkFqcGdeQXVyNTIzOTk5ODM@._V1_SX300.jpg","Country":"Germany, USA","Genre":"Adventure, Drama, War","Writer":"Quentin Tarantino"}
