{"Metascore":"75","BoxOffice":"N\/A","Website":"N\/A","imdbRating":"8.1","imdbVotes":"26,940","Ratings":[{"Value":"8.1\/10","Source":"Internet Movie Database"},{"Value":"92%","Source":"Rotten Tomatoes"},{"Value":"75\/100","Source":"Metacritic"}],"Runtime":"128 min","Language":"English","Rated":"Passed","Production":"Lomitas Productions Inc.","Released":"30 Aug 1960","imdbID":"tt0053946","Plot":"Teacher B.T. Cates is arrested for teaching Darwin's theories. Famous lawyer Henry Drummond defends him; fundamentalist politician Matthew Brady prosecutes. This is a very thinly disguised rendition of the 1925 \"Scopes monkey trial\" with debates between Clarence Darrow and William Jennings Bryan taken largely from the transcripts.","Director":"Stanley Kramer","Title":"Inherit the Wind","Actors":"Spencer Tracy, Fredric March, Gene Kelly, Dick York","Response":"True","Type":"movie","Awards":"Nominated for 4 Oscars. Another 3 wins & 7 nominations.","DVD":"N\/A","Year":"1960","Poster":"https:\/\/m.media-amazon.com\/images\/M\/MV5BMGQ5ODNkNWYtYTgxZS00YjJkLThhODAtYzUwNGNiYjRmNjdkXkEyXkFqcGdeQXVyMTg2NTc4MzA@._V1_SX300.jpg","Country":"USA","Genre":"Biography, Drama, History","Writer":"Nedrick Young (screenplay), Harold Jacob Smith (screenplay), Jerome Lawrence (play), Robert E. Lee (play)"}
