{"Metascore":"76","BoxOffice":"N\/A","Website":"N\/A","imdbRating":"7.6","imdbVotes":"333,894","Ratings":[{"Value":"7.6\/10","Source":"Internet Movie Database"},{"Value":"86%","Source":"Rotten Tomatoes"},{"Value":"76\/100","Source":"Metacritic"}],"Runtime":"129 min","Language":"English, Albanian, Spanish","Rated":"R","Production":"Universal Pictures, 40 Acres &amp; A Mule Filmworks, Imagine Entertainment","Released":"24 Mar 2006","imdbID":"tt0454848","Plot":"From a cell, a man tells us he has planned the perfect bank robbery; he invites us to watch. An efficient gang enters a Manhattan bank, locks the doors, and takes hostages. They work deliberately, without haste. Detective Frazier is assigned to negotiate, but half his mind is occupied with the corruption charges he is facing. The bank's president has something to protect in a safe deposit box, so he brings in Madeleine White, a high-power broker with a hidden agenda. With an army of police surrounding the bank, the thief, the cop, and the plutocrat's fixer enter high-stakes negotiations. Why are the robbers asking for a plane, if they are so competent and they know they won't get one? Why aren't they in more of a hurry? If the job's perfect, why is the thieves' leader in a cell?","Director":"Spike Lee","Title":"Inside Man","Actors":"Denzel Washington, Clive Owen, Jodie Foster, Christopher Plummer","Response":"True","Type":"movie","Awards":"6 wins & 11 nominations.","DVD":"N\/A","Year":"2006","Poster":"https:\/\/m.media-amazon.com\/images\/M\/MV5BYjc4MjA2ZDgtOGY3YS00NDYzLTlmNTEtYWMxMzcwZjgzYWNjXkEyXkFqcGdeQXVyMTQxNzMzNDI@._V1_SX300.jpg","Country":"USA","Genre":"Crime, Drama, Mystery, Thriller","Writer":"Russell Gewirtz"}
