{"Metascore":"94","BoxOffice":"N\/A","Website":"N\/A","imdbRating":"8.1","imdbVotes":"600,675","Ratings":[{"Value":"8.1\/10","Source":"Internet Movie Database"},{"Value":"98%","Source":"Rotten Tomatoes"},{"Value":"94\/100","Source":"Metacritic"}],"Runtime":"95 min","Language":"English","Rated":"PG","Production":"Pixar Animation Studios, Walt Disney Pictures","Released":"19 Jun 2015","imdbID":"tt2096673","Plot":"Growing up can be a bumpy road, and it's no exception for Riley, who is uprooted from her Midwest life when her father starts a new job in San Francisco. Like all of us, Riley is guided by her emotions - Joy, Fear, Anger, Disgust and Sadness. The emotions live in Headquarters, the control center inside Riley's mind, where they help advise her through everyday life. As Riley and her emotions struggle to adjust to a new life in San Francisco, turmoil ensues in Headquarters. Although Joy, Riley's main and most important emotion, tries to keep things positive, the emotions conflict on how best to navigate a new city, house and school.","Director":"Pete Docter, Ronnie Del Carmen(co-director)","Title":"Inside Out","Actors":"Amy Poehler, Phyllis Smith, Richard Kind, Bill Hader","Response":"True","Type":"movie","Awards":"Won 1 Oscar. Another 97 wins & 115 nominations.","DVD":"N\/A","Year":"2015","Poster":"https:\/\/m.media-amazon.com\/images\/M\/MV5BOTgxMDQwMDk0OF5BMl5BanBnXkFtZTgwNjU5OTg2NDE@._V1_SX300.jpg","Country":"USA","Genre":"Animation, Adventure, Comedy, Drama, Family, Fantasy","Writer":"Pete Docter (original story by), Ronnie Del Carmen (original story by), Pete Docter (screenplay by), Meg LeFauve (screenplay by), Josh Cooley (screenplay by), Michael Arndt (additional story material by), Simon Rich (additional story material by), Bill Hader (additional dialogue by), Amy Poehler (additional dialogue by)"}
