{"Metascore":"74","BoxOffice":"N\/A","Website":"N\/A","imdbRating":"8.6","imdbVotes":"1,473,010","Ratings":[{"Value":"8.6\/10","Source":"Internet Movie Database"},{"Value":"72%","Source":"Rotten Tomatoes"},{"Value":"74\/100","Source":"Metacritic"}],"Runtime":"169 min","Language":"English","Rated":"PG-13","Production":"Syncopy, Lynda Obst Productions","Released":"07 Nov 2014","imdbID":"tt0816692","Plot":"Earth's future has been riddled by disasters, famines, and droughts. There is only one way to ensure mankind's survival: Interstellar travel. A newly discovered wormhole in the far reaches of our solar system allows a team of astronauts to go where no man has gone before, a planet that may have the right environment to sustain human life.","Director":"Christopher Nolan","Title":"Interstellar","Actors":"Ellen Burstyn, Matthew McConaughey, Mackenzie Foy, John Lithgow","Response":"True","Type":"movie","Awards":"Won 1 Oscar. Another 43 wins & 148 nominations.","DVD":"N\/A","Year":"2014","Poster":"https:\/\/m.media-amazon.com\/images\/M\/MV5BZjdkOTU3MDktN2IxOS00OGEyLWFmMjktY2FiMmZkNWIyODZiXkEyXkFqcGdeQXVyMTMxODk2OTU@._V1_SX300.jpg","Country":"USA, UK, Canada","Genre":"Adventure, Drama, Sci-Fi, Thriller","Writer":"Jonathan Nolan, Christopher Nolan"}
