{"Metascore":"N\/A","BoxOffice":"N\/A","Website":"N\/A","imdbRating":"7.7","imdbVotes":"29,374","Ratings":[{"Value":"7.7\/10","Source":"Internet Movie Database"},{"Value":"86%","Source":"Rotten Tomatoes"}],"Runtime":"116 min","Language":"English","Rated":"R","Production":"Fireworks Entertainment","Released":"10 Sep 2003","imdbID":"tt0165832","Plot":"Neal Oliver is a young artist, but his father doesn't like his choice and wants him to go to Oxford. Everything changes after Neal's meeting with O.W.Grant, who grants exactly one wish per person, as his name suggests. Neal wishes for answers, and so he must travel to the nonexistent Danver by the nonexistent Interstate 60. In this trip he hopes to find the girl of his dreams, following the trail of her photos on the advertising stands along the route. Many encounters await him ahead. Will he receive what he asked for?","Director":"Bob Gale","Title":"Interstate 60: Episodes of the Road","Actors":"Matthew Edison, Paul Brogren, Wayne Robson, Gary Oldman","Response":"True","Type":"movie","Awards":"2 wins & 5 nominations.","DVD":"N\/A","Year":"2002","Poster":"https:\/\/m.media-amazon.com\/images\/M\/MV5BZDYwYzlhOTAtNDAwMC00ZTBhLWI4M2QtMTA1NmJhYTdiNTkxXkEyXkFqcGdeQXVyNTM0NTU5Mg@@._V1_SX300.jpg","Country":"Canada, USA","Genre":"Adventure, Comedy, Drama, Fantasy","Writer":"Bob Gale"}
