{"Metascore":"75","BoxOffice":"N\/A","Website":"N\/A","imdbRating":"7.9","imdbVotes":"66,652","Ratings":[{"Value":"7.9\/10","Source":"Internet Movie Database"},{"Value":"95%","Source":"Rotten Tomatoes"},{"Value":"75\/100","Source":"Metacritic"}],"Runtime":"110 min","Language":"English","Rated":"Not Rated","Production":"Mirisch Company","Released":"02 Aug 1967","imdbID":"tt0061811","Plot":"Detective Virgil Tibbs is caught up in the racial tension of the US South when he is arrested after the murder of a prominent businessman. Tibbs was simply waiting for his next train at the station in Sparta, Mississippi and the confusion is soon resolved but when local police chief Gillespie learns that Tibbs is the Philadelphia PD's number one homicide expert, he reluctantly asks for his assistance. The murdered man, Mr. Colbert, had come to Sparta from the North to build a new factory and his wife and business associates immediately point the finger at Endicott, the most powerful man in the county and the one who had the most to lose if a major new employer comes to the area. Tibbs' life is clearly in danger but he perseveres in a highly charged and racially explosive environment until the killer is found.","Director":"Norman Jewison","Title":"In the Heat of the Night","Actors":"Sidney Poitier, Rod Steiger, Warren Oates, Lee Grant","Response":"True","Type":"movie","Awards":"Won 5 Oscars. Another 17 wins & 15 nominations.","DVD":"N\/A","Year":"1967","Poster":"https:\/\/m.media-amazon.com\/images\/M\/MV5BZjZhZTZkNWItZGE1My00MTRkLWI2ZDktMWZkZTIxZWYxOTgzXkEyXkFqcGdeQXVyNDY2MTk1ODk@._V1_SX300.jpg","Country":"USA","Genre":"Crime, Drama, Mystery, Thriller","Writer":"Stirling Silliphant (screenplay), John Ball (based on a novel by)"}
