{"Metascore":"84","BoxOffice":"N\/A","Website":"N\/A","imdbRating":"8.1","imdbVotes":"154,786","Ratings":[{"Value":"8.1\/10","Source":"Internet Movie Database"},{"Value":"94%","Source":"Rotten Tomatoes"},{"Value":"84\/100","Source":"Metacritic"}],"Runtime":"133 min","Language":"English","Rated":"R","Production":"Universal Pictures, Hell&#39;s Kitchen Films","Released":"25 Feb 1994","imdbID":"tt0107207","Plot":"A small time thief from Belfast, Gerry Conlon, is falsely implicated in the IRA bombing of a pub that kills several people while he is in London. Bullied by the British police, he and four of his friends are coerced into confessing their guilt. Gerry's father and other relatives in London are also implicated in the crime. He spends 15 years in prison with his father trying to prove his innocence with the help of a British attorney, Gareth Peirce. Based on a true story.","Director":"Jim Sheridan","Title":"In the Name of the Father","Actors":"Alison Crosbie, Daniel Day-Lewis, Philip King, Emma Thompson","Response":"True","Type":"movie","Awards":"Nominated for 7 Oscars. Another 7 wins & 35 nominations.","DVD":"N\/A","Year":"1993","Poster":"https:\/\/m.media-amazon.com\/images\/M\/MV5BMmYyOTgwYWItYmU3Ny00M2E2LTk0NWMtMDVlNmQ0MWZiMTMxXkEyXkFqcGdeQXVyNzkwMjQ5NzM@._V1_SX300.jpg","Country":"Ireland, UK","Genre":"Biography, Drama","Writer":"Gerry Conlon (autobiographical book \"Proved Innocent\"), Terry George (screenplay), Jim Sheridan (screenplay)"}
