{"Metascore":"73","BoxOffice":"N\/A","Website":"N\/A","imdbRating":"8.1","imdbVotes":"564,226","Ratings":[{"Value":"8.1\/10","Source":"Internet Movie Database"},{"Value":"83%","Source":"Rotten Tomatoes"},{"Value":"73\/100","Source":"Metacritic"}],"Runtime":"148 min","Language":"English, Danish","Rated":"R","Production":"Paramount Vantage, Art Linson Productions, River Road","Released":"19 Oct 2007","imdbID":"tt0758758","Plot":"Based on a true story. After graduating from Emory University, Christopher McCandless abandoned his possessions, gave his entire savings account to charity, and hitchhiked to Alaska to live in the wilderness. Along the way, Christopher encounters a series of characters who shape his life.","Director":"Sean Penn","Title":"Into the Wild","Actors":"Emile Hirsch, Marcia Gay Harden, William Hurt, Jena Malone","Response":"True","Type":"movie","Awards":"Nominated for 2 Oscars. Another 23 wins & 104 nominations.","DVD":"N\/A","Year":"2007","Poster":"https:\/\/m.media-amazon.com\/images\/M\/MV5BMTAwNDEyODU1MjheQTJeQWpwZ15BbWU2MDc3NDQwNw@@._V1_SX300.jpg","Country":"USA","Genre":"Adventure, Biography, Drama","Writer":"Sean Penn (screenplay), Jon Krakauer (book)"}
