{"Metascore":"82","BoxOffice":"N\/A","Website":"N\/A","imdbRating":"7.9","imdbVotes":"135,276","Ratings":[{"Value":"7.9\/10","Source":"Internet Movie Database"},{"Value":"90%","Source":"Rotten Tomatoes"},{"Value":"82\/100","Source":"Metacritic"}],"Runtime":"101 min","Language":"English, Japanese","Rated":"PG-13","Production":"American Empirical Pictures, Studio Babelsberg","Released":"13 Apr 2018","imdbID":"tt5104604","Plot":"Set in Japan, Isle of Dogs follows a boy's odyssey in search of his lost dog.","Director":"Wes Anderson","Title":"Isle of Dogs","Actors":"Bryan Cranston, Koyu Rankin, Edward Norton, Bob Balaban","Response":"True","Type":"movie","Awards":"Nominated for 2 Oscars. Another 33 wins & 88 nominations.","DVD":"N\/A","Year":"2018","Poster":"https:\/\/m.media-amazon.com\/images\/M\/MV5BMTYyOTUwNjAxM15BMl5BanBnXkFtZTgwODcyMzE0NDM@._V1_SX300.jpg","Country":"Germany, Japan, USA, UK","Genre":"Animation, Adventure, Comedy, Drama, Fantasy, Sci-Fi","Writer":"Wes Anderson (story by), Roman Coppola (story by), Jason Schwartzman (story by), Kunichi Nomura (story by), Wes Anderson (screenplay by)"}
