{"Metascore":"87","BoxOffice":"N\/A","Website":"N\/A","imdbRating":"8.0","imdbVotes":"539,666","Ratings":[{"Value":"8.0\/10","Source":"Internet Movie Database"},{"Value":"98%","Source":"Rotten Tomatoes"},{"Value":"87\/100","Source":"Metacritic"}],"Runtime":"124 min","Language":"English","Rated":"PG","Production":"Universal Pictures, Zanuck\/Brown Productions","Released":"20 Jun 1975","imdbID":"tt0073195","Plot":"It's a hot summer on Amity Island, a small community whose main business is its beaches. When new Sheriff Martin Brody discovers the remains of a shark attack victim, his first inclination is to close the beaches to swimmers. This doesn't sit well with Mayor Larry Vaughn and several of the local businessmen. Brody backs down to his regret as that weekend a young boy is killed by the predator. The dead boy's mother puts out a bounty on the shark and Amity is soon swamped with amateur hunters and fisherman hoping to cash in on the reward. A local fisherman with much experience hunting sharks, Quint, offers to hunt down the creature for a hefty fee. Soon Quint, Brody and Matt Hooper from the Oceanographic Institute are at sea hunting the Great White shark. As Brody succinctly surmises after their first encounter with the creature, they're going to need a bigger boat.","Director":"Steven Spielberg","Title":"Jaws","Actors":"Roy Scheider, Robert Shaw, Richard Dreyfuss, Lorraine Gary","Response":"True","Type":"movie","Awards":"Won 3 Oscars. Another 11 wins & 20 nominations.","DVD":"N\/A","Year":"1975","Poster":"https:\/\/m.media-amazon.com\/images\/M\/MV5BMmVmODY1MzEtYTMwZC00MzNhLWFkNDMtZjAwM2EwODUxZTA5XkEyXkFqcGdeQXVyNTAyODkwOQ@@._V1_SX300.jpg","Country":"USA","Genre":"Adventure, Thriller","Writer":"Peter Benchley (screenplay), Carl Gottlieb (screenplay), Peter Benchley (based on the novel by)"}
