{"Metascore":"72","BoxOffice":"N\/A","Website":"N\/A","imdbRating":"8.0","imdbVotes":"140,351","Ratings":[{"Value":"8.0\/10","Source":"Internet Movie Database"},{"Value":"84%","Source":"Rotten Tomatoes"},{"Value":"72\/100","Source":"Metacritic"}],"Runtime":"189 min","Language":"English, Spanish","Rated":"R","Production":"Camelot Pictures, Warner Brothers, Regency Enterprises, Ixtlan Corporation, Alcor Films","Released":"20 Dec 1991","imdbID":"tt0102138","Plot":"On November 22, 1963, president John F. Kennedy is assassinated in Dallas. Lee Harvey Oswald is arrested for the crime and subsequently shot by Jack Ruby, supposedly avenging the president's death. An investigation concludes that Lee Harvey Oswald and Jack Ruby acted alone in their respective crimes, but Louisiana district attorney Jim Garrison is skeptical. Assembling a trusted group of people, Garrison conducts his own investigation, bringing about backlash from powerful government and political figures.","Director":"Oliver Stone","Title":"JFK","Actors":"Sally Kirkland, Anthony Ramirez, Ray LePere, Steve Reed","Response":"True","Type":"movie","Awards":"Won 2 Oscars. Another 17 wins & 43 nominations.","DVD":"N\/A","Year":"1991","Poster":"https:\/\/m.media-amazon.com\/images\/M\/MV5BYjYyODExMDctZjgwYy00ZjQwLWI4OWYtOGFlYjA4ZjEzNmY1XkEyXkFqcGdeQXVyNTAyODkwOQ@@._V1_SX300.jpg","Country":"USA, France","Genre":"Drama, History, Thriller","Writer":"Oliver Stone (screenplay), Zachary Sklar (screenplay), Jim Garrison (book), Jim Marrs (book)"}
