{"Metascore":"58","BoxOffice":"N\/A","Website":"N\/A","imdbRating":"7.9","imdbVotes":"271,799","Ratings":[{"Value":"7.9\/10","Source":"Internet Movie Database"},{"Value":"80%","Source":"Rotten Tomatoes"},{"Value":"58\/100","Source":"Metacritic"}],"Runtime":"108 min","Language":"English, German","Rated":"PG-13","Production":"Unison Films","Released":"08 Nov 2019","imdbID":"tt2584384","Plot":"A young boy in Hitler's army finds out his mother is hiding a Jewish girl in their home.","Director":"Taika Waititi","Title":"Jojo Rabbit","Actors":"Roman Griffin Davis, Thomasin McKenzie, Scarlett Johansson, Taika Waititi","Response":"True","Type":"movie","Awards":"Won 1 Oscar. Another 33 wins & 157 nominations.","DVD":"N\/A","Year":"2019","Poster":"https:\/\/m.media-amazon.com\/images\/M\/MV5BZjU0Yzk2MzEtMjAzYy00MzY0LTg2YmItM2RkNzdkY2ZhN2JkXkEyXkFqcGdeQXVyNDg4NjY5OTQ@._V1_SX300.jpg","Country":"New Zealand, Czech Republic, USA","Genre":"Comedy, Drama, War","Writer":"Christine Leunens (based upon the book 'Caging Skies' by), Taika Waititi (screenplay by)"}
