{"Metascore":"59","BoxOffice":"N\/A","Website":"N\/A","imdbRating":"8.5","imdbVotes":"897,570","Ratings":[{"Value":"8.5\/10","Source":"Internet Movie Database"},{"Value":"68%","Source":"Rotten Tomatoes"},{"Value":"59\/100","Source":"Metacritic"}],"Runtime":"122 min","Language":"English","Rated":"R","Production":"Bron Studios, Creative Wealth Media Finance, DC Comics","Released":"04 Oct 2019","imdbID":"tt7286456","Plot":"In Gotham City, mentally troubled comedian Arthur Fleck is disregarded and mistreated by society. He then embarks on a downward spiral of revolution and bloody crime. This path brings him face-to-face with his alter-ego: the Joker.","Director":"Todd Phillips","Title":"Joker","Actors":"Joaquin Phoenix, Robert De Niro, Zazie Beetz, Frances Conroy","Response":"True","Type":"movie","Awards":"Won 2 Oscars. Another 107 wins & 220 nominations.","DVD":"N\/A","Year":"2019","Poster":"https:\/\/m.media-amazon.com\/images\/M\/MV5BNGVjNWI4ZGUtNzE0MS00YTJmLWE0ZDctN2ZiYTk2YmI3NTYyXkEyXkFqcGdeQXVyMTkxNjUyNQ@@._V1_SX300.jpg","Country":"USA, Canada","Genre":"Crime, Drama, Thriller","Writer":"Todd Phillips, Scott Silver, Bob Kane (based on characters created by), Bill Finger (based on characters created by), Jerry Robinson (based on characters created by)"}
