{"Metascore":"70","BoxOffice":"N\/A","Website":"N\/A","imdbRating":"7.7","imdbVotes":"27,239","Ratings":[{"Value":"7.7\/10","Source":"Internet Movie Database"},{"Value":"74%","Source":"Rotten Tomatoes"},{"Value":"70\/100","Source":"Metacritic"}],"Runtime":"116 min","Language":"French, German, English, Latin","Rated":"PG-13","Production":"Artemis Productions, Nord-Express Productions [fr], Senator Film Produktion GmbH [de]","Released":"09 Nov 2005","imdbID":"tt0424205","Plot":"In 1914, World War I, the bloodiest war ever at that time in human history, was well under way. However on Christmas Eve, numerous sections of the Western Front called an informal, and unauthorized, truce where the various front-line soldiers of the conflict peacefully met each other in No Man's Land to share a precious pause in the carnage with a fleeting brotherhood. This film dramatizes one such section as the French, Scottish and German sides partake in the unique event, even though they are aware that their superiors will not tolerate its occurrence.","Director":"Christian Carion","Title":"Joyeux Noel","Actors":"Diane Kruger, Natalie Dessay, Benno Fürmann, Rolando Villazón","Response":"True","Type":"movie","Awards":"Nominated for 1 Oscar. Another 6 wins & 11 nominations.","DVD":"N\/A","Year":"2005","Poster":"https:\/\/m.media-amazon.com\/images\/M\/MV5BMTQyODczNjU3NF5BMl5BanBnXkFtZTcwNjQ0NDIzMQ@@._V1_SX300.jpg","Country":"France, Germany, UK, Belgium, Romania, Norway, Japan, USA","Genre":"Drama, History, Music, Romance, War","Writer":"Christian Carion"}
