{"Metascore":"60","BoxOffice":"N\/A","Website":"N\/A","imdbRating":"8.2","imdbVotes":"68,322","Ratings":[{"Value":"8.2\/10","Source":"Internet Movie Database"},{"Value":"91%","Source":"Rotten Tomatoes"},{"Value":"60\/100","Source":"Metacritic"}],"Runtime":"179 min","Language":"English, German","Rated":"Approved","Production":"Roxlom Films Inc.","Released":"18 Dec 1961","imdbID":"tt0055031","Plot":"It has been three years since the most important Nazi leaders had already been tried. This trial is about 4 judges who used their offices to conduct Nazi sterilization and cleansing policies. Retired American judge, Dan Haywood has a daunting task ahead of him. The Cold War is heating up and no one wants any more trials as Germany, and Allied governments, want to forget the past. But is that the right thing to do is the question that the tribunal must decide.","Director":"Stanley Kramer","Title":"Judgment at Nuremberg","Actors":"Spencer Tracy, Burt Lancaster, Richard Widmark, Marlene Dietrich","Response":"True","Type":"movie","Awards":"Won 2 Oscars. Another 14 wins & 25 nominations.","DVD":"N\/A","Year":"1961","Poster":"https:\/\/m.media-amazon.com\/images\/M\/MV5BNDc2ODQ5NTE2MV5BMl5BanBnXkFtZTcwODExMjUyNA@@._V1_SX300.jpg","Country":"USA","Genre":"Drama, War","Writer":"Abby Mann, Abby Mann (based on his original story by)"}
