{"Metascore":"97","BoxOffice":"N\/A","Website":"N\/A","imdbRating":"7.8","imdbVotes":"36,677","Ratings":[{"Value":"7.8\/10","Source":"Internet Movie Database"},{"Value":"93%","Source":"Rotten Tomatoes"},{"Value":"97\/100","Source":"Metacritic"}],"Runtime":"105 min","Language":"French, German, English","Rated":"Not Rated","Production":"Les Films du Carrosse","Released":"23 Jan 1962","imdbID":"tt0055032","Plot":"In Paris, before WWI, two friends, Jules (Austrian) and Jim (French) fall in love with the same woman, Catherine. But Catherine loves and marries Jules. After the war, when they meet again in Germany, Catherine starts to love Jim... This is the story of three people in love, a love which does not affect their friendship, and about how their relationship evolves with the years.","Director":"François Truffaut","Title":"Jules and Jim","Actors":"Jeanne Moreau, Oskar Werner, Henri Serre, Vanna Urbino","Response":"True","Type":"movie","Awards":"Nominated for 2 BAFTA Film Awards. Another 3 wins & 2 nominations.","DVD":"N\/A","Year":"1962","Poster":"https:\/\/m.media-amazon.com\/images\/M\/MV5BZTM1MTRiNDctMTFiMC00NGM1LTkyMWQtNTY1M2JjZDczOWQ3XkEyXkFqcGdeQXVyMDI3OTIzOA@@._V1_SX300.jpg","Country":"France","Genre":"Drama, Romance","Writer":"Henri-Pierre Roché (novel), François Truffaut (adaptation), Jean Gruault (adaptation)"}
