{"Metascore":"68","BoxOffice":"N\/A","Website":"N\/A","imdbRating":"8.1","imdbVotes":"854,729","Ratings":[{"Value":"8.1\/10","Source":"Internet Movie Database"},{"Value":"91%","Source":"Rotten Tomatoes"},{"Value":"68\/100","Source":"Metacritic"}],"Runtime":"127 min","Language":"English, Spanish","Rated":"PG-13","Production":"Universal Pictures, Amblin Entertainment","Released":"11 Jun 1993","imdbID":"tt0107290","Plot":"Huge advancements in scientific technology have enabled a mogul to create an island full of living dinosaurs. John Hammond has invited four individuals, along with his two grandchildren, to join him at Jurassic Park. But will everything go according to plan? A park employee attempts to steal dinosaur embryos, critical security systems are shut down and it now becomes a race for survival with dinosaurs roaming freely over the island.","Director":"Steven Spielberg","Title":"Jurassic Park","Actors":"Sam Neill, Laura Dern, Jeff Goldblum, Richard Attenborough","Response":"True","Type":"movie","Awards":"Won 3 Oscars. Another 40 wins & 27 nominations.","DVD":"N\/A","Year":"1993","Poster":"https:\/\/m.media-amazon.com\/images\/M\/MV5BMjM2MDgxMDg0Nl5BMl5BanBnXkFtZTgwNTM2OTM5NDE@._V1_SX300.jpg","Country":"USA","Genre":"Action, Adventure, Sci-Fi, Thriller","Writer":"Michael Crichton (novel), Michael Crichton (screenplay), David Koepp (screenplay)"}
