{"Metascore":"50","BoxOffice":"N\/A","Website":"N\/A","imdbRating":"7.6","imdbVotes":"44,426","Ratings":[{"Value":"7.6\/10","Source":"Internet Movie Database"},{"Value":"78%","Source":"Rotten Tomatoes"},{"Value":"50\/100","Source":"Metacritic"}],"Runtime":"144 min","Language":"English, French, German","Rated":"GP","Production":"Metro-Goldwyn-Mayer, Avala Film","Released":"23 Jun 1970","imdbID":"tt0065938","Plot":"During World War II a German Colonel is captured by the Americans but before he can be interrogated an artillery barrage hits the camp. However, Ex-Lieutenant Kelly manages to reach the Colonel, get him drunk and learn that he is on a secret mission to ship $16,000,000 of gold to a base in France. Kelly is determined to get the gold and plans for himself and a few of his fellow soldiers to slip into enemy territory and steal the bullion.","Director":"Brian G. Hutton","Title":"Kelly's Heroes","Actors":"Clint Eastwood, Telly Savalas, Don Rickles, Carroll O'Connor","Response":"True","Type":"movie","Awards":"1 nomination.","DVD":"N\/A","Year":"1970","Poster":"https:\/\/m.media-amazon.com\/images\/M\/MV5BMzAyNDUwYzUtN2NlMC00ODliLWExMjgtMGMzNmYzZmUwYTg1XkEyXkFqcGdeQXVyNjc1NTYyMjg@._V1_SX300.jpg","Country":"USA","Genre":"Adventure, Comedy, War","Writer":"Troy Kennedy-Martin"}
