{"Metascore":"66","BoxOffice":"N\/A","Website":"N\/A","imdbRating":"7.6","imdbVotes":"520,953","Ratings":[{"Value":"7.6\/10","Source":"Internet Movie Database"},{"Value":"76%","Source":"Rotten Tomatoes"},{"Value":"66\/100","Source":"Metacritic"}],"Runtime":"117 min","Language":"English","Rated":"R","Production":"Marv Films, Plan B Entertainment","Released":"16 Apr 2010","imdbID":"tt1250777","Plot":"Dave Lizewski is an unnoticed high school student and comic book fan with a few friends and who lives alone with his father. His life is not very difficult and his personal trials not that overwhelming. However, one day he makes the simple decision to become a super-hero even though he has no powers or training.","Director":"Matthew Vaughn","Title":"Kick-Ass","Actors":"Aaron Taylor-Johnson, Garrett M. Brown, Evan Peters, Deborah Twiss","Response":"True","Type":"movie","Awards":"19 wins & 61 nominations.","DVD":"N\/A","Year":"2010","Poster":"https:\/\/m.media-amazon.com\/images\/M\/MV5BMTMzNzEzMDYxM15BMl5BanBnXkFtZTcwMTc0NTMxMw@@._V1_SX300.jpg","Country":"UK, USA, China","Genre":"Action, Comedy, Crime","Writer":"Jane Goldman (screenplay), Matthew Vaughn (screenplay), Mark Millar (comic book), John Romita Jr. (comic book)"}
