{"Metascore":"83","BoxOffice":"N\/A","Website":"N\/A","imdbRating":"7.8","imdbVotes":"119,010","Ratings":[{"Value":"7.8\/10","Source":"Internet Movie Database"},{"Value":"83\/100","Source":"Metacritic"}],"Runtime":"103 min","Language":"Japanese","Rated":"G","Production":"N\/A","Released":"20 Dec 1990","imdbID":"tt0097814","Plot":"This is the story of a young witch, named Kiki who is now thirteen years old. But she is still a little green and plenty headstrong, but also resourceful, imaginative, and determined. With her trusty wisp of a talking cat named Jiji by her side she's ready to take on the world, or at least the quaintly European seaside village she's chosen as her new home.","Director":"Hayao Miyazaki","Title":"Kiki's Delivery Service","Actors":"Minami Takayama, Rei Sakuma, Kappei Yamaguchi, Keiko Toda","Response":"True","Type":"movie","Awards":"4 wins.","DVD":"08 May 2007","Year":"1989","Poster":"https:\/\/m.media-amazon.com\/images\/M\/MV5BOTc0ODM1Njk1NF5BMl5BanBnXkFtZTcwMDI5OTEyNw@@._V1_SX300.jpg","Country":"Japan","Genre":"Animation, Adventure, Drama, Family, Fantasy","Writer":"Eiko Kadono (novel), Hayao Miyazaki (screenplay)"}
