{"Metascore":"83","BoxOffice":"N\/A","Website":"N\/A","imdbRating":"8.0","imdbVotes":"673,419","Ratings":[{"Value":"8.0\/10","Source":"Internet Movie Database"},{"Value":"84%","Source":"Rotten Tomatoes"},{"Value":"83\/100","Source":"Metacritic"}],"Runtime":"137 min","Language":"English, Cantonese, Mandarin, Spanish","Rated":"R","Production":"A Band Apart, Super Cool ManChu, Miramax Films","Released":"16 Apr 2004","imdbID":"tt0378194","Plot":"The murderous Bride is back and she is still continuing her vengeance quest against her ex-boss, Bill, and taking aim at Bill's younger brother Budd and Elle Driver, the only survivors from the squad of assassins who betrayed her four years earlier. It's all leading up to the ultimate confrontation with Bill, the Bride's former master and the man who ordered her execution!","Director":"Quentin Tarantino","Title":"Kill Bill: Vol. 2","Actors":"Vivica A. Fox, Ambrosia Kelley, Michael Parks, James Parks","Response":"True","Type":"movie","Awards":"Nominated for 2 Golden Globes. Another 23 wins & 82 nominations.","DVD":"N\/A","Year":"2004","Poster":"https:\/\/m.media-amazon.com\/images\/M\/MV5BNmFiYmJmN2QtNWQwMi00MzliLThiOWMtZjQxNGRhZTQ1MjgyXkEyXkFqcGdeQXVyNzQ1ODk3MTQ@._V1_SX300.jpg","Country":"USA","Genre":"Action, Crime, Thriller","Writer":"Quentin Tarantino, Quentin Tarantino (character The Bride), Uma Thurman (character The Bride)"}
