{"Metascore":"N\/A","BoxOffice":"N\/A","Website":"N\/A","imdbRating":"2.1","imdbVotes":"38","Ratings":[{"Value":"2.1\/10","Source":"Internet Movie Database"}],"Runtime":"100 min","Language":"English","Rated":"N\/A","Production":"N\/A","Released":"N\/A","imdbID":"tt2151560","Plot":"After being fired from the rodeo, three clowns and a giant chicken get involved with mind-altering drugs that send them on a bloody rampage across Kansas. Pursued by a U.S. Marshall from Utah who specializes in clown cases, they become dangerously entangled with a swindling cult leader whose truck (full of scammed cash) they have stolen to pull their trailer. It's a crazed festival of guns, puppets, blood, rubber noses and dark humor.","Director":"Charles E. Cullen","Title":"Killer Klowns from Kansas on Krack","Actors":"Jack Harris, David Hawkins, Will Henson, Kenny Hicks","Response":"True","Type":"movie","Awards":"N\/A","DVD":"N\/A","Year":"2003","Poster":"https:\/\/m.media-amazon.com\/images\/M\/MV5BMzllZGQ5YzktN2Y3Yi00ZDdmLTkwYTYtNjU1Nzc3YmY1NWZkXkEyXkFqcGdeQXVyNzkyMDA5MTc@._V1_SX300.jpg","Country":"USA","Genre":"Horror","Writer":"Charles E. Cullen"}
