{"Metascore":"69","BoxOffice":"N\/A","Website":"N\/A","imdbRating":"8.1","imdbVotes":"987,734","Ratings":[{"Value":"8.1\/10","Source":"Internet Movie Database"},{"Value":"85%","Source":"Rotten Tomatoes"},{"Value":"69\/100","Source":"Metacritic"}],"Runtime":"111 min","Language":"English, Japanese, French","Rated":"R","Production":"A Band Apart","Released":"10 Oct 2003","imdbID":"tt0266697","Plot":"The lead character, called 'The Bride,' was a member of the Deadly Viper Assassination Squad, led by her lover 'Bill.' Upon realizing she was pregnant with Bill's child, 'The Bride' decided to escape her life as a killer. She fled to Texas, met a young man, who, on the day of their wedding rehearsal was gunned down by an angry and jealous Bill (with the assistance of the Deadly Viper Assassination Squad). Four years later, 'The Bride' wakes from a coma, and discovers her baby is gone. She, then, decides to seek revenge upon the five people who destroyed her life and killed her baby. The saga of Kill Bill Volume I begins.","Director":"Quentin Tarantino","Title":"Kill Bill: Vol. 1","Actors":"Uma Thurman, Lucy Liu, Vivica A. Fox, Daryl Hannah","Response":"True","Type":"movie","Awards":"Nominated for 1 Golden Globe. Another 29 wins & 102 nominations.","DVD":"N\/A","Year":"2003","Poster":"https:\/\/m.media-amazon.com\/images\/M\/MV5BNzM3NDFhYTAtYmU5Mi00NGRmLTljYjgtMDkyODQ4MjNkMGY2XkEyXkFqcGdeQXVyNzkwMjQ5NzM@._V1_SX300.jpg","Country":"USA, Japan","Genre":"Action, Crime, Thriller","Writer":"Quentin Tarantino, Quentin Tarantino (character The Bride), Uma Thurman (character The Bride)"}
