{"Metascore":"43","BoxOffice":"N\/A","Website":"N\/A","imdbRating":"6.2","imdbVotes":"32,321","Ratings":[{"Value":"6.2\/10","Source":"Internet Movie Database"},{"Value":"75%","Source":"Rotten Tomatoes"},{"Value":"43\/100","Source":"Metacritic"}],"Runtime":"88 min","Language":"English","Rated":"PG-13","Production":"Chiodo Brothers Productions","Released":"27 May 1988","imdbID":"tt0095444","Plot":"When a small town is invaded by aliens from outer space who are capturing and killing the townspeople, no one takes them seriously. Why? The aliens all look like circus clowns, use weapons that look clown like, and all have painted on smiles. Only a few of the young people in the town realize the danger and of course no one believes them. Armed with an ice cream truck they try and rescue their friends.","Director":"Stephen Chiodo","Title":"Killer Klowns from Outer Space","Actors":"Grant Cramer, Suzanne Snyder, John Allen Nelson, John Vernon","Response":"True","Type":"movie","Awards":"2 nominations.","DVD":"N\/A","Year":"1988","Poster":"https:\/\/m.media-amazon.com\/images\/M\/MV5BMDM5YzZmZjUtMjkzOS00ODBkLWE1OWUtODdmMTYzOTQwNDRkXkEyXkFqcGdeQXVyMTQxNzMzNDI@._V1_SX300.jpg","Country":"USA","Genre":"Comedy, Horror, Sci-Fi","Writer":"Charles Chiodo, Stephen Chiodo"}
