{"Metascore":"65","BoxOffice":"N\/A","Website":"N\/A","imdbRating":"8.2","imdbVotes":"79,176","Ratings":[{"Value":"8.2\/10","Source":"Internet Movie Database"},{"Value":"65\/100","Source":"Metacritic"}],"Runtime":"96 min","Language":"English, Saami","Rated":"PG","Production":"N\/A","Released":"15 Nov 2019","imdbID":"tt4729430","Plot":"A simple act of kindness always sparks another, even in a frozen, faraway place. When Smeerensburg's new postman, Jesper, befriends toymaker Klaus, their gifts melt an age-old feud and deliver a sleigh full of holiday traditions.","Director":"Sergio Pablos, Carlos Martínez López(co-director)","Title":"Klaus","Actors":"Jason Schwartzman, J.K. Simmons, Rashida Jones, Will Sasso","Response":"True","Type":"movie","Awards":"Nominated for 1 Oscar. Another 10 wins & 21 nominations.","DVD":"N\/A","Year":"2019","Poster":"https:\/\/m.media-amazon.com\/images\/M\/MV5BMWYwOThjM2ItZGYxNy00NTQwLWFlZWEtM2MzM2Q5MmY3NDU5XkEyXkFqcGdeQXVyMTkxNjUyNQ@@._V1_SX300.jpg","Country":"Spain, UK","Genre":"Animation, Adventure, Comedy, Family","Writer":"Sergio Pablos (original story by), Sergio Pablos (screenplay by), Jim Mahoney (screenplay by), Zach Lewis (screenplay by)"}
