{"Metascore":"82","BoxOffice":"N\/A","Website":"N\/A","imdbRating":"7.9","imdbVotes":"413,083","Ratings":[{"Value":"7.9\/10","Source":"Internet Movie Database"},{"Value":"97%","Source":"Rotten Tomatoes"},{"Value":"82\/100","Source":"Metacritic"}],"Runtime":"130 min","Language":"English, Spanish, Hindi","Rated":"PG-13","Production":"FilmNation Entertainment, Media Rights Capital","Released":"27 Nov 2019","imdbID":"tt8946378","Plot":"A detective investigates the death of a patriarch of an eccentric, combative family.","Director":"Rian Johnson","Title":"Knives Out","Actors":"Daniel Craig, Chris Evans, Ana de Armas, Jamie Lee Curtis","Response":"True","Type":"movie","Awards":"Nominated for 1 Oscar. Another 46 wins & 94 nominations.","DVD":"N\/A","Year":"2019","Poster":"https:\/\/m.media-amazon.com\/images\/M\/MV5BMGUwZjliMTAtNzAxZi00MWNiLWE2NzgtZGUxMGQxZjhhNDRiXkEyXkFqcGdeQXVyNjU1NzU3MzE@._V1_SX300.jpg","Country":"USA","Genre":"Comedy, Crime, Drama, Mystery, Thriller","Writer":"Rian Johnson"}
