{"Metascore":"N\/A","BoxOffice":"N\/A","Website":"N\/A","imdbRating":"8.0","imdbVotes":"27,363","Ratings":[{"Value":"8.0\/10","Source":"Internet Movie Database"},{"Value":"92%","Source":"Rotten Tomatoes"}],"Runtime":"87 min","Language":"German, English","Rated":"Not Rated","Production":"Mr. Brown Entertainment","Released":"20 Feb 1997","imdbID":"tt0119472","Plot":"Two young men, Martin and Rudi, both suffering from terminal cancer, get to know each other in a hospital room. They drown their desperation in Tequila and decide to take one last trip to the sea. Drunk and still in pajamas they steal the first fancy car they find, a 60's Mercedes convertible. The car happens to belong to a bunch of gangsters, which immediately start to chase it, since it contains more than the pistol Martin finds in the glove box.","Director":"Thomas Jahn","Title":"Knockin' on Heaven's Door","Actors":"Til Schweiger, Jan Josef Liefers, Thierry van Werveke, Moritz Bleibtreu","Response":"True","Type":"movie","Awards":"8 wins & 3 nominations.","DVD":"N\/A","Year":"1997","Poster":"https:\/\/m.media-amazon.com\/images\/M\/MV5BMTk2MjcxNjMzN15BMl5BanBnXkFtZTgwMTE3OTEwNjE@._V1_SX300.jpg","Country":"Germany","Genre":"Action, Crime, Comedy, Drama","Writer":"Thomas Jahn (story), Thomas Jahn (screenplay), Til Schweiger (screenplay)"}
