{"Metascore":"77","BoxOffice":"N\/A","Website":"N\/A","imdbRating":"7.8","imdbVotes":"131,337","Ratings":[{"Value":"7.8\/10","Source":"Internet Movie Database"},{"Value":"88%","Source":"Rotten Tomatoes"},{"Value":"77\/100","Source":"Metacritic"}],"Runtime":"105 min","Language":"English","Rated":"PG","Production":"Columbia Pictures Corporation","Released":"19 Dec 1979","imdbID":"tt0079417","Plot":"Ted Kramer is a career man for whom his work comes before his family. His wife Joanna cannot take this anymore, so she decides to leave him. Ted is now faced with the tasks of housekeeping and taking care of himself and their young son Billy. When he has learned to adjust his life to these new responsibilities, Joanna resurfaces and wants Billy back. Ted, however, refuses to give him up, so they go to court to fight for the custody of their son.","Director":"Robert Benton","Title":"Kramer vs. Kramer","Actors":"Dustin Hoffman, Meryl Streep, Jane Alexander, Justin Henry","Response":"True","Type":"movie","Awards":"Won 5 Oscars. Another 34 wins & 25 nominations.","DVD":"N\/A","Year":"1979","Poster":"https:\/\/m.media-amazon.com\/images\/M\/MV5BNDM3YjNlYmMtOGY3NS00MmRjLWIyY2UtNDA0MWM3OTNlZTY2XkEyXkFqcGdeQXVyMTQxNzMzNDI@._V1_SX300.jpg","Country":"USA","Genre":"Drama","Writer":"Avery Corman (from the novel by), Robert Benton (written for the screen by)"}
