{"Metascore":"84","BoxOffice":"N\/A","Website":"N\/A","imdbRating":"7.8","imdbVotes":"116,098","Ratings":[{"Value":"7.8\/10","Source":"Internet Movie Database"},{"Value":"97%","Source":"Rotten Tomatoes"},{"Value":"84\/100","Source":"Metacritic"}],"Runtime":"101 min","Language":"English","Rated":"PG","Production":"Laika, Focus Features","Released":"19 Aug 2016","imdbID":"tt4302938","Plot":"Kubo lives a quiet, normal life in a small shoreside village until a spirit from the past turns his life upside down by re-igniting an age-old vendetta. This causes all sorts of havoc as gods and monsters chase Kubo who, in order to survive, must locate a magical suit of armor once worn by his late father, a legendary Samurai warrior.","Director":"Travis Knight","Title":"Kubo and the Two Strings","Actors":"Art Parkinson, Charlize Theron, Brenda Vaccaro, Cary-Hiroyuki Tagawa","Response":"True","Type":"movie","Awards":"Nominated for 2 Oscars. Another 33 wins & 63 nominations.","DVD":"N\/A","Year":"2016","Poster":"https:\/\/m.media-amazon.com\/images\/M\/MV5BMjA2Mzg2NDMzNl5BMl5BanBnXkFtZTgwMjcwODUzOTE@._V1_SX300.jpg","Country":"USA, Japan","Genre":"Animation, Action, Adventure, Family, Fantasy","Writer":"Marc Haimes (screenplay by), Chris Butler (screenplay by), Shannon Tindle (story by), Marc Haimes (story by)"}
