{"Metascore":"90","BoxOffice":"N\/A","Website":"N\/A","imdbRating":"8.2","imdbVotes":"525,672","Ratings":[{"Value":"8.2\/10","Source":"Internet Movie Database"},{"Value":"99%","Source":"Rotten Tomatoes"},{"Value":"90\/100","Source":"Metacritic"}],"Runtime":"138 min","Language":"English","Rated":"R","Production":"Warner Brothers, Regency Enterprises","Released":"19 Sep 1997","imdbID":"tt0119488","Plot":"1950's Los Angeles is the seedy backdrop for this intricate noir-ish tale of police corruption and Hollywood sleaze. Three very different cops are all after the truth, each in their own style: Ed Exley, the golden boy of the police force, willing to do almost anything to get ahead, except sell out; Bud White, ready to break the rules to seek justice, but barely able to keep his raging violence under control; and Jack Vincennes, always looking for celebrity and a quick buck until his conscience drives him to join Exley and White down the one-way path to find the truth behind the dark world of L.A. crime.","Director":"Curtis Hanson","Title":"L.A. Confidential","Actors":"Kevin Spacey, Russell Crowe, Guy Pearce, James Cromwell","Response":"True","Type":"movie","Awards":"Won 2 Oscars. Another 89 wins & 85 nominations.","DVD":"N\/A","Year":"1997","Poster":"https:\/\/m.media-amazon.com\/images\/M\/MV5BMDQ2YzEyZGItYWRhOS00MjBmLTkzMDUtMTdjYzkyMmQxZTJlXkEyXkFqcGdeQXVyNjU0OTQ0OTY@._V1_SX300.jpg","Country":"USA","Genre":"Crime, Drama, Mystery, Thriller","Writer":"James Ellroy (novel), Brian Helgeland (screenplay), Curtis Hanson (screenplay)"}
