{"Metascore":"95","BoxOffice":"N\/A","Website":"N\/A","imdbRating":"8.0","imdbVotes":"65,067","Ratings":[{"Value":"8.0\/10","Source":"Internet Movie Database"},{"Value":"96%","Source":"Rotten Tomatoes"},{"Value":"95\/100","Source":"Metacritic"}],"Runtime":"174 min","Language":"Italian, English, French, German","Rated":"Not Rated","Production":"Cinecittà, Pathé Consortium Cinéma","Released":"19 Apr 1961","imdbID":"tt0053779","Plot":"Journalist and man-about-town Marcello struggles to find his place in the world, torn between the allure of Rome's elite social scene and the stifling domesticity offered by his girlfriend, all the while searching for a way to become a serious writer.","Director":"Federico Fellini","Title":"La Dolce Vita","Actors":"Marcello Mastroianni, Anita Ekberg, Anouk Aimée, Yvonne Furneaux","Response":"True","Type":"movie","Awards":"Won 1 Oscar. Another 10 wins & 12 nominations.","DVD":"N\/A","Year":"1960","Poster":"https:\/\/m.media-amazon.com\/images\/M\/MV5BODQ0NzY5NGEtYTc5NC00Yjg4LTg4Y2QtZjE2MTkyYTNmNmU2L2ltYWdlL2ltYWdlXkEyXkFqcGdeQXVyNjc1NTYyMjg@._V1_SX300.jpg","Country":"Italy, France","Genre":"Comedy, Drama","Writer":"Federico Fellini (story), Ennio Flaiano (story), Tullio Pinelli (story), Federico Fellini (screenplay), Ennio Flaiano (screenplay), Tullio Pinelli (screenplay), Brunello Rondi (contributing writer)"}
