{"Metascore":"84","BoxOffice":"N\/A","Website":"N\/A","imdbRating":"8.1","imdbVotes":"103,618","Ratings":[{"Value":"8.1\/10","Source":"Internet Movie Database"},{"Value":"95%","Source":"Rotten Tomatoes"},{"Value":"84\/100","Source":"Metacritic"}],"Runtime":"224 min","Language":"Hindi, English","Rated":"PG","Production":"N\/A","Released":"15 Jun 2001","imdbID":"tt0169102","Plot":"This is the story about the resilience shown by the Indians when they were under the British Rule. They are already taxed to the bone by the British and their cronies, but when Jack Russell announces that he will double the Lagaan (tax) from all villagers, they decide to oppose it. Leading the villagers is a handsome young man named Bhuvan, who challenges them to a game of cricket, a game that is to be played by veteran British cricket players, versus villagers, including Bhuvan himself, who have never played this game before, and do not even know a bat from a piece of wood. As the challenge is accepted, the interest grows and attracts Indians from all over the region, as well as the British from all over the country - as everyone gathers to see the 'fair play' that the British will display against their counter-parts, who are aided by none other than the sister, Elizabeth, of Captain Rusell.","Director":"Ashutosh Gowariker","Title":"Lagaan: Once Upon a Time in India","Actors":"Aamir Khan, Gracy Singh, Rachel Shelley, Paul Blackthorne","Response":"True","Type":"movie","Awards":"Nominated for 1 Oscar. Another 54 wins & 19 nominations.","DVD":"N\/A","Year":"2001","Poster":"https:\/\/m.media-amazon.com\/images\/M\/MV5BNDYxNWUzZmYtOGQxMC00MTdkLTkxOTctYzkyOGIwNWQxZjhmXkEyXkFqcGdeQXVyNjU0OTQ0OTY@._V1_SX300.jpg","Country":"India","Genre":"Adventure, Drama, Musical, Sport","Writer":"Ashutosh Gowariker (story), Ashutosh Gowariker (screenplay), Kumar Dave (screenplay), Sanjay Dayma (screenplay), K.P. Saxena (dialogue)"}
