{"Metascore":"94","BoxOffice":"N\/A","Website":"N\/A","imdbRating":"8.0","imdbVotes":"494,073","Ratings":[{"Value":"8.0\/10","Source":"Internet Movie Database"},{"Value":"91%","Source":"Rotten Tomatoes"},{"Value":"94\/100","Source":"Metacritic"}],"Runtime":"128 min","Language":"English, Cantonese","Rated":"PG-13","Production":"Summit Entertainment, Marc Platt Productions, Gilbert Films","Released":"25 Dec 2016","imdbID":"tt3783958","Plot":"Mia, an aspiring actress, serves lattes to movie stars in between auditions and Sebastian, a jazz musician, scrapes by playing cocktail party gigs in dingy bars, but as success mounts they are faced with decisions that begin to fray the fragile fabric of their love affair, and the dreams they worked so hard to maintain in each other threaten to rip them apart.","Director":"Damien Chazelle","Title":"La La Land","Actors":"Ryan Gosling, Emma Stone, Amiée Conn, Terry Walters","Response":"True","Type":"movie","Awards":"Won 6 Oscars. Another 237 wins & 288 nominations.","DVD":"N\/A","Year":"2016","Poster":"https:\/\/m.media-amazon.com\/images\/M\/MV5BMzUzNDM2NzM2MV5BMl5BanBnXkFtZTgwNTM3NTg4OTE@._V1_SX300.jpg","Country":"USA, Hong Kong","Genre":"Comedy, Drama, Music, Musical, Romance","Writer":"Damien Chazelle"}
