{"Metascore":"75","BoxOffice":"N\/A","Website":"N\/A","imdbRating":"7.8","imdbVotes":"34,554","Ratings":[{"Value":"7.8\/10","Source":"Internet Movie Database"},{"Value":"92%","Source":"Rotten Tomatoes"},{"Value":"75\/100","Source":"Metacritic"}],"Runtime":"100 min","Language":"German, Danish, English","Rated":"R","Production":"Nordisk Film","Released":"03 Dec 2015","imdbID":"tt3841424","Plot":"SPOILER: In 1945, in Denmark, after the defeat of Germany, the tough veteran Sergeant Carl Rasmussen is assigned by Lieutenant Ebbe Jensen to defuse and remove 2.2 million mines in the Danish West Coast to make the beaches safe. Carl receives a group of teenage Germans prisoners of war to clear mines. With the formal promise of Ebbe, Carl tells to the youngsters that when the task is accomplished, the survivors would be released to return to Germany. After the initial hostility with the enemy, Carl realizes that the POWs are too young and befriends the boys. But when a mine in a clear area blows up his dog, Carl forces the boys to walk together on the safe areas to check whether any mine was left behind. Months later, the survivors complete their task but Ebbe sends them to another mined field. What will Carl do?","Director":"Martin Zandvliet","Title":"Land of Mine","Actors":"Roland Møller, Louis Hofmann, Joel Basman, Mikkel Boe Følsgaard","Response":"True","Type":"movie","Awards":"Nominated for 1 Oscar. Another 29 wins & 25 nominations.","DVD":"N\/A","Year":"2015","Poster":"https:\/\/m.media-amazon.com\/images\/M\/MV5BMjA0MzQzNjM1Ml5BMl5BanBnXkFtZTgwNjM5MjU5NjE@._V1_SX300.jpg","Country":"Denmark, Germany","Genre":"Drama, History, War","Writer":"Martin Zandvliet"}
