{"Metascore":"66","BoxOffice":"N\/A","Website":"N\/A","imdbRating":"7.6","imdbVotes":"81,762","Ratings":[{"Value":"7.6\/10","Source":"Internet Movie Database"},{"Value":"50%","Source":"Rotten Tomatoes"},{"Value":"66\/100","Source":"Metacritic"}],"Runtime":"140 min","Language":"French, English","Rated":"PG-13","Production":"N\/A","Released":"20 Jul 2007","imdbID":"tt0450188","Plot":"An un-chronological look at the life of the Little Sparrow, Édith Piaf (1915-1963). Her mother is an alcoholic street singer, her father a circus performer, her paternal grandmother a madam. During childhood she lives with each of them. At 20, she's a street singer discovered by a club owner who's soon murdered, coached by a musician who brings her to concert halls, and then quickly famous. Constant companions are alcohol and heartache. The tragedies of her love affair with Marcel Cerdan and the death of her only child belie the words of one of her signature songs, \"Non, je ne regrette rien.\" The back and forth nature of the narrative suggests the patterns of memory and association.","Director":"Olivier Dahan","Title":"La Vie En Rose","Actors":"Marion Cotillard, Sylvie Testud, Pascal Greggory, Emmanuelle Seigner","Response":"True","Type":"movie","Awards":"Won 2 Oscars. Another 47 wins & 61 nominations.","DVD":"N\/A","Year":"2007","Poster":"https:\/\/m.media-amazon.com\/images\/M\/MV5BOTBmZDZkNWYtODIzYi00N2Y4LWFjMmMtNmM1OGYyNGVhYzUzXkEyXkFqcGdeQXVyNTAyODkwOQ@@._V1_SX300.jpg","Country":"France, UK, Czech Republic","Genre":"Biography, Drama, Music, Romance","Writer":"Isabelle Sobelman, Olivier Dahan"}
