{"Metascore":"N\/A","BoxOffice":"N\/A","Website":"N\/A","imdbRating":"7.9","imdbVotes":"25,919","Ratings":[{"Value":"7.9\/10","Source":"Internet Movie Database"},{"Value":"94%","Source":"Rotten Tomatoes"}],"Runtime":"144 min","Language":"Italian, English, Greek","Rated":"Not Rated","Production":"Societé Cinématographique Lyre","Released":"04 Mar 1961","imdbID":"tt0053619","Plot":"A group of rich Italians head out on a yachting trip to a deserted volcanic island in the Mediterranean. When they are about to leave the island, they find Anna, the main character up to this point, has gone missing. Sandro, Anna's boyfriend, and Claudia, Anna's friend, try without success to find her. While looking for the missing friend, Claudia and Sandro develop an attraction for each other. When they get back to land, they continue the search with no success. Sandro and Claudia proceed to become lovers, and all but forget about the missing Anna.","Director":"Michelangelo Antonioni","Title":"L'Avventura","Actors":"Gabriele Ferzetti, Monica Vitti, Lea Massari, Dominique Blanchar","Response":"True","Type":"movie","Awards":"Nominated for 2 BAFTA Film Awards. Another 6 wins & 8 nominations.","DVD":"N\/A","Year":"1960","Poster":"https:\/\/m.media-amazon.com\/images\/M\/MV5BNmJlYTVjZTYtZDg1Yy00NzFiLWJmYzYtYTJhMjliY2I2ZTlhXkEyXkFqcGdeQXVyMjgyNjk3MzE@._V1_SX300.jpg","Country":"Italy, France","Genre":"Drama, Mystery","Writer":"Michelangelo Antonioni (story), Michelangelo Antonioni (screenplay), Elio Bartolini (screenplay), Tonino Guerra (screenplay)"}
