{"Metascore":"100","BoxOffice":"N\/A","Website":"N\/A","imdbRating":"8.3","imdbVotes":"264,659","Ratings":[{"Value":"8.3\/10","Source":"Internet Movie Database"},{"Value":"97%","Source":"Rotten Tomatoes"},{"Value":"100\/100","Source":"Metacritic"}],"Runtime":"228 min","Language":"English, Arabic, Turkish","Rated":"Approved","Production":"Horizon Films","Released":"11 Dec 1962","imdbID":"tt0056172","Plot":"Due to his knowledge of the native Bedouin tribes, British Lieutenant T.E. Lawrence is sent to Arabia to find Prince Faisal and serve as a liaison between the Arabs and the British in their fight against the Turks. With the aid of native Sherif Ali, Lawrence rebels against the orders of his superior officer and strikes out on a daring camel journey across the harsh desert to attack a well-guarded Turkish port.","Director":"David Lean","Title":"Lawrence of Arabia","Actors":"Peter O'Toole, Alec Guinness, Anthony Quinn, Jack Hawkins","Response":"True","Type":"movie","Awards":"Won 7 Oscars. Another 23 wins & 14 nominations.","DVD":"N\/A","Year":"1962","Poster":"https:\/\/m.media-amazon.com\/images\/M\/MV5BYWY5ZjhjNGYtZmI2Ny00ODM0LWFkNzgtZmI1YzA2N2MxMzA0XkEyXkFqcGdeQXVyNjUwNzk3NDc@._V1_SX300.jpg","Country":"UK","Genre":"Adventure, Biography, Drama, History, War","Writer":"T.E. Lawrence (writings), Robert Bolt (screenplay), Michael Wilson (screenplay)"}
