{"Metascore":"68","BoxOffice":"N\/A","Website":"N\/A","imdbRating":"7.6","imdbVotes":"233,170","Ratings":[{"Value":"7.6\/10","Source":"Internet Movie Database"},{"Value":"81%","Source":"Rotten Tomatoes"},{"Value":"68\/100","Source":"Metacritic"}],"Runtime":"109 min","Language":"English","Rated":"R","Production":"Warner Brothers, Silver Pictures","Released":"06 Mar 1987","imdbID":"tt0093409","Plot":"Martin Riggs is an L.A. cop with suicidal tendencies and Roger Murtaugh is the unlucky police officer with whom Riggs is assigned. Together they uncover a huge drug-smuggling operation, and as their success rate grows so does their friendship.","Director":"Richard Donner","Title":"Lethal Weapon","Actors":"Mel Gibson, Danny Glover, Gary Busey, Mitchell Ryan","Response":"True","Type":"movie","Awards":"Nominated for 1 Oscar. Another 7 wins & 1 nomination.","DVD":"N\/A","Year":"1987","Poster":"https:\/\/m.media-amazon.com\/images\/M\/MV5BZTllNWNlZjctMWQwMS00ZDc3LTg5ZjMtNzhmNzhjMmVhYTFlXkEyXkFqcGdeQXVyNTc1NTQxODI@._V1_SX300.jpg","Country":"USA","Genre":"Action, Crime, Thriller","Writer":"Shane Black"}
