{"Metascore":"89","BoxOffice":"N\/A","Website":"N\/A","imdbRating":"7.9","imdbVotes":"152,954","Ratings":[{"Value":"7.9\/10","Source":"Internet Movie Database"},{"Value":"91%","Source":"Rotten Tomatoes"},{"Value":"89\/100","Source":"Metacritic"}],"Runtime":"141 min","Language":"Japanese, English","Rated":"R","Production":"Amblin Entertainment, Malpaso Company, Warner Bros., DreamWorks SKG","Released":"02 Feb 2007","imdbID":"tt0498380","Plot":"The island of Iwo Jima stands between the American military force and the home islands of Japan. Therefore the Imperial Japanese Army is desperate to prevent it from falling into American hands and providing a launching point for an invasion of Japan. General Tadamichi Kuribayashi is given command of the forces on the island and sets out to prepare for the imminent attack. General Kuribayashi, however, does not favor the rigid traditional approach recommended by his subordinates, and resentment and resistance fester among his staff. In the lower echelons, a young soldier, Saigo, a poor baker in civilian life, strives with his friends to survive the harsh regime of the Japanese army itself, all the while knowing that a fierce battle looms. When the American invasion begins, both Kuribayashi and Saigo find strength, honor, courage, and horrors beyond imagination.","Director":"Clint Eastwood","Title":"Letters from Iwo Jima","Actors":"Ken Watanabe, Kazunari Ninomiya, Tsuyoshi Ihara, Ryô Kase","Response":"True","Type":"movie","Awards":"Won 1 Oscar. Another 23 wins & 39 nominations.","DVD":"N\/A","Year":"2006","Poster":"https:\/\/m.media-amazon.com\/images\/M\/MV5BMjE0NzgwODI4M15BMl5BanBnXkFtZTcwNjg3OTA0MQ@@._V1_SX300.jpg","Country":"USA, Japan","Genre":"Action, Adventure, Drama, History, War","Writer":"Iris Yamashita (screenplay), Iris Yamashita (story), Paul Haggis (story), Tadamichi Kuribayashi (book), Tsuyoko Yoshido (book)"}
