{"Metascore":"59","BoxOffice":"N\/A","Website":"N\/A","imdbRating":"8.6","imdbVotes":"610,754","Ratings":[{"Value":"8.6\/10","Source":"Internet Movie Database"},{"Value":"80%","Source":"Rotten Tomatoes"},{"Value":"59\/100","Source":"Metacritic"}],"Runtime":"116 min","Language":"Italian, German, English","Rated":"PG-13","Production":"Miramax, Cecchi Gori Group Tiger Cinema","Released":"20 Dec 1997","imdbID":"tt0118799","Plot":"In 1930s Italy, a carefree Jewish book keeper named Guido starts a fairy tale life by courting and marrying a lovely woman from a nearby city. Guido and his wife have a son and live happily together until the occupation of Italy by German forces. In an attempt to hold his family together and help his son survive the horrors of a Jewish Concentration Camp, Guido imagines that the Holocaust is a game and that the grand prize for winning is a tank.","Director":"Roberto Benigni","Title":"Life Is Beautiful","Actors":"Roberto Benigni, Nicoletta Braschi, Giorgio Cantarini, Giustino Durano","Response":"True","Type":"movie","Awards":"Won 3 Oscars. Another 69 wins & 52 nominations.","DVD":"N\/A","Year":"1997","Poster":"https:\/\/m.media-amazon.com\/images\/M\/MV5BYmJmM2Q4NmMtYThmNC00ZjRlLWEyZmItZTIwOTBlZDQ3NTQ1XkEyXkFqcGdeQXVyMTQxNzMzNDI@._V1_SX300.jpg","Country":"Italy","Genre":"Comedy, Drama, Romance, War","Writer":"Vincenzo Cerami (story by), Roberto Benigni (story by), Vincenzo Cerami (screenplay by), Roberto Benigni (screenplay by)"}
