{"Metascore":"79","BoxOffice":"N\/A","Website":"N\/A","imdbRating":"7.9","imdbVotes":"574,774","Ratings":[{"Value":"7.9\/10","Source":"Internet Movie Database"},{"Value":"87%","Source":"Rotten Tomatoes"},{"Value":"79\/100","Source":"Metacritic"}],"Runtime":"127 min","Language":"English, Tamil, French, Japanese, Hindi, Chinese, Arabic","Rated":"PG","Production":"Haishang Films, Gil Netter","Released":"21 Nov 2012","imdbID":"tt0454876","Plot":"In Canada, a writer visits the Indian storyteller Pi Patel and asks him to tell his life story. Pi tells the story of his childhood in Pondicherry, India, and the origin of his nickname. One day, his father, a zoo owner, explains that the municipality is no longer supporting the zoo and he has hence decided to move to Canada, where the animals the family owns would also be sold. They board on a Japanese cargo ship with the animals and out of the blue, there is a storm, followed by a shipwrecking. Pi survives in a lifeboat with a zebra, an orangutan, a hyena and a male Bengal tiger nicknamed Richard Parker. They are adrift in the Pacific Ocean, with aggressive hyena and Richard Parker getting hungry. Pi needs to find a way to survive.","Director":"Ang Lee","Title":"Life of Pi","Actors":"Suraj Sharma, Irrfan Khan, Ayush Tandon, Gautam Belur","Response":"True","Type":"movie","Awards":"Won 4 Oscars. Another 78 wins & 133 nominations.","DVD":"N\/A","Year":"2012","Poster":"https:\/\/m.media-amazon.com\/images\/M\/MV5BNTg2OTY2ODg5OF5BMl5BanBnXkFtZTcwODM5MTYxOA@@._V1_SX300.jpg","Country":"USA, Taiwan, UK, Canada","Genre":"Adventure, Drama, Fantasy","Writer":"Yann Martel (novel), David Magee (screenplay)"}
