{"Metascore":"82","BoxOffice":"N\/A","Website":"N\/A","imdbRating":"7.8","imdbVotes":"42,267","Ratings":[{"Value":"7.8\/10","Source":"Internet Movie Database"},{"Value":"84%","Source":"Rotten Tomatoes"},{"Value":"82\/100","Source":"Metacritic"}],"Runtime":"109 min","Language":"Russian, Swedish, English, Polish","Rated":"R","Production":"Sveriges Television, Nordisk Film- &amp; TV-Fond, Memfis Film, Film i Väst, Zentropa Entertainments, Det Danske Filminstitut, Svenska Filminstitutet","Released":"23 Aug 2002","imdbID":"tt0300140","Plot":"While waiting for her mothers reply to take her to the USA, Lilya idles the time away smoking, drinking and having fun with her, too, outcast friend Volodya. In time, the chance of a new life becomes non-existent; her life is going nowhere. Meeting a young man, she then finds a plane ticket in her hand and a new life in Sweden: a job, an apartment and prospects. All is not what it seems. There shall be work, there shall be housing and there shall be no escape. This is the stark, frank and disturbing vision of the life of a young victim of the underground sex trade and in all its tone of realism of abject poverty, despicable actions and of wanting to show that dreaming of a better life is not a crime but that life can shatter the illusion of a happy ending.","Director":"Lukas Moodysson","Title":"Lilya 4-Ever","Actors":"Oksana Akinshina, Artyom Bogucharskiy, Lyubov Agapova, Liliya Shinkaryova","Response":"True","Type":"movie","Awards":"12 wins & 11 nominations.","DVD":"N\/A","Year":"2002","Poster":"https:\/\/m.media-amazon.com\/images\/M\/MV5BMTQ1ODM1Nzc1OF5BMl5BanBnXkFtZTcwMDI3MDg4NA@@._V1_SX300.jpg","Country":"Sweden, Denmark","Genre":"Crime, Drama","Writer":"Lukas Moodysson"}
