{"Metascore":"69","BoxOffice":"N\/A","Website":"N\/A","imdbRating":"8.0","imdbVotes":"209,565","Ratings":[{"Value":"8.0\/10","Source":"Internet Movie Database"},{"Value":"85%","Source":"Rotten Tomatoes"},{"Value":"69\/100","Source":"Metacritic"}],"Runtime":"118 min","Language":"English, Hindi, Bengali","Rated":"PG-13","Production":"See-Saw Films, Sunstar Entertainment, Aquarius Films","Released":"06 Jan 2017","imdbID":"tt3741834","Plot":"In 1986, Saroo was a five-year-old child in India of a poor but happy rural family. On a trip with his brother, Saroo soon finds himself alone and trapped in a moving decommissioned passenger train that takes him to Calcutta, 1500 miles away from home. Now totally lost in an alien urban environment and too young to identify either himself or his home to the authorities, Saroo struggles to survive as a street child until he is sent to an orphanage. Soon, Saroo is selected to be adopted by the Brierley family in Tasmania, where he grows up in a loving, prosperous home. However, for all his material good fortune, Saroo finds himself plagued by his memories of his lost family in his adulthood and tries to search for them even as his guilt drives him to hide this quest from his adoptive parents and his girlfriend. Only when he has an epiphany does he realize not only the answers he needs, but also the steadfast love that he has always had with all his loved ones in both worlds.","Director":"Garth Davis","Title":"Lion","Actors":"Sunny Pawar, Abhishek Bharate, Priyanka Bose, Khushi Solanki","Response":"True","Type":"movie","Awards":"Nominated for 6 Oscars. Another 59 wins & 98 nominations.","DVD":"N\/A","Year":"2016","Poster":"https:\/\/m.media-amazon.com\/images\/M\/MV5BMjA3NjkzNjg2MF5BMl5BanBnXkFtZTgwMDkyMzgzMDI@._V1_SX300.jpg","Country":"UK, Australia, USA","Genre":"Biography, Drama","Writer":"Saroo Brierley (adapted from the book \"A Long Way Home\" by), Luke Davies (screenplay by)"}
