{"Metascore":"80","BoxOffice":"N\/A","Website":"N\/A","imdbRating":"7.8","imdbVotes":"434,983","Ratings":[{"Value":"7.8\/10","Source":"Internet Movie Database"},{"Value":"91%","Source":"Rotten Tomatoes"},{"Value":"80\/100","Source":"Metacritic"}],"Runtime":"101 min","Language":"English","Rated":"R","Production":"Big Beach, Bona Fide Productions","Released":"18 Aug 2006","imdbID":"tt0449059","Plot":"In Albuquerque, Sheryl Hoover brings her suicidal brother Frank to the breast of her dysfunctional and emotionally bankrupted family. Frank is homosexual, an expert in Proust. He tried to commit suicide when he was rejected by his boyfriend and his great competitor became renowned and recognized as number one in the field of Proust. Sheryl's husband Richard is unsuccessfully trying to sell his self-help and self-improvement technique using nine steps to reach success, but he is actually a complete loser. Her son Dwayne has taken a vow of silence as a follower of Nietzsche and aims to be a jet pilot. Dwayne's grandfather Edwin was sent away from the institution for elders (Sunset Manor) and is addicted in heroin. When her seven-year-old daughter Olive has a chance to dispute the Little Miss Sunshine pageant in Redondo Beach, California, the whole family travels together in their old Volkswagen Type 2 (Kombi) in a funny journey of hope of winning the talent contest and to make a dream come true.","Director":"Jonathan Dayton, Valerie Faris","Title":"Little Miss Sunshine","Actors":"Abigail Breslin, Greg Kinnear, Paul Dano, Alan Arkin","Response":"True","Type":"movie","Awards":"Won 2 Oscars. Another 70 wins & 112 nominations.","DVD":"N\/A","Year":"2006","Poster":"https:\/\/m.media-amazon.com\/images\/M\/MV5BMTgzNTgzODU0NV5BMl5BanBnXkFtZTcwMjEyMjMzMQ@@._V1_SX300.jpg","Country":"USA","Genre":"Comedy, Drama","Writer":"Michael Arndt"}
