{"Metascore":"91","BoxOffice":"N\/A","Website":"N\/A","imdbRating":"7.8","imdbVotes":"131,920","Ratings":[{"Value":"7.8\/10","Source":"Internet Movie Database"},{"Value":"95%","Source":"Rotten Tomatoes"},{"Value":"91\/100","Source":"Metacritic"}],"Runtime":"135 min","Language":"English, French","Rated":"PG","Production":"Columbia Pictures, Pascal Pictures, New Regency Pictures","Released":"25 Dec 2019","imdbID":"tt3281548","Plot":"Jo March reflects back and forth on her life, telling the beloved story of the March sisters - four young women, each determined to live life on her own terms.","Director":"Greta Gerwig","Title":"Little Women","Actors":"Saoirse Ronan, Emma Watson, Florence Pugh, Eliza Scanlen","Response":"True","Type":"movie","Awards":"Won 1 Oscar. Another 71 wins & 188 nominations.","DVD":"N\/A","Year":"2019","Poster":"https:\/\/m.media-amazon.com\/images\/M\/MV5BY2QzYTQyYzItMzAwYi00YjZlLThjNTUtNzMyMDdkYzJiNWM4XkEyXkFqcGdeQXVyMTkxNjUyNQ@@._V1_SX300.jpg","Country":"USA","Genre":"Drama, Romance","Writer":"Greta Gerwig (written for the screen by), Louisa May Alcott (based on the novel by)"}
