{"Metascore":"66","BoxOffice":"N\/A","Website":"N\/A","imdbRating":"8.2","imdbVotes":"528,917","Ratings":[{"Value":"8.2\/10","Source":"Internet Movie Database"},{"Value":"75%","Source":"Rotten Tomatoes"},{"Value":"66\/100","Source":"Metacritic"}],"Runtime":"107 min","Language":"English","Rated":"R","Production":"SKA Films, Steve Tisch Company","Released":"28 Aug 1998","imdbID":"tt0120735","Plot":"Four Jack-the-lads find themselves heavily - seriously heavily - in debt to an East End hard man and his enforcers after a crooked card game. Overhearing their neighbours in the next flat plotting to hold up a group of out-of-their-depth drug growers, our heros decide to stitch up the robbers in turn. In a way the confusion really starts when a pair of antique double-barrelled shotguns go missing in a completely different scam.","Director":"Guy Ritchie","Title":"Lock, Stock and Two Smoking Barrels","Actors":"Jason Flemyng, Dexter Fletcher, Nick Moran, Jason Statham","Response":"True","Type":"movie","Awards":"Nominated for 1 BAFTA Film Award. Another 13 wins & 8 nominations.","DVD":"N\/A","Year":"1998","Poster":"https:\/\/m.media-amazon.com\/images\/M\/MV5BMTAyN2JmZmEtNjAyMy00NzYwLThmY2MtYWQ3OGNhNjExMmM4XkEyXkFqcGdeQXVyNDk3NzU2MTQ@._V1_SX300.jpg","Country":"UK","Genre":"Action, Comedy, Crime","Writer":"Guy Ritchie"}
