{"Metascore":"77","BoxOffice":"N\/A","Website":"N\/A","imdbRating":"8.1","imdbVotes":"635,812","Ratings":[{"Value":"8.1\/10","Source":"Internet Movie Database"},{"Value":"93%","Source":"Rotten Tomatoes"},{"Value":"77\/100","Source":"Metacritic"}],"Runtime":"137 min","Language":"English, Spanish","Rated":"R","Production":"Marvel Entertainment, 20th Century Fox, Hutch Parker Entertainment, Donners&#39; Company","Released":"03 Mar 2017","imdbID":"tt3315342","Plot":"In 2029 the mutant population has shrunken significantly and the X-Men have disbanded. Logan, whose power to self-heal is dwindling, has surrendered himself to alcohol and now earns a living as a chauffeur. He takes care of the ailing old Professor X whom he keeps hidden away. One day, a female stranger asks Logan to drive a girl named Laura to the Canadian border. At first he refuses, but the Professor has been waiting for a long time for her to appear. Laura possesses an extraordinary fighting prowess and is in many ways like Wolverine. She is pursued by sinister figures working for a powerful corporation; this is because her DNA contains the secret that connects her to Logan. A relentless pursuit begins - In this third cinematic outing featuring the Marvel comic book character Wolverine we see the superheroes beset by everyday problems. They are aging, ailing and struggling to survive financially. A decrepit Logan is forced to ask himself if he can or even wants to put his remaining powers to good use. It would appear that in the near-future, the times in which they were able put the world to rights with razor sharp claws and telepathic powers are now over.","Director":"James Mangold","Title":"Logan","Actors":"Hugh Jackman, Patrick Stewart, Dafne Keen, Boyd Holbrook","Response":"True","Type":"movie","Awards":"Nominated for 1 Oscar. Another 27 wins & 73 nominations.","DVD":"N\/A","Year":"2017","Poster":"https:\/\/m.media-amazon.com\/images\/M\/MV5BYzc5MTU4N2EtYTkyMi00NjdhLTg3NWEtMTY4OTEyMzJhZTAzXkEyXkFqcGdeQXVyNjc1NTYyMjg@._V1_SX300.jpg","Country":"USA","Genre":"Action, Drama, Sci-Fi, Thriller","Writer":"James Mangold (story by), Scott Frank (screenplay by), James Mangold (screenplay by), Michael Green (screenplay by)"}
