{"Metascore":"64","BoxOffice":"N\/A","Website":"N\/A","imdbRating":"8.5","imdbVotes":"1,018,590","Ratings":[{"Value":"8.5\/10","Source":"Internet Movie Database"},{"Value":"74%","Source":"Rotten Tomatoes"},{"Value":"64\/100","Source":"Metacritic"}],"Runtime":"110 min","Language":"English, Italian, French","Rated":"R","Production":"Gaumont, Gaumont International, Les Films du Dauphin","Released":"18 Nov 1994","imdbID":"tt0110413","Plot":"After her father, mother, older sister and little brother are killed by her father's employers, the 12-year-old daughter of an abject drug dealer is forced to take refuge in the apartment of a professional hitman who at her request teaches her the methods of his job so she can take her revenge on the corrupt DEA agent who ruined her life by killing her beloved brother.","Director":"Luc Besson","Title":"Léon: The Professional","Actors":"Jean Reno, Gary Oldman, Natalie Portman, Danny Aiello","Response":"True","Type":"movie","Awards":"6 wins & 15 nominations.","DVD":"N\/A","Year":"1994","Poster":"https:\/\/m.media-amazon.com\/images\/M\/MV5BODllNWE0MmEtYjUwZi00ZjY3LThmNmQtZjZlMjI2YTZjYmQ0XkEyXkFqcGdeQXVyNTc1NTQxODI@._V1_SX300.jpg","Country":"France, USA","Genre":"Action, Crime, Drama, Thriller","Writer":"Luc Besson"}
