{"Metascore":"62","BoxOffice":"N\/A","Website":"N\/A","imdbRating":"7.6","imdbVotes":"291,848","Ratings":[{"Value":"7.6\/10","Source":"Internet Movie Database"},{"Value":"61%","Source":"Rotten Tomatoes"},{"Value":"62\/100","Source":"Metacritic"}],"Runtime":"122 min","Language":"English, Ukrainian, German, Spanish, Russian, French, Arabic, Turkish","Rated":"R","Production":"Saturn Films, Entertainment Manufacturing Co.","Released":"16 Sep 2005","imdbID":"tt0399295","Plot":"This film charts the rise and fall of Yuri Orlov, from his early days in the early 1980s in Little Odessa, selling guns to mobsters in his local neighbourhood, through to his ascension through the decade of excess and indulgence into the early 90s, where he forms a business partnership with an African warlord and his psychotic son. The film also charts his relationship through the years with his younger brother, his marriage to a famous model, his relentless pursuit by a determined federal agent and his inner demons that sway between his drive for success and the immorality of what he does.","Director":"Andrew Niccol","Title":"Lord of War","Actors":"Nicolas Cage, Bridget Moynahan, Jared Leto, Shake Tukhmanyan","Response":"True","Type":"movie","Awards":"2 wins & 3 nominations.","DVD":"N\/A","Year":"2005","Poster":"https:\/\/m.media-amazon.com\/images\/M\/MV5BMTYzZWE3MDAtZjZkMi00MzhlLTlhZDUtNmI2Zjg3OWVlZWI0XkEyXkFqcGdeQXVyNDk3NzU2MTQ@._V1_SX300.jpg","Country":"USA, Germany, France","Genre":"Action, Crime, Drama","Writer":"Andrew Niccol"}
