{"Metascore":"89","BoxOffice":"N\/A","Website":"N\/A","imdbRating":"7.7","imdbVotes":"408,907","Ratings":[{"Value":"7.7\/10","Source":"Internet Movie Database"},{"Value":"95%","Source":"Rotten Tomatoes"},{"Value":"89\/100","Source":"Metacritic"}],"Runtime":"102 min","Language":"English, Japanese, German, French","Rated":"R","Production":"American Zoetrope, Elemental Films","Released":"03 Oct 2003","imdbID":"tt0335266","Plot":"Middle-aged American movie star Bob Harris is in Tokyo to film a personal endorsement Suntory whiskey ad solely for the Japanese market. He is past his movie star prime, but his name and image still have enough cachet for him to have gotten this lucrative $2 million job. He has an unsatisfying home life where his wife Lydia follows him wherever he goes - in the form of messages and faxes - for him to deal with the minutiae of their everyday lives, while she stays at home to look after their kids. Staying at the same upscale hotel is fellow American, twenty-something recent Yale Philosophy graduate Charlotte, her husband John, an entertainment still photographer, who is on assignment in Japan. As such, she is largely left to her own devices in the city, especially when his job takes him out of Tokyo. Both Bob and Charlotte are feeling lost by their current situations, which are not helped by the cultural barriers they feel in Tokyo, those cultural barriers extending far beyond just not knowing the language. After a few chance encounters in the hotel, they end up spending much of their time hanging out together, each helping the other deal with their feelings of loss in their current lives. The friendship that develops between the two, which is not always a bumpy-free one, may be just for this specific place and time, but it may also have long lasting implications.","Director":"Sofia Coppola","Title":"Lost in Translation","Actors":"Scarlett Johansson, Bill Murray, Akiko Takeshita, Kazuyoshi Minamimagoe","Response":"True","Type":"movie","Awards":"Won 1 Oscar. Another 97 wins & 131 nominations.","DVD":"N\/A","Year":"2003","Poster":"https:\/\/m.media-amazon.com\/images\/M\/MV5BMTI2NDI5ODk4N15BMl5BanBnXkFtZTYwMTI3NTE3._V1_SX300.jpg","Country":"USA, Japan","Genre":"Comedy, Drama","Writer":"Sofia Coppola"}
