{"Metascore":"52","BoxOffice":"N\/A","Website":"N\/A","imdbRating":"7.6","imdbVotes":"128,580","Ratings":[{"Value":"7.6\/10","Source":"Internet Movie Database"},{"Value":"61%","Source":"Rotten Tomatoes"},{"Value":"52\/100","Source":"Metacritic"}],"Runtime":"134 min","Language":"English","Rated":"R","Production":"October Films, Lost Highway Productions, Asymmetrical Productions","Released":"15 Jan 1997","imdbID":"tt0116922","Plot":"Fred Madison, a saxophonist, is accused under mysterious circumstances of murdering his wife Renee. On death row, he inexplicably morphs into a young man named Pete Dayton, leading a completely different life. When Pete is released, his and Fred's paths begin to cross in a surreal, suspenseful web of intrigue, orchestrated by a shady gangster boss named Dick Laurent.","Director":"David Lynch","Title":"Lost Highway","Actors":"Bill Pullman, Patricia Arquette, John Roselius, Louis Eppolito","Response":"True","Type":"movie","Awards":"4 wins & 6 nominations.","DVD":"N\/A","Year":"1997","Poster":"https:\/\/m.media-amazon.com\/images\/M\/MV5BYWUxOWY4NDctMDFmMS00ZTQwLWExMGEtODg0ZWNhOTE5NzZmXkEyXkFqcGdeQXVyMTQxNzMzNDI@._V1_SX300.jpg","Country":"France, USA","Genre":"Mystery, Thriller","Writer":"David Lynch, Barry Gifford"}
