{"Metascore":"89","BoxOffice":"N\/A","Website":"N\/A","imdbRating":"7.7","imdbVotes":"35,301","Ratings":[{"Value":"7.7\/10","Source":"Internet Movie Database"},{"Value":"100%","Source":"Rotten Tomatoes"},{"Value":"89\/100","Source":"Metacritic"}],"Runtime":"85 min","Language":"English","Rated":"PG","Production":"Jack Rollins &amp; Charles H. Joffe Productions","Released":"18 Jul 1975","imdbID":"tt0073312","Plot":"In Russia, Boris Grushenko is in love with his pseudo-intellectual cousin Sonja, who loves him since he too is a pseudo-intellectual, but she is not in love with him. Instead she is in love with his brother Ivan. But as Ivan doesn't seem to return her affections, she is determined to marry someone - anyone - except Boris. If that person isn't the perfect husband, then she has to find a suitable lover in addition. Boris' pursuit of Sonja has to take a back seat in his life when he, a pacifist and coward, is forced to join the Russian Army to battle Napoleon's forces which have just invaded Austria. Despite Sonja not being in the picture while he's away at war, Boris' thoughts do not stray totally from women. Although they take these two divergent paths in their lives, those paths cross once again as they, together, both try to find the perfect spouse and lover, and try to assassinate Napoleon.","Director":"Woody Allen","Title":"Love and Death","Actors":"Woody Allen, Diane Keaton, Georges Adet, Frank Adu","Response":"True","Type":"movie","Awards":"1 win & 2 nominations.","DVD":"N\/A","Year":"1975","Poster":"https:\/\/m.media-amazon.com\/images\/M\/MV5BMTYxMDk1NTA5NF5BMl5BanBnXkFtZTcwNDkzNzA2NA@@._V1_SX300.jpg","Country":"USA","Genre":"Comedy, War","Writer":"Woody Allen"}
