{"Metascore":"62","BoxOffice":"N\/A","Website":"N\/A","imdbRating":"7.8","imdbVotes":"49,469","Ratings":[{"Value":"7.8\/10","Source":"Internet Movie Database"},{"Value":"85%","Source":"Rotten Tomatoes"},{"Value":"62\/100","Source":"Metacritic"}],"Runtime":"94 min","Language":"English","Rated":"PG-13","Production":"Break Thru Films, Silver Reel, Trademark Films","Released":"22 Sep 2017","imdbID":"tt3262342","Plot":"In a story depicted in oil painted animation, a young man comes to the last hometown of painter Vincent van Gogh (Robert Gulaczyk) to deliver the troubled artist's final letter and ends up investigating his final days there.","Director":"Dorota Kobiela, Hugh Welchman","Title":"Loving Vincent","Actors":"Douglas Booth, Josh Burdett, Holly Earl, Robin Hodges","Response":"True","Type":"movie","Awards":"Nominated for 1 Oscar. Another 22 wins & 51 nominations.","DVD":"N\/A","Year":"2017","Poster":"https:\/\/m.media-amazon.com\/images\/M\/MV5BMTU3NjE2NjgwN15BMl5BanBnXkFtZTgwNDYzMzEwMzI@._V1_SX300.jpg","Country":"Poland, UK, USA, Switzerland, Netherlands","Genre":"Animation, Biography, Crime, Drama, Family, Mystery","Writer":"Dorota Kobiela, Hugh Welchman, Jacek Dehnel"}
