{"Metascore":"53","BoxOffice":"N\/A","Website":"N\/A","imdbRating":"7.7","imdbVotes":"297,547","Ratings":[{"Value":"7.7\/10","Source":"Internet Movie Database"},{"Value":"53\/100","Source":"Metacritic"}],"Runtime":"110 min","Language":"English","Rated":"R","Production":"N\/A","Released":"07 Apr 2006","imdbID":"tt0425210","Plot":"In an airport waiting room, a man in a wheelchair tells a stranger a story about a fixed horse race in 1979 that resulted in a family's deaths. In Manhattan, two bookies and the son of a Mob boss die. A young man just out of the shower answers the door to a neighbor woman and explains that he's visiting, has had a bad week, including being mugged, and doesn't know where his pal, who lives there, is. The neighbor is chatty; she's a coroner. Two thugs arrive and, believing the visitor to be the guy who lives there, take him to see the boss with the dead son, who tells him to kill the son of his Mob rival. Mistaken identity? What connects the threads? Cops are watching.","Director":"Paul McGuigan","Title":"Lucky Number Slevin","Actors":"Josh Hartnett, Bruce Willis, Lucy Liu, Morgan Freeman","Response":"True","Type":"movie","Awards":"5 wins & 4 nominations.","DVD":"26 Sep 2006","Year":"2006","Poster":"https:\/\/m.media-amazon.com\/images\/M\/MV5BZjczMWI1YWMtYTZjOS00ZDc5LWE2MWItMTY3ZGUxNzFkNjJmL2ltYWdlXkEyXkFqcGdeQXVyNjU0OTQ0OTY@._V1_SX300.jpg","Country":"Germany, UK, USA, Canada","Genre":"Crime, Drama, Thriller","Writer":"Jason Smilovic"}
