{"Metascore":"71","BoxOffice":"N\/A","Website":"N\/A","imdbRating":"7.7","imdbVotes":"26,031","Ratings":[{"Value":"7.7\/10","Source":"Internet Movie Database"},{"Value":"95%","Source":"Rotten Tomatoes"},{"Value":"71\/100","Source":"Metacritic"}],"Runtime":"102 min","Language":"Japanese, English, French","Rated":"PG-13","Production":"N\/A","Released":"15 Dec 1979","imdbID":"tt0079833","Plot":"Reknowned international thief Lupin III (known as \"Wolf\" in the English dub) comes to the small European duchy of Cagliostro to investigate some excellently-forged money and stumbles across a national conspiracy going back some hundreds of years. Lupin and his friends must rescue the beautiful Clarice from the hands of the evil Count Cagliostro and solve the mystery of a hidden treasure dating back to the 15th century.","Director":"Hayao Miyazaki","Title":"Lupin the 3rd: Castle of Cagliostro","Actors":"Yasuo Yamada, Eiko Masuyama, Kiyoshi Kobayashi, Makio Inoue","Response":"True","Type":"movie","Awards":"1 win & 1 nomination.","DVD":"N\/A","Year":"1979","Poster":"https:\/\/m.media-amazon.com\/images\/M\/MV5BYzYyNjg3OTctNzA2ZS00NjkzLWE4MmYtZDAzZWQ0NzkyMTJhXkEyXkFqcGdeQXVyMTMxODk2OTU@._V1_SX300.jpg","Country":"Japan","Genre":"Animation, Adventure, Family, Fantasy","Writer":"Monkey Punch (graphic novel series), Hayao Miyazaki (screenplay), Haruya Yamazaki (screenplay), Mary Claypool (ADR script), Maurice Leblanc (characters)"}
