{"Metascore":"90","BoxOffice":"N\/A","Website":"N\/A","imdbRating":"8.1","imdbVotes":"864,792","Ratings":[{"Value":"8.1\/10","Source":"Internet Movie Database"},{"Value":"97%","Source":"Rotten Tomatoes"},{"Value":"90\/100","Source":"Metacritic"}],"Runtime":"120 min","Language":"English, Russian","Rated":"R","Production":"Kennedy Miller Mitchell, Village Roadshow Pictures, Warner Bros. Pictures","Released":"15 May 2015","imdbID":"tt1392190","Plot":"An apocalyptic story set in the furthest reaches of our planet, in a stark desert landscape where humanity is broken, and almost everyone is crazed fighting for the necessities of life. Within this world exist two rebels on the run who just might be able to restore order. There's Max, a man of action and a man of few words, who seeks peace of mind following the loss of his wife and child in the aftermath of the chaos. And Furiosa, a woman of action and a woman who believes her path to survival may be achieved if she can make it across the desert back to her childhood homeland.","Director":"George Miller","Title":"Mad Max: Fury Road","Actors":"Tom Hardy, Charlize Theron, Nicholas Hoult, Hugh Keays-Byrne","Response":"True","Type":"movie","Awards":"Won 6 Oscars. Another 236 wins & 228 nominations.","DVD":"N\/A","Year":"2015","Poster":"https:\/\/m.media-amazon.com\/images\/M\/MV5BN2EwM2I5OWMtMGQyMi00Zjg1LWJkNTctZTdjYTA4OGUwZjMyXkEyXkFqcGdeQXVyMTMxODk2OTU@._V1_SX300.jpg","Country":"Australia, South Africa, USA","Genre":"Action, Adventure, Sci-Fi, Thriller","Writer":"George Miller, Brendan McCarthy, Nick Lathouris"}
