{"Metascore":"77","BoxOffice":"N\/A","Website":"N\/A","imdbRating":"8.0","imdbVotes":"286,630","Ratings":[{"Value":"8.0\/10","Source":"Internet Movie Database"},{"Value":"83%","Source":"Rotten Tomatoes"},{"Value":"77\/100","Source":"Metacritic"}],"Runtime":"188 min","Language":"English, German, French","Rated":"R","Production":"Ghoulardi Film Company, New Line Cinema, Magnolia Project","Released":"07 Jan 2000","imdbID":"tt0175880","Plot":"24 hours in L.A.; it's raining cats and dogs. Two parallel and intercut stories dramatize men about to die: both are estranged from a grown child, both want to make contact, and neither child wants anything to do with dad. Earl Partridge's son is a charismatic misogynist; Jimmy Gator's daughter is a cokehead and waif. A mild and caring nurse intercedes for Earl, reaching the son; a prayerful and upright beat cop meets the daughter, is attracted to her, and leads her toward a new calm. Meanwhile, guilt consumes Earl's young wife, while two whiz kids, one grown and a loser and the other young and pressured, face their situations. The weather, too, is quirky.","Director":"Paul Thomas Anderson","Title":"Magnolia","Actors":"Pat Healy, Genevieve Zweig, Mark Flanagan, Neil Flynn","Response":"True","Type":"movie","Awards":"Nominated for 3 Oscars. Another 28 wins & 56 nominations.","DVD":"N\/A","Year":"1999","Poster":"https:\/\/m.media-amazon.com\/images\/M\/MV5BZjk3YThkNDktNjZjMS00MTBiLTllNTAtYzkzMTU0N2QwYjJjXkEyXkFqcGdeQXVyMTMxODk2OTU@._V1_SX300.jpg","Country":"USA","Genre":"Drama","Writer":"Paul Thomas Anderson"}
