{"Metascore":"73","BoxOffice":"N\/A","Website":"N\/A","imdbRating":"7.7","imdbVotes":"84,344","Ratings":[{"Value":"7.7\/10","Source":"Internet Movie Database"},{"Value":"88%","Source":"Rotten Tomatoes"},{"Value":"73\/100","Source":"Metacritic"}],"Runtime":"202 min","Language":"English","Rated":"PG-13","Production":"40 Acres &amp; A Mule Filmworks, Largo International N.V., JVC Entertainment","Released":"18 Nov 1992","imdbID":"tt0104797","Plot":"Biograpical epic of Malcolm X, the legendary African American leader. Born Malcolm Little, his father (a Garveyite Baptist minister) was killed by the Ku Klux Klan. Malcolm became a gangster, and while in jail discovered the Nation of Islam writings of Elijah Muhammad. He preaches the teachings when let out of jail, but later on goes on a pilgrimage to the city of Mecca, there he converts to the original Islamic religion and becomes a Sunni Muslim and changes his name to El-Hajj Malik Al-Shabazz. He is assassinated on February 21, 1965 and dies a Muslim martyr.","Director":"Spike Lee","Title":"Malcolm X","Actors":"Denzel Washington, Angela Bassett, Albert Hall, Al Freeman Jr.","Response":"True","Type":"movie","Awards":"Nominated for 2 Oscars. Another 19 wins & 22 nominations.","DVD":"N\/A","Year":"1992","Poster":"https:\/\/m.media-amazon.com\/images\/M\/MV5BZDkzOTFmMTUtMmI2OS00MDE4LTg5YTUtODMwNDMzNmI5OGYwL2ltYWdlXkEyXkFqcGdeQXVyMTQxNzMzNDI@._V1_SX300.jpg","Country":"USA, Japan","Genre":"Biography, Drama, History","Writer":"Alex Haley (book), Malcolm X (book), Arnold Perl (screenplay), Spike Lee (screenplay)"}
