{"Metascore":"96","BoxOffice":"N\/A","Website":"N\/A","imdbRating":"7.8","imdbVotes":"242,024","Ratings":[{"Value":"7.8\/10","Source":"Internet Movie Database"},{"Value":"96%","Source":"Rotten Tomatoes"},{"Value":"96\/100","Source":"Metacritic"}],"Runtime":"137 min","Language":"English","Rated":"R","Production":"Roadside Attractions, Big Indie Pictures","Released":"16 Dec 2016","imdbID":"tt4034228","Plot":"Lee Chandler is a brooding, irritable loner who works as a handyman for a Boston apartment block. One damp winter day he gets a call summoning him to his hometown, north of the city. His brother's heart has given out suddenly, and he's been named guardian to his 16-year-old nephew. As if losing his only sibling and doubts about raising a teenager weren't enough, his return to the past re-opens an unspeakable tragedy.","Director":"Kenneth Lonergan","Title":"Manchester by the Sea","Actors":"Casey Affleck, Ben O'Brien, Kyle Chandler, Richard Donelly","Response":"True","Type":"movie","Awards":"Won 2 Oscars. Another 129 wins & 259 nominations.","DVD":"N\/A","Year":"2016","Poster":"https:\/\/m.media-amazon.com\/images\/M\/MV5BMTYxMjk0NDg4Ml5BMl5BanBnXkFtZTgwODcyNjA5OTE@._V1_SX300.jpg","Country":"USA","Genre":"Drama","Writer":"Kenneth Lonergan"}
