{"Metascore":"83","BoxOffice":"N\/A","Website":"N\/A","imdbRating":"7.9","imdbVotes":"129,874","Ratings":[{"Value":"7.9\/10","Source":"Internet Movie Database"},{"Value":"96%","Source":"Rotten Tomatoes"},{"Value":"83\/100","Source":"Metacritic"}],"Runtime":"96 min","Language":"English","Rated":"R","Production":"Jack Rollins and Charles Joffe","Released":"25 Apr 1979","imdbID":"tt0079522","Plot":"Forty-two year old Isaac Davis has a romanticized view of his hometown, New York City, most specifically Manhattan, as channeled through the lead character in the first book he is writing, despite his own Manhattan-based life being more of a tragicomedy. He has just quit his job as a hack writer for a bad television comedy, he, beyond the ten second rush of endorphins during the actual act of quitting, now regretting the decision, especially as he isn't sure he can live off his book writing career. He is paying two alimonies, his second ex-wife, Jill Davis, a lesbian, who is writing her own tell-all book of their acrimonious split. The one somewhat positive aspect of his life is that he is dating a young woman named Tracy, although she is only seventeen and still in high school. Largely because of their differences a big part of which is due to their ages, he does not see a long term future with her. His life has the potential to be even more tragicomical when he meets journalist Mary Wilkie, the mistress of his best friend, college professor Yale Pollack. Although Isaac's first impression of Mary is that she is a pretentious intellectual, he falls for her. They do become friends with the potential of becoming more than just friends as she knows that being the \"other woman\" in Yale's life is not a long term role that she wants. An Isaac\/Mary coupling may complicate matters even more with Yale being mutually in their lives. Regardless, Isaac may be able to rationalize events after they happen, no matter what those events are.","Director":"Woody Allen","Title":"Manhattan","Actors":"Woody Allen, Diane Keaton, Michael Murphy, Mariel Hemingway","Response":"True","Type":"movie","Awards":"Nominated for 2 Oscars. Another 15 wins & 22 nominations.","DVD":"N\/A","Year":"1979","Poster":"https:\/\/m.media-amazon.com\/images\/M\/MV5BMzdmY2I3MmEtOGFiZi00MTg1LWIxY2QtNWUwM2NmNWNlY2U5XkEyXkFqcGdeQXVyNDk3NzU2MTQ@._V1_SX300.jpg","Country":"USA","Genre":"Comedy, Drama, Romance","Writer":"Woody Allen, Marshall Brickman"}
