{"Metascore":"47","BoxOffice":"N\/A","Website":"N\/A","imdbRating":"7.7","imdbVotes":"326,350","Ratings":[{"Value":"7.7\/10","Source":"Internet Movie Database"},{"Value":"38%","Source":"Rotten Tomatoes"},{"Value":"47\/100","Source":"Metacritic"}],"Runtime":"146 min","Language":"English, Spanish","Rated":"R","Production":"Regency Enterprises, Fox 2000 Pictures, Scott Free Productions, New Regency Pictures","Released":"23 Apr 2004","imdbID":"tt0328107","Plot":"Hard drinking, burnt out ex CIA operative John Creasy has given up on life until he's hired as a bodyguard to protect nine year old Pita Ramos. Bit by bit, Creasy begins to reclaim some of his soul, but when pita is kidnapped, Creasy's fiery rage is finally released and he will stop at nothing to save her as he sets out on a dangerous, revenge fuelled rescue mission.","Director":"Tony Scott","Title":"Man on Fire","Actors":"Denzel Washington, Dakota Fanning, Radha Mitchell, Christopher Walken","Response":"True","Type":"movie","Awards":"1 win & 7 nominations.","DVD":"N\/A","Year":"2004","Poster":"https:\/\/m.media-amazon.com\/images\/M\/MV5BODFlMmEwMDgtYjhmZi00ZTE5LTk2NWQtMWE1Y2M0NjkzOGYxXkEyXkFqcGdeQXVyNjU0OTQ0OTY@._V1_SX300.jpg","Country":"USA, UK, Mexico, Switzerland","Genre":"Action, Crime, Drama, Thriller","Writer":"A.J. Quinnell (novel), Brian Helgeland (screenplay)"}
