{"Metascore":"94","BoxOffice":"N\/A","Website":"N\/A","imdbRating":"8.0","imdbVotes":"236,651","Ratings":[{"Value":"8.0\/10","Source":"Internet Movie Database"},{"Value":"94%","Source":"Rotten Tomatoes"},{"Value":"94\/100","Source":"Metacritic"}],"Runtime":"137 min","Language":"English, Spanish","Rated":"R","Production":"Heyday Films, Netflix","Released":"06 Dec 2019","imdbID":"tt7653254","Plot":"Noah Baumbach's incisive and compassionate look at a marriage breaking up and a family staying together.","Director":"Noah Baumbach","Title":"Marriage Story","Actors":"Adam Driver, Scarlett Johansson, Julia Greer, Azhy Robertson","Response":"True","Type":"movie","Awards":"Won 1 Oscar. Another 123 wins & 247 nominations.","DVD":"N\/A","Year":"2019","Poster":"https:\/\/m.media-amazon.com\/images\/M\/MV5BZGVmY2RjNDgtMTc3Yy00YmY0LTgwODItYzBjNWJhNTRlYjdkXkEyXkFqcGdeQXVyMjM4NTM5NDY@._V1_SX300.jpg","Country":"UK, USA","Genre":"Comedy, Drama, Romance","Writer":"Noah Baumbach"}
