{"Metascore":"88","BoxOffice":"N\/A","Website":"N\/A","imdbRating":"7.8","imdbVotes":"155,443","Ratings":[{"Value":"7.8\/10","Source":"Internet Movie Database"},{"Value":"100%","Source":"Rotten Tomatoes"},{"Value":"88\/100","Source":"Metacritic"}],"Runtime":"139 min","Language":"English","Rated":"G","Production":"Walt Disney Pictures","Released":"18 Jun 1965","imdbID":"tt0058331","Plot":"When Jane and Michael, the children of the wealthy and uptight Banks family, are faced with the prospect of a new nanny, they are pleasantly surprised by the arrival of the magical Mary Poppins. Embarking on a series of fantastical adventures with Mary and her Cockney performer friend, Bert, the siblings try to pass on some of their nanny's sunny attitude to their preoccupied parents.","Director":"Robert Stevenson","Title":"Mary Poppins","Actors":"Julie Andrews, Dick Van Dyke, David Tomlinson, Glynis Johns","Response":"True","Type":"movie","Awards":"Won 5 Oscars. Another 15 wins & 17 nominations.","DVD":"N\/A","Year":"1964","Poster":"https:\/\/m.media-amazon.com\/images\/M\/MV5BNmJkODczNjItNDI5Yy00MGI1LTkyOWItZDNmNjM4ZGI1ZDVlL2ltYWdlL2ltYWdlXkEyXkFqcGdeQXVyMDI2NDg0NQ@@._V1_SX300.jpg","Country":"USA","Genre":"Comedy, Family, Fantasy, Musical","Writer":"Bill Walsh (screenplay), Don DaGradi (screenplay), P.L. Travers (based on: The \"Mary Poppins\" books by)"}
