{"Metascore":"N\/A","BoxOffice":"N\/A","Website":"N\/A","imdbRating":"8.1","imdbVotes":"162,198","Ratings":[{"Value":"8.1\/10","Source":"Internet Movie Database"},{"Value":"95%","Source":"Rotten Tomatoes"}],"Runtime":"92 min","Language":"English, Yiddish","Rated":"Not Rated","Production":"Melodrama Pictures","Released":"09 Apr 2009","imdbID":"tt0978762","Plot":"In the mid-1970's, a homely, friendless Australian girl of 8 picks a name out of a Manhattan phone book and writes to him; she includes a chocolate bar. She's Mary Dinkle, the only child of an alcoholic mother and a distracted father. He's Max Horowitz, an overweight man with Asperger's, living alone in New York. He writes back, with chocolate. Thus begins a 20-year correspondence, interrupted by a stay in an asylum and a few misunderstandings. Mary falls in love with a neighbor, saves money to have a birthmark removed and deals with loss. Max has a friendship with a neighbor, tries to control his weight, and finally gets the dream job. Will the two ever meet face to face?","Director":"Adam Elliot","Title":"Mary and Max","Actors":"Christopher Massey, Oliver Marks, Daisy Kocher, Daniel Marks","Response":"True","Type":"movie","Awards":"4 wins & 9 nominations.","DVD":"N\/A","Year":"2009","Poster":"https:\/\/m.media-amazon.com\/images\/M\/MV5BMDgzYjQwMDMtNGUzYi00MTRmLWIyMGMtNjE1OGZkNzY2YWIzL2ltYWdlXkEyXkFqcGdeQXVyNjU0OTQ0OTY@._V1_SX300.jpg","Country":"Australia","Genre":"Animation, Comedy, Drama, Family","Writer":"Adam Elliot"}
