{"Metascore":"72","BoxOffice":"N\/A","Website":"N\/A","imdbRating":"7.6","imdbVotes":"203,657","Ratings":[{"Value":"7.6\/10","Source":"Internet Movie Database"},{"Value":"77%","Source":"Rotten Tomatoes"},{"Value":"72\/100","Source":"Metacritic"}],"Runtime":"124 min","Language":"English","Rated":"R","Production":"Perido Productions","Released":"20 Jan 2006","imdbID":"tt0416320","Plot":"From a humble background and with traditional values, Irish Chris Wilton is still struggling financially despite being a recently retired high ranked tennis pro. He has taken a job as a tennis instructor at an upscale London tennis club, although he knows there is a better life for him somewhere down the road. He is befriended by one of his students, wealthy Tom Hewett. Chris starts to date Tom's sister, Chloe Hewett, a girl-next-door type who is immediately attracted to Chris. Chloe quickly knows she wants to marry Chris, and through her businessman father, Alec Hewett, tries to help Chris and their future by getting him an executive job in Alec's company. In his life with the Hewetts, Chris begins to enjoy the finer things in life. Through it all however, Chris cannot help thinking about Nola Rice, a struggling American actress who he meets at the Hewett estate and who is Tom's unofficial fiancée. Nola is vivacious, and she knows the effect she has on men, including Chris. Unlike Chris, Nola is not accepted by Tom and Chloe's mother, the outspoken Eleanor Hewett. Chris has to decide if he can give up what he has been able to achieve with Chloe and the Hewetts, or if the passion he feels for Nola is stronger than the finer things in life to which he is now accustomed. He may go to any length to have his cake and eat it too.","Director":"Woody Allen","Title":"Match Point","Actors":"Jonathan Rhys Meyers, Alexander Armstrong, Paul Kaye, Matthew Goode","Response":"True","Type":"movie","Awards":"Nominated for 1 Oscar. Another 12 wins & 31 nominations.","DVD":"N\/A","Year":"2005","Poster":"https:\/\/m.media-amazon.com\/images\/M\/MV5BMjRjOTMwMDEtNTY4NS00OWRjLWI4ZWItZDgwYmZhMzlkYzgxXkEyXkFqcGdeQXVyODIxOTg5MTc@._V1_SX300.jpg","Country":"UK, USA, Ireland, Luxembourg, France","Genre":"Drama, Romance, Thriller","Writer":"Woody Allen"}
