{"Metascore":"74","BoxOffice":"N\/A","Website":"N\/A","imdbRating":"7.7","imdbVotes":"121,729","Ratings":[{"Value":"7.7\/10","Source":"Internet Movie Database"},{"Value":"81%","Source":"Rotten Tomatoes"},{"Value":"74\/100","Source":"Metacritic"}],"Runtime":"105 min","Language":"English","Rated":"PG-13","Production":"Rhode Island Avenue","Released":"01 Jul 2015","imdbID":"tt2582496","Plot":"Seventeen-year-old Greg has managed to become part of every social group at his Pittsburgh high school without having any friends, but his life changes when his mother forces him to befriend Rachel, a girl he once knew in Hebrew school who has leukemia.","Director":"Alfonso Gomez-Rejon","Title":"Me and Earl and the Dying Girl","Actors":"Thomas Mann, RJ Cyler, Olivia Cooke, Nick Offerman","Response":"True","Type":"movie","Awards":"17 wins & 29 nominations.","DVD":"N\/A","Year":"2015","Poster":"https:\/\/m.media-amazon.com\/images\/M\/MV5BNTA1NzUzNjY4MV5BMl5BanBnXkFtZTgwNDU0MDI0NTE@._V1_SX300.jpg","Country":"USA","Genre":"Comedy, Drama","Writer":"Jesse Andrews (screenplay by), Jesse Andrews (based on the novel by)"}
