{"Metascore":"80","BoxOffice":"N\/A","Website":"N\/A","imdbRating":"8.4","imdbVotes":"1,109,251","Ratings":[{"Value":"8.4\/10","Source":"Internet Movie Database"},{"Value":"93%","Source":"Rotten Tomatoes"},{"Value":"80\/100","Source":"Metacritic"}],"Runtime":"113 min","Language":"English","Rated":"R","Production":"Team Todd, I Remember Productions, Llc, Newmarket Capital Group","Released":"25 May 2001","imdbID":"tt0209144","Plot":"Memento chronicles two separate stories of Leonard, an ex-insurance investigator who can no longer build new memories, as he attempts to find the murderer of his wife, which is the last thing he remembers. One story line moves forward in time while the other tells the story backwards revealing more each time.","Director":"Christopher Nolan","Title":"Memento","Actors":"Guy Pearce, Carrie-Anne Moss, Joe Pantoliano, Mark Boone Junior","Response":"True","Type":"movie","Awards":"Nominated for 2 Oscars. Another 57 wins & 57 nominations.","DVD":"N\/A","Year":"2000","Poster":"https:\/\/m.media-amazon.com\/images\/M\/MV5BZTcyNjk1MjgtOWI3Mi00YzQwLWI5MTktMzY4ZmI2NDAyNzYzXkEyXkFqcGdeQXVyNjU0OTQ0OTY@._V1_SX300.jpg","Country":"USA","Genre":"Mystery, Thriller","Writer":"Christopher Nolan (screenplay), Jonathan Nolan (short story \"Memento Mori\")"}
