{"Metascore":"82","BoxOffice":"N\/A","Website":"N\/A","imdbRating":"8.1","imdbVotes":"132,621","Ratings":[{"Value":"8.1\/10","Source":"Internet Movie Database"},{"Value":"82\/100","Source":"Metacritic"}],"Runtime":"132 min","Language":"Korean, English","Rated":"Not Rated","Production":"Houston Lady Productions","Released":"02 May 2003","imdbID":"tt0353969","Plot":"In 1986, in the province of Gyunggi, in South Korea, a second young and beautiful woman is found dead, raped and tied and gagged with her underwear. Detective Park Doo-Man and Detective Cho Yong-koo, two brutal and stupid local detectives without any technique, investigate the murder using brutality and torturing the suspects, without any practical result. The Detective Seo Tae-Yoon from Seoul comes to the country to help the investigations and is convinced that a serial-killer is killing the women. When a third woman is found dead in the same \"modus-operandi\", the detectives find leads of the assassin.","Director":"Bong Joon Ho","Title":"Memories of Murder","Actors":"Kang-ho Song, Sang-kyung Kim, Roe-ha Kim, Jae-ho Song","Response":"True","Type":"movie","Awards":"26 wins & 3 nominations.","DVD":"12 Jun 1991","Year":"2003","Poster":"https:\/\/m.media-amazon.com\/images\/M\/MV5BOGViNTg4YTktYTQ2Ni00MTU0LTk2NWUtMTI4OTc1YTM0NzQ2XkEyXkFqcGdeQXVyMDM2NDM2MQ@@._V1_SX300.jpg","Country":"South Korea","Genre":"Action, Crime, Drama, Mystery, Thriller","Writer":"Bong Joon Ho, Kwang-rim Kim (play), Sung-bo Shim"}
