{"Metascore":"59","BoxOffice":"N\/A","Website":"N\/A","imdbRating":"7.6","imdbVotes":"72,429","Ratings":[{"Value":"7.6\/10","Source":"Internet Movie Database"},{"Value":"96%","Source":"Rotten Tomatoes"},{"Value":"59\/100","Source":"Metacritic"}],"Runtime":"121 min","Language":"English, Maltese, French, Turkish","Rated":"R","Production":"Columbia Pictures","Released":"06 Oct 1978","imdbID":"tt0077928","Plot":"On October 6, 1970 while boarding an international flight out of Istanbul Airport, American Billy Hayes is caught attempting to smuggle 2 kilos of hashish out of the country, the drugs strapped to his body. He is told that he will be released if he cooperates with the authorities in identifying the person who actually sold him the hash. Billy's troubles really begin when after that assistance, he makes a run for it and is recaptured. He is initially sentenced to just over four years for possession, with no time for the more harsh crime of smuggling. The prison environment is inhospitable in every sense, with a sadistic prison guard named Hamidou ruling the prison, he who relishes the mental and physical torture he inflicts on the prisoners for whatever reason. Told to trust no one, Billy does befriend a few of the other inmates, namely fellow American Jimmy Booth (in for stealing two candlesticks from a mosque), a Swede named Erich, and one of the senior prisoners having already served seven years, an Englishman named Max, the latter two also in for hash related charges. One prisoner not befriended is Rifki, who wields power in the prison as the unofficial eyes and ears for the guards. As Billy, his family and his girlfriend Susan attempt through legal and diplomatic channels for Billy's release, Max tells him that the only way out is to \"catch the midnight express\" aka escape, which is what Jimmy is continually trying to do. When Billy's situation changes, he becomes more desperate in every sense of the word. It seems as if Billy has only two options: to let the prison ultimately figuratively then literally kill him, or to somehow regain control of his life through whatever means available.","Director":"Alan Parker","Title":"Midnight Express","Actors":"Brad Davis, Irene Miracle, Bo Hopkins, Paolo Bonacelli","Response":"True","Type":"movie","Awards":"Won 2 Oscars. Another 14 wins & 14 nominations.","DVD":"N\/A","Year":"1978","Poster":"https:\/\/m.media-amazon.com\/images\/M\/MV5BNDU1MjQ0YWMtMWQ2MS00NTdmLTg1MGItNDA5NTNkNTRhOTIyXkEyXkFqcGdeQXVyNTIzOTk5ODM@._V1_SX300.jpg","Country":"UK, USA","Genre":"Biography, Crime, Drama, Thriller","Writer":"Oliver Stone (screenplay), Billy Hayes (book), William Hoffer (book)"}
