{"Metascore":"79","BoxOffice":"N\/A","Website":"N\/A","imdbRating":"7.8","imdbVotes":"99,365","Ratings":[{"Value":"7.8\/10","Source":"Internet Movie Database"},{"Value":"88%","Source":"Rotten Tomatoes"},{"Value":"79\/100","Source":"Metacritic"}],"Runtime":"113 min","Language":"English, Italian","Rated":"R","Production":"Florin Productions, Jerome Hellman Productions","Released":"25 May 1969","imdbID":"tt0064665","Plot":"Texas greenhorn Joe Buck arrives in New York for the first time. Preening himself as a real 'hustler', he finds that he is the one getting 'hustled' until he teams up with a down-and-out but resilient outcast named Ratso Rizzo. The initial 'country cousin meets city cousin' relationship deepens. In their efforts to bilk a hostile world rebuffing them at every turn, this unlikely pair progress from partners in shady business to comrades. Each has found his first real friend.","Director":"John Schlesinger","Title":"Midnight Cowboy","Actors":"Dustin Hoffman, Jon Voight, Sylvia Miles, John McGiver","Response":"True","Type":"movie","Awards":"Won 3 Oscars. Another 25 wins & 16 nominations.","DVD":"N\/A","Year":"1969","Poster":"https:\/\/m.media-amazon.com\/images\/M\/MV5BNTgwZmIzMmYtZjE3Yy00NzgzLTgxNmUtNjlmZDlkMzlhOTJkXkEyXkFqcGdeQXVyNjUwNzk3NDc@._V1_SX300.jpg","Country":"USA","Genre":"Drama","Writer":"Waldo Salt (screenplay), James Leo Herlihy (based on the novel by)"}
