{"Metascore":"81","BoxOffice":"N\/A","Website":"N\/A","imdbRating":"7.7","imdbVotes":"382,750","Ratings":[{"Value":"7.7\/10","Source":"Internet Movie Database"},{"Value":"93%","Source":"Rotten Tomatoes"},{"Value":"81\/100","Source":"Metacritic"}],"Runtime":"94 min","Language":"English, French, Spanish, German","Rated":"PG-13","Production":"Pontchartrain","Released":"10 Jun 2011","imdbID":"tt1605783","Plot":"Gil and Inez travel to Paris as a tag-along vacation on her parents' business trip. Gil is a successful Hollywood writer but is struggling on his first novel. He falls in love with the city and thinks they should move there after they get married, but Inez does not share his romantic notions of the city or the idea that the 1920s was the golden age. When Inez goes off dancing with her friends, Gil takes a walk at midnight and discovers what could be the ultimate source of inspiration for writing. Gil's daily walks at midnight in Paris could take him closer to the heart of the city but further from the woman he's about to marry.","Director":"Woody Allen","Title":"Midnight in Paris","Actors":"Owen Wilson, Rachel McAdams, Kurt Fuller, Mimi Kennedy","Response":"True","Type":"movie","Awards":"Won 1 Oscar. Another 25 wins & 102 nominations.","DVD":"N\/A","Year":"2011","Poster":"https:\/\/m.media-amazon.com\/images\/M\/MV5BMTM4NjY1MDQwMl5BMl5BanBnXkFtZTcwNTI3Njg3NA@@._V1_SX300.jpg","Country":"Spain, USA, France","Genre":"Comedy, Fantasy, Romance","Writer":"Woody Allen"}
