{"Metascore":"66","BoxOffice":"N\/A","Website":"N\/A","imdbRating":"7.7","imdbVotes":"124,373","Ratings":[{"Value":"7.7\/10","Source":"Internet Movie Database"},{"Value":"92%","Source":"Rotten Tomatoes"},{"Value":"66\/100","Source":"Metacritic"}],"Runtime":"115 min","Language":"English, Italian, Irish, Yiddish","Rated":"R","Production":"Circle Films, Inc., 20th Century Fox","Released":"05 Oct 1990","imdbID":"tt0100150","Plot":"Tom Reagan (played by Gabriel Byrne) is the right-hand man, and chief adviser, to a mob boss, Leo (Albert Finney). Trouble is brewing between Leo and another mob boss, Johnny Caspar (Jon Polito), over the activities of a bookie, Bernie Bernbaum (John Turturro) and Leo and Tom are at odds on how to deal with it. Meanwhile, Tom is in a secret relationship with Leo's girlfriend, Verna (Marcia Gay Harden), who happens to be the sister of Bernie. In trying to resolve the issue, Tom is cast out from Leo's camp and ultimately finds himself stuck in the middle between several deadly, unforgiving parties.","Director":"Joel Coen, Ethan Coen","Title":"Miller's Crossing","Actors":"Gabriel Byrne, Marcia Gay Harden, John Turturro, Jon Polito","Response":"True","Type":"movie","Awards":"4 wins & 16 nominations.","DVD":"N\/A","Year":"1990","Poster":"https:\/\/m.media-amazon.com\/images\/M\/MV5BMTY2Njk3MTAzM15BMl5BanBnXkFtZTgwMTY5Mzk4NjE@._V1_SX300.jpg","Country":"USA","Genre":"Crime, Drama, Thriller","Writer":"Joel Coen, Ethan Coen"}
