{"Metascore":"86","BoxOffice":"N\/A","Website":"N\/A","imdbRating":"8.1","imdbVotes":"628,166","Ratings":[{"Value":"8.1\/10","Source":"Internet Movie Database"},{"Value":"91%","Source":"Rotten Tomatoes"},{"Value":"86\/100","Source":"Metacritic"}],"Runtime":"132 min","Language":"English, Irish","Rated":"PG-13","Production":"Malpaso Company","Released":"28 Jan 2005","imdbID":"tt0405159","Plot":"Wanting to learn from the best, aspiring boxer Maggie Fitzgerald wants Frankie Dunn to train her. At the outset he flatly refuses saying he has no interest in training a girl. Frankie leads a lonely existence, alienated from his only daughter and having few friends. Maggie's rough around the edges but shows a lot of grit in the ring and he eventually relents. Maggie not only proves to be the boxer he always dreamed of having under his wing but a friend who fills the great void he's had in his life. Maggie's career skyrockets but an accident in the ring leads her to ask Frankie for one last favor.","Director":"Clint Eastwood","Title":"Million Dollar Baby","Actors":"Clint Eastwood, Hilary Swank, Morgan Freeman, Jay Baruchel","Response":"True","Type":"movie","Awards":"Won 4 Oscars. Another 64 wins & 85 nominations.","DVD":"N\/A","Year":"2004","Poster":"https:\/\/m.media-amazon.com\/images\/M\/MV5BMTkxNzA1NDQxOV5BMl5BanBnXkFtZTcwNTkyMTIzMw@@._V1_SX300.jpg","Country":"USA","Genre":"Drama, Sport","Writer":"Paul Haggis (screenplay), F.X. Toole (stories)"}
