{"Metascore":"80","BoxOffice":"N\/A","Website":"N\/A","imdbRating":"7.6","imdbVotes":"503,237","Ratings":[{"Value":"7.6\/10","Source":"Internet Movie Database"},{"Value":"90%","Source":"Rotten Tomatoes"},{"Value":"80\/100","Source":"Metacritic"}],"Runtime":"145 min","Language":"English, Swedish","Rated":"PG-13","Production":"DreamWorks SKG, Twentieth Century Fox, Cruise-Wagner Productions, Amblin Entertainment, Blue Tulip","Released":"21 Jun 2002","imdbID":"tt0181689","Plot":"In the year 2054 A.D. crime is virtually eliminated from Washington D.C. thanks to an elite law enforcing squad \"Precrime\". They use three gifted humans (called \"Pre-Cogs\") with special powers to see into the future and predict crimes beforehand. John Anderton heads Precrime and believes the system's flawlessness steadfastly. However one day the Pre-Cogs predict that Anderton will commit a murder himself in the next 36 hours. Worse, Anderton doesn't even know the victim. He decides to get to the mystery's core by finding out the 'minority report' which means the prediction of the female Pre-Cog Agatha that \"might\" tell a different story and prove Anderton innocent.","Director":"Steven Spielberg","Title":"Minority Report","Actors":"Tom Cruise, Max von Sydow, Steve Harris, Neal McDonough","Response":"True","Type":"movie","Awards":"Nominated for 1 Oscar. Another 20 wins & 90 nominations.","DVD":"N\/A","Year":"2002","Poster":"https:\/\/m.media-amazon.com\/images\/M\/MV5BZTI3YzZjZjEtMDdjOC00OWVjLTk0YmYtYzI2MGMwZjFiMzBlXkEyXkFqcGdeQXVyMTQxNzMzNDI@._V1_SX300.jpg","Country":"USA","Genre":"Action, Crime, Mystery, Sci-Fi, Thriller","Writer":"Philip K. Dick (short story), Scott Frank (screenplay), Jon Cohen (screenplay)"}
