{"Metascore":"75","BoxOffice":"N\/A","Website":"N\/A","imdbRating":"7.8","imdbVotes":"180,787","Ratings":[{"Value":"7.8\/10","Source":"Internet Movie Database"},{"Value":"90%","Source":"Rotten Tomatoes"},{"Value":"75\/100","Source":"Metacritic"}],"Runtime":"107 min","Language":"English","Rated":"R","Production":"Castle Rock Entertainment, Nelson Entertainment","Released":"30 Nov 1990","imdbID":"tt0100157","Plot":"Best-selling novelist Paul Sheldon is on his way home from his Colorado hideaway after completing his latest book, when he crashes his car in a freak blizzard. Paul is critically injured, but is rescued by former nurse Annie Wilkes, Paul's \"number one fan\", who takes Paul back to her remote house in the mountains (without bothering to tell anybody). Unfortunately for Paul, Annie is also a headcase. When she discovers that Paul has killed off the heroine in her favorite novels, her reaction leaves Paul shattered (literally)...","Director":"Rob Reiner","Title":"Misery","Actors":"James Caan, Kathy Bates, Richard Farnsworth, Frances Sternhagen","Response":"True","Type":"movie","Awards":"Won 1 Oscar. Another 4 wins & 10 nominations.","DVD":"N\/A","Year":"1990","Poster":"https:\/\/m.media-amazon.com\/images\/M\/MV5BNzY0ODQ3MTMxN15BMl5BanBnXkFtZTgwMDkwNTg4NjE@._V1_SX300.jpg","Country":"USA","Genre":"Drama, Thriller","Writer":"Stephen King (novel), William Goldman (screenplay)"}
