{"Metascore":"86","BoxOffice":"N\/A","Website":"N\/A","imdbRating":"7.7","imdbVotes":"285,293","Ratings":[{"Value":"7.7\/10","Source":"Internet Movie Database"},{"Value":"97%","Source":"Rotten Tomatoes"},{"Value":"86\/100","Source":"Metacritic"}],"Runtime":"147 min","Language":"English, French","Rated":"PG-13","Production":"Tom Cruise, Bad Robot","Released":"27 Jul 2018","imdbID":"tt4912910","Plot":"Ethan Hunt and his IMF team, along with some familiar allies, race against time after a mission gone wrong.","Director":"Christopher McQuarrie","Title":"Mission: Impossible - Fallout","Actors":"Tom Cruise, Henry Cavill, Ving Rhames, Simon Pegg","Response":"True","Type":"movie","Awards":"Nominated for 1 BAFTA Film Award. Another 24 wins & 39 nominations.","DVD":"N\/A","Year":"2018","Poster":"https:\/\/m.media-amazon.com\/images\/M\/MV5BNjRlZmM0ODktY2RjNS00ZDdjLWJhZGYtNDljNWZkMGM5MTg0XkEyXkFqcGdeQXVyNjAwMjI5MDk@._V1_SX300.jpg","Country":"USA, China, France, Norway, UK","Genre":"Action, Adventure, Thriller","Writer":"Bruce Geller (based on the television series created by), Christopher McQuarrie"}
