{"Metascore":"65","BoxOffice":"N\/A","Website":"N\/A","imdbRating":"7.8","imdbVotes":"86,583","Ratings":[{"Value":"7.8\/10","Source":"Internet Movie Database"},{"Value":"84%","Source":"Rotten Tomatoes"},{"Value":"65\/100","Source":"Metacritic"}],"Runtime":"128 min","Language":"English","Rated":"R","Production":"Orion Pictures","Released":"27 Jan 1989","imdbID":"tt0095647","Plot":"Two FBI agents investigating the murder of civil rights workers during the 60s seek to breach the conspiracy of silence in a small Southern town where segregation divides black and white. The younger agent trained in FBI school runs up against the small town ways of his former Sheriff partner.","Director":"Alan Parker","Title":"Mississippi Burning","Actors":"Gene Hackman, Willem Dafoe, Frances McDormand, Brad Dourif","Response":"True","Type":"movie","Awards":"Won 1 Oscar. Another 16 wins & 24 nominations.","DVD":"N\/A","Year":"1988","Poster":"https:\/\/m.media-amazon.com\/images\/M\/MV5BZTFjNjU4OTktYzljMS00MmFlLWI3NGEtNjNhMTYwYzUyZDgyL2ltYWdlL2ltYWdlXkEyXkFqcGdeQXVyNjU0OTQ0OTY@._V1_SX300.jpg","Country":"USA","Genre":"Crime, Drama, History, Mystery, Thriller","Writer":"Chris Gerolmo"}
