{"Metascore":"81","BoxOffice":"N\/A","Website":"N\/A","imdbRating":"7.6","imdbVotes":"266,288","Ratings":[{"Value":"7.6\/10","Source":"Internet Movie Database"},{"Value":"95%","Source":"Rotten Tomatoes"},{"Value":"81\/100","Source":"Metacritic"}],"Runtime":"107 min","Language":"English, French","Rated":"PG","Production":"Walt Disney Animation Studios","Released":"23 Nov 2016","imdbID":"tt3521164","Plot":"Moana Waialiki is a sea voyaging enthusiast and the only daughter of a chief in a long line of navigators. When her island's fishermen can't catch any fish and the crops fail, she learns that the demigod Maui caused the blight by stealing the heart of the goddess, Te Fiti. The only way to heal the island is to persuade Maui to return Te Fiti's heart, so Moana sets off on an epic journey across the Pacific. The film is based on stories from Polynesian mythology.","Director":"Ron Clements, John Musker, Don Hall(co-director), Chris Williams(co-director)","Title":"Moana","Actors":"Auli'i Cravalho, Dwayne Johnson, Rachel House, Temuera Morrison","Response":"True","Type":"movie","Awards":"Nominated for 2 Oscars. Another 20 wins & 86 nominations.","DVD":"N\/A","Year":"2016","Poster":"https:\/\/m.media-amazon.com\/images\/M\/MV5BMjI4MzU5NTExNF5BMl5BanBnXkFtZTgwNzY1MTEwMDI@._V1_SX300.jpg","Country":"USA","Genre":"Animation, Adventure, Comedy, Family, Fantasy, Musical","Writer":"Jared Bush (screenplay by), Ron Clements (story by), John Musker (story by), Chris Williams (story by), Don Hall (story by), Pamela Ribon (story by), Aaron Kandell (story by), Jordan Kandell (story by)"}
