{"Metascore":"74","BoxOffice":"N\/A","Website":"N\/A","imdbRating":"8.1","imdbVotes":"49,606","Ratings":[{"Value":"8.1\/10","Source":"Internet Movie Database"},{"Value":"88%","Source":"Rotten Tomatoes"},{"Value":"74\/100","Source":"Metacritic"}],"Runtime":"139 min","Language":"French, English","Rated":"R","Production":"Société de Développement des Entreprises Culturelles (SODEC)","Released":"08 Oct 2014","imdbID":"tt3612616","Plot":"Forty-six year old Diane Després - \"Die\" - has been widowed for three years. Considered white trash by many, Die does whatever she needs, including strutting her body in front of male employers who will look, to make an honest living. That bread-winning ability is affected when she makes the decision to remove her only offspring, fifteen year old Steve Després, from her previously imposed institutionalization, one step below juvenile detention. She institutionalized him shortly following her husband's death due to Steve's attention deficit hyperactivity disorder (ADHD) and his violent outbursts. He was just kicked out of the latest in a long line of facilities for setting fire to the cafeteria, in turn injuring another boy. She made this decision to deinstitutionalize him as she didn't like the alternative, sending him into more restrictive juvenile detention from which he would probably never be rehabilitated. However, with this deinstitutionalization, she has to take care of him which means only being able to do home based work. Despite they always yelling expletives at each other and Steve sometimes demonstrating those violent tendencies toward her, Die and Steve truly do love each other, his emotions which are sometimes manifested as an Oedipus complex especially as he seems to need her complete attention most specifically when it is being directed at possible male suitors. Their lives, both individually and as a family, are affected with the entrance of two of their neighbors. The first is Paul, a lawyer, who does have that sexual interest in Die as he tries to help Steve through his legal problems. The second and more important is Kyla, who lives across the street with her husband Patrick and their adolescent daughter, they who are in transit in their life to wherever Patrick's job will take them. Kyla is a high school teacher on sabbatical as she deals with her own emotional issues, which are manifested in stuttering whenever she feels incapable of dealing with her life. Kyla may find that she needs the Després as much as they need her.","Director":"Xavier Dolan","Title":"Mommy","Actors":"Anne Dorval, Suzanne Clément, Antoine Olivier Pilon, Patrick Huard","Response":"True","Type":"movie","Awards":"52 wins & 66 nominations.","DVD":"N\/A","Year":"2014","Poster":"https:\/\/m.media-amazon.com\/images\/M\/MV5BMGI3YWFmNDQtNjc0Ny00ZDBjLThlNjYtZTc1ZTk5MzU2YTVjXkEyXkFqcGdeQXVyNzA4ODc3ODU@._V1_SX300.jpg","Country":"Canada","Genre":"Drama","Writer":"Xavier Dolan (screenplay)"}
