{"Metascore":"87","BoxOffice":"N\/A","Website":"N\/A","imdbRating":"7.6","imdbVotes":"362,400","Ratings":[{"Value":"7.6\/10","Source":"Internet Movie Database"},{"Value":"94%","Source":"Rotten Tomatoes"},{"Value":"87\/100","Source":"Metacritic"}],"Runtime":"133 min","Language":"English","Rated":"PG-13","Production":"Scott Rudin Productions, Rachael Horovitz, Michael De Luca","Released":"23 Sep 2011","imdbID":"tt1210166","Plot":"Oakland A's GM Billy Beane is handicapped with the lowest salary constraint in baseball. If he ever wants to win the World Series, Billy must find a competitive advantage. Billy is about to turn baseball on its ear when he uses statistical data to analyze and place value on the players he picks for the team.","Director":"Bennett Miller","Title":"Moneyball","Actors":"Brad Pitt, Jonah Hill, Philip Seymour Hoffman, Robin Wright","Response":"True","Type":"movie","Awards":"Nominated for 6 Oscars. Another 30 wins & 75 nominations.","DVD":"N\/A","Year":"2011","Poster":"https:\/\/m.media-amazon.com\/images\/M\/MV5BMjAxOTU3Mzc1M15BMl5BanBnXkFtZTcwMzk1ODUzNg@@._V1_SX300.jpg","Country":"USA","Genre":"Biography, Drama, Sport","Writer":"Steven Zaillian (screenplay), Aaron Sorkin (screenplay), Stan Chervin (story), Michael Lewis (book)"}
