{"Metascore":"79","BoxOffice":"N\/A","Website":"N\/A","imdbRating":"8.0","imdbVotes":"802,847","Ratings":[{"Value":"8.0\/10","Source":"Internet Movie Database"},{"Value":"96%","Source":"Rotten Tomatoes"},{"Value":"79\/100","Source":"Metacritic"}],"Runtime":"92 min","Language":"English","Rated":"G","Production":"Walt Disney Productions, Pixar Animation Studios","Released":"02 Nov 2001","imdbID":"tt0198781","Plot":"A city of monsters with no humans called Monstropolis centers around the city's power company, Monsters, Inc. The lovable, confident, tough, furry blue behemoth-like giant monster named James P. Sullivan (better known as Sulley) and his wisecracking best friend, short, green cyclops monster Mike Wazowski, discover what happens when the real world interacts with theirs in the form of a 2-year-old baby girl dubbed \"Boo,\" who accidentally sneaks into the monster world with Sulley one night. And now it's up to Sulley and Mike to send Boo back in her door before anybody finds out, especially two evil villains such as Sulley's main rival as a scarer, chameleon-like Randall (a monster that Boo is very afraid of), who possesses the ability to change the color of his skin, and Mike and Sulley's boss Mr. Waternoose, the chairman and chief executive officer of Monsters, Inc.","Director":"Pete Docter, David Silverman(co-director), Lee Unkrich(co-director)","Title":"Monsters, Inc.","Actors":"John Goodman, Billy Crystal, Mary Gibbs, Steve Buscemi","Response":"True","Type":"movie","Awards":"Won 1 Oscar. Another 14 wins & 38 nominations.","DVD":"N\/A","Year":"2001","Poster":"https:\/\/m.media-amazon.com\/images\/M\/MV5BMTY1NTI0ODUyOF5BMl5BanBnXkFtZTgwNTEyNjQ0MDE@._V1_SX300.jpg","Country":"USA","Genre":"Animation, Adventure, Comedy, Family, Fantasy","Writer":"Pete Docter (original story by), Jill Culton (original story by), Jeff Pidgeon (original story by), Ralph Eggleston (original story by), Andrew Stanton (screenplay by), Daniel Gerson (screenplay by)"}
