{"Metascore":"91","BoxOffice":"N\/A","Website":"N\/A","imdbRating":"8.2","imdbVotes":"495,768","Ratings":[{"Value":"8.2\/10","Source":"Internet Movie Database"},{"Value":"97%","Source":"Rotten Tomatoes"},{"Value":"91\/100","Source":"Metacritic"}],"Runtime":"91 min","Language":"English, French, Latin","Rated":"PG","Production":"Michael White Productions, Python (Monty) Pictures Limited, National Film Trustee Company","Released":"25 May 1975","imdbID":"tt0071853","Plot":"History is turned on its comic head when, in 10th century England, King Arthur travels the countryside to find knights who will join him at the Round Table in Camelot. Gathering up the men is a tale in itself but after a bit of a party at Camelot, many decide to leave only to be stopped by God who sends them on a quest: to find the Holy Grail. After a series of individual adventures, the knights are reunited but must face a wizard named Tim, killer rabbits and lessons in the use of holy hand grenades. Their quest comes to an end however when the police intervene - just what you would expect in a Monty Python movie.","Director":"Terry Gilliam, Terry Jones","Title":"Monty Python and the Holy Grail","Actors":"Graham Chapman, John Cleese, Eric Idle, Terry Gilliam","Response":"True","Type":"movie","Awards":"3 wins & 3 nominations.","DVD":"N\/A","Year":"1975","Poster":"https:\/\/m.media-amazon.com\/images\/M\/MV5BN2IyNTE4YzUtZWU0Mi00MGIwLTgyMmQtMzQ4YzQxYWNlYWE2XkEyXkFqcGdeQXVyNjU0OTQ0OTY@._V1_SX300.jpg","Country":"UK","Genre":"Adventure, Comedy, Fantasy","Writer":"Graham Chapman, John Cleese, Eric Idle, Terry Gilliam, Terry Jones, Michael Palin"}
