{"Metascore":"77","BoxOffice":"N\/A","Website":"N\/A","imdbRating":"8.1","imdbVotes":"361,934","Ratings":[{"Value":"8.1\/10","Source":"Internet Movie Database"},{"Value":"95%","Source":"Rotten Tomatoes"},{"Value":"77\/100","Source":"Metacritic"}],"Runtime":"94 min","Language":"English, Latin","Rated":"R","Production":"Paramount","Released":"17 Aug 1979","imdbID":"tt0079470","Plot":"The story of Brian of Nazareth, born on the same day as Jesus of Nazareth, who takes a different path in life that leads to the same conclusion. Brian joins a political resistance movement aiming to get the Romans out of Judea. Brian scores a victory of sorts when he manages to paint political slogans on an entire wall in the city of Jerusalem. The movement is not very effective but somehow Brian becomes a prophet and gathers his own following. His fate is sealed however and he lives a very short life.","Director":"Terry Jones","Title":"Monty Python's Life of Brian","Actors":"Graham Chapman, John Cleese, Terry Gilliam, Eric Idle","Response":"True","Type":"movie","Awards":"N\/A","DVD":"N\/A","Year":"1979","Poster":"https:\/\/m.media-amazon.com\/images\/M\/MV5BMzAwNjU1OTktYjY3Mi00NDY5LWFlZWUtZjhjNGE0OTkwZDkwXkEyXkFqcGdeQXVyMTQxNzMzNDI@._V1_SX300.jpg","Country":"UK","Genre":"Comedy","Writer":"Graham Chapman, John Cleese, Terry Gilliam, Eric Idle, Terry Jones, Michael Palin"}
