{"Metascore":"84","BoxOffice":"N\/A","Website":"N\/A","imdbRating":"7.8","imdbVotes":"313,475","Ratings":[{"Value":"7.8\/10","Source":"Internet Movie Database"},{"Value":"94%","Source":"Rotten Tomatoes"},{"Value":"84\/100","Source":"Metacritic"}],"Runtime":"94 min","Language":"English","Rated":"PG-13","Production":"Indian Paintbrush, American Empirical Pictures","Released":"29 Jun 2012","imdbID":"tt1748122","Plot":"Set on an island off the coast of New England in the 1960s, as a young boy and girl fall in love they are moved to run away together. Various factions of the town mobilize to search for them and the town is turned upside down - which might not be such a bad thing.","Director":"Wes Anderson","Title":"Moonrise Kingdom","Actors":"Bruce Willis, Edward Norton, Bill Murray, Frances McDormand","Response":"True","Type":"movie","Awards":"Nominated for 1 Oscar. Another 38 wins & 119 nominations.","DVD":"N\/A","Year":"2012","Poster":"https:\/\/m.media-amazon.com\/images\/M\/MV5BMzllMWI1ZDQtMmFhNS00NzJkLThmMTMtNzFmMmMyYjU3ZGVjXkEyXkFqcGdeQXVyMDI2NDg0NQ@@._V1_SX300.jpg","Country":"USA","Genre":"Comedy, Drama, Romance","Writer":"Wes Anderson, Roman Coppola"}
