{"Metascore":"67","BoxOffice":"N\/A","Website":"N\/A","imdbRating":"7.9","imdbVotes":"332,042","Ratings":[{"Value":"7.9\/10","Source":"Internet Movie Database"},{"Value":"90%","Source":"Rotten Tomatoes"},{"Value":"67\/100","Source":"Metacritic"}],"Runtime":"97 min","Language":"English, Spanish","Rated":"R","Production":"Liberty Films UK, Limelight Fund, Xingu Films","Released":"10 Jul 2009","imdbID":"tt1182345","Plot":"Sam Bell has a three year contract to work for Lunar Industries. For the contract's entire duration, he is the sole employee based at their lunar station. His primary job responsibility is to harvest and periodically rocket back to Earth supplies of helium-3, the current clean and abundant fuel used on Earth. There is no direct communication link available between the lunar station and Earth, so his only direct real-time interaction is with GERTY, the intelligent computer whose function is to attend to his day to day needs. With such little human contact and all of it indirect, he feels that three years is far too long to be so isolated; he knows he is beginning to hallucinate as the end of his three years approaches. All he wants is to return to Earth to be with his wife Tess and their infant daughter Eve, who was born just prior to his leaving for this job. With two weeks to go, he gets into an accident at one of the mechanical harvesters and is rendered unconscious. Injured, he awakens back at the station in the infirmary, he assumes assisted by GERTY. GERTY tells him that a rescue team named Eliza will come to the station to clean up the aftermath of the accident. After his recuperation, he takes an unauthorized trip back to the broken harvester, where he makes an unexpected discovery. Because of his find, he begins to doubt his sanity, then his true identity, then the company and GERTY's willingness to do what is best for him. Because of his resulting beliefs, his sole mission becomes how to get back to Earth on his own.","Director":"Duncan Jones","Title":"Moon","Actors":"Sam Rockwell, Kevin Spacey, Dominique McElligott, Rosie Shaw","Response":"True","Type":"movie","Awards":"Won 1 BAFTA Film Award. Another 27 wins & 35 nominations.","DVD":"N\/A","Year":"2009","Poster":"https:\/\/m.media-amazon.com\/images\/M\/MV5BMTgzODgyNTQwOV5BMl5BanBnXkFtZTcwNzc0NTc0Mg@@._V1_SX300.jpg","Country":"UK, USA","Genre":"Drama, Mystery, Sci-Fi","Writer":"Duncan Jones (story), Nathan Parker"}
