{"Metascore":"71","BoxOffice":"N\/A","Website":"N\/A","imdbRating":"7.6","imdbVotes":"251,704","Ratings":[{"Value":"7.6\/10","Source":"Internet Movie Database"},{"Value":"86%","Source":"Rotten Tomatoes"},{"Value":"71\/100","Source":"Metacritic"}],"Runtime":"88 min","Language":"English, Mandarin","Rated":"G","Production":"Walt Disney Pictures, Walt Disney Animation","Released":"19 Jun 1998","imdbID":"tt0120762","Plot":"This retelling of the old Chinese folktale is about the story of a young Chinese maiden who learns that her weakened and lame father is to be called up into the army in order to fight the invading Huns. Knowing that he would never survive the rigours of war in his state, she decides to disguise herself and join in his place. Unknown to her, her ancestors are aware of this and to prevent it, they order a tiny disgraced dragon, Mushu to join her in order to force her to abandon her plan. He agrees, but when he meets Mulan, he learns that she cannot be dissuaded and so decides to help her in the perilous times ahead.","Director":"Tony Bancroft, Barry Cook","Title":"Mulan","Actors":"Miguel Ferrer, Harvey Fierstein, Freda Foh Shen, June Foray","Response":"True","Type":"movie","Awards":"Nominated for 1 Oscar. Another 17 wins & 20 nominations.","DVD":"N\/A","Year":"1998","Poster":"https:\/\/m.media-amazon.com\/images\/M\/MV5BODkxNGQ1NWYtNzg0Ny00Yjg3LThmZTItMjE2YjhmZTQ0ODY5XkEyXkFqcGdeQXVyMTQxNzMzNDI@._V1_SX300.jpg","Country":"USA","Genre":"Animation, Adventure, Family, Fantasy, Musical, War","Writer":"Robert D. San Souci (based on a story by), Rita Hsiao (screenplay by), Chris Sanders (screenplay by), Philip LaZebnik (screenplay by), Raymond Singer (screenplay by), Eugenia Bostwick-Singer (screenplay by), Dean DeBlois (story co-head), John Sanford (story), Chris Williams (story), Tim Hodge (story), Julius Aguimatang (story), Burny Mattinson (story), Lorna Cook (story), Barry Johnson (story), Thom Enriquez (story), Ed Gombert (story), Joe Grant (story), Floyd Norman (story), Linda Woolverton (additional story material), Jodi Ann Johnson (additional story material), Alan Ormsby (additional story material), David Reynolds (additional story material), Don Dougherty (additional story material), Jorgen Klubien (additional story material), Denis Rich (additional story material), Joe Ekers (additional story material), Theodore Newton (additional story material), Larry Scholl (additional story material), Daan Jippes (additional story material), Frank Nissen (additional story material), Jeff Snow (additional story material)"}
