{"Metascore":"85","BoxOffice":"N\/A","Website":"N\/A","imdbRating":"8.0","imdbVotes":"315,555","Ratings":[{"Value":"8.0\/10","Source":"Internet Movie Database"},{"Value":"83%","Source":"Rotten Tomatoes"},{"Value":"85\/100","Source":"Metacritic"}],"Runtime":"147 min","Language":"English, Spanish, French","Rated":"R","Production":"Le Studio Canal +, Les Films Alain Sarde","Released":"19 Oct 2001","imdbID":"tt0166924","Plot":"After hiring a hit man to kill her lover, Camilla; Diane dreams of a different Hollywood experience. One where she is a wonderfully talented and versatile actress, Betty, who almost instantly is in demand by the best Casting Directors in the business. And one where her lover becomes an amnesiac, Rita, after a brutal accident that saves her from the hit on her life. Betty and Rita meet and as they fall in love, they also try to undercover Rita's real identity. But when Betty and Rita's search begins to intermingle with the reality of Diane and Camilla's nightmarish relationship, the walls of the dream begin to collapse (\"It's strange to be calling yourself\" says Betty).","Director":"David Lynch","Title":"Mulholland Drive","Actors":"Naomi Watts, Jeanne Bates, Dan Birnbaum, Laura Harring","Response":"True","Type":"movie","Awards":"Nominated for 1 Oscar. Another 49 wins & 60 nominations.","DVD":"N\/A","Year":"2001","Poster":"https:\/\/m.media-amazon.com\/images\/M\/MV5BYjBhZmViNTItMGExMy00MGNmLTkwZDItMDVlMTQ4ODVkYTMwXkEyXkFqcGdeQXVyNzM0MTUwNTY@._V1_SX300.jpg","Country":"France, USA","Genre":"Drama, Mystery, Thriller","Writer":"David Lynch"}
