{"Metascore":"68","BoxOffice":"N\/A","Website":"N\/A","imdbRating":"7.6","imdbVotes":"105,264","Ratings":[{"Value":"7.6\/10","Source":"Internet Movie Database"},{"Value":"86%","Source":"Rotten Tomatoes"},{"Value":"68\/100","Source":"Metacritic"}],"Runtime":"120 min","Language":"English","Rated":"R","Production":"Twentieth Century Fox","Released":"13 Mar 1992","imdbID":"tt0104952","Plot":"Bill Gambini and Stanley Rothenstein are two friends from New York University who just received scholarships to UCLA. They decide to drive through the South. Once they arrive in Alabama, they stop at a local convenience store to pick up a few snacks. But, no sooner than they leave the store, they are arrested. They had thought that they were arrested for shoplifting, but they were arrested for murder and robbery. Worse, they are facing execution for this crime. Bill and Stan do not have enough money for a lawyer, so the good news is that Bill has a lawyer in his family, his cousin, Vincent Laguardia Gambini. The bad news is that Vinny is an inexperienced lawyer who has not been at a trial. So, Vinny has to defend his clients and battle an uncompromising judge, some tough locals, and even his fiancée, Mona Lisa Vito, who just does not know when to shut up, to prove his clients' innocence. But he will soon realize that he is going to need help.","Director":"Jonathan Lynn","Title":"My Cousin Vinny","Actors":"Joe Pesci, Ralph Macchio, Marisa Tomei, Mitchell Whitfield","Response":"True","Type":"movie","Awards":"Won 1 Oscar. Another 4 wins & 6 nominations.","DVD":"N\/A","Year":"1992","Poster":"https:\/\/m.media-amazon.com\/images\/M\/MV5BMTQxNDYzMTg1M15BMl5BanBnXkFtZTgwNzk4MDgxMTE@._V1_SX300.jpg","Country":"USA","Genre":"Comedy, Crime","Writer":"Dale Launer"}
