{"Metascore":"95","BoxOffice":"N\/A","Website":"N\/A","imdbRating":"7.8","imdbVotes":"85,523","Ratings":[{"Value":"7.8\/10","Source":"Internet Movie Database"},{"Value":"95%","Source":"Rotten Tomatoes"},{"Value":"95\/100","Source":"Metacritic"}],"Runtime":"170 min","Language":"English","Rated":"G","Production":"Warner Brothers","Released":"25 Dec 1964","imdbID":"tt0058385","Plot":"Pompous phonetics professor Henry Higgins is so sure of his abilities that he takes it upon himself to transform a Cockney working-class girl into someone who can pass for a cultured member of high society. His subject turns out to be the lovely Eliza Doolittle, who agrees to speech lessons to improve her job prospects. Higgins and Eliza clash, then form an unlikely bond -- one that is threatened by an aristocratic suitor.","Director":"George Cukor","Title":"My Fair Lady","Actors":"Audrey Hepburn, Rex Harrison, Stanley Holloway, Wilfrid Hyde-White","Response":"True","Type":"movie","Awards":"Won 8 Oscars. Another 17 wins & 13 nominations.","DVD":"N\/A","Year":"1964","Poster":"https:\/\/m.media-amazon.com\/images\/M\/MV5BNGM0ZTU3NmItZmRmMy00YWNjLWEzMWItYzg3MzcwZmM5NjdiXkEyXkFqcGdeQXVyNDYyMDk5MTU@._V1_SX300.jpg","Country":"USA","Genre":"Drama, Family, Musical, Romance","Writer":"Alan Jay Lerner (book), George Bernard Shaw (from a play by), Alan Jay Lerner (screenplay)"}
