{"Metascore":"97","BoxOffice":"N\/A","Website":"N\/A","imdbRating":"7.9","imdbVotes":"66,834","Ratings":[{"Value":"7.9\/10","Source":"Internet Movie Database"},{"Value":"98%","Source":"Rotten Tomatoes"},{"Value":"97\/100","Source":"Metacritic"}],"Runtime":"103 min","Language":"English","Rated":"R","Production":"Granada Television","Released":"30 Mar 1990","imdbID":"tt0097937","Plot":"Christy Brown is a spastic quadriplegic born to a large, poor Irish family. His mother, Mrs Brown, recognizes the intelligence and humanity in the lad everyone else regards as a vegetable. Eventually, Christy matures into a cantankerous writer who uses his only functional limb, his left foot, to write with.","Director":"Jim Sheridan","Title":"My Left Foot","Actors":"Daniel Day-Lewis, Brenda Fricker, Alison Whelan, Kirsten Sheridan","Response":"True","Type":"movie","Awards":"Won 2 Oscars. Another 21 wins & 20 nominations.","DVD":"N\/A","Year":"1989","Poster":"https:\/\/m.media-amazon.com\/images\/M\/MV5BYjdkNzA4MzYtZThhOS00ZDgzLTlmMDItNmY1ZjI5YjkzZTE1XkEyXkFqcGdeQXVyMTQxNzMzNDI@._V1_SX300.jpg","Country":"Ireland, UK","Genre":"Biography, Drama","Writer":"Shane Connaughton (screenplay), Jim Sheridan (screenplay), Christy Brown (novel)"}
