{"Metascore":"50","BoxOffice":"N\/A","Website":"N\/A","imdbRating":"8.0","imdbVotes":"97,337","Ratings":[{"Value":"8.0\/10","Source":"Internet Movie Database"},{"Value":"85%","Source":"Rotten Tomatoes"},{"Value":"50\/100","Source":"Metacritic"}],"Runtime":"165 min","Language":"Hindi, English","Rated":"PG-13","Production":"Dharma Productions, Red Chillies Entertainment, Fox Searchlight","Released":"12 Feb 2010","imdbID":"tt1188996","Plot":"Rizwan Khan, a Muslim from the Borivali section of Mumbai, suffers from Asperger's syndrome, a form of high-functioning autism that complicates socialization. The adult Rizwan marries a Hindu single mother, Mandira, in San Francisco. After 9\/11, Rizwan is detained by authorities at LAX who mistake his disability for suspicious behavior. Following his arrest, he meets Radha, a therapist who helps him deal with his situation and his affliction. Rizwan then begins a journey to meet US President Bush to clear his name.","Director":"Karan Johar","Title":"My Name Is Khan","Actors":"Shah Rukh Khan, Kajol, Katie A. Keane, Kenton Duty","Response":"True","Type":"movie","Awards":"23 wins & 26 nominations.","DVD":"N\/A","Year":"2010","Poster":"https:\/\/m.media-amazon.com\/images\/M\/MV5BMTUyMTA4NDYzMV5BMl5BanBnXkFtZTcwMjk5MzcxMw@@._V1_SX300.jpg","Country":"India, USA, United Arab Emirates, Hong Kong","Genre":"Drama","Writer":"Shibani Bathija (story and screenplay), Shibani Bathija (dialogue), Niranjan Iyengar (dialogue)"}
