{"Metascore":"N\/A","BoxOffice":"N\/A","Website":"N\/A","imdbRating":"8.0","imdbVotes":"45,033","Ratings":[{"Value":"8.0\/10","Source":"Internet Movie Database"},{"Value":"93%","Source":"Rotten Tomatoes"}],"Runtime":"137 min","Language":"Korean, English","Rated":"Not Rated","Production":"Shin Cine Communications","Released":"27 Jul 2001","imdbID":"tt0293715","Plot":"Based on a series of true stories posted by Ho-sik Kim on the Internet describing his relationship with his girlfriend. These were later transformed into a best-selling book and the movie follows the book closely. It describes the meeting of Kyun-woo (Cha) and an unnamed girl. Kyun-woo is shamed into assisting the girl because the other passengers mistakenly think she is his girlfriend. Once he helps her, Kyun-woo develops a deep sense of responsibility for her which enables him to tolerate (somehow) the girl's abuses.","Director":"Jae-young Kwak","Title":"My Sassy Girl","Actors":"Tae-Hyun Cha, Ji-Hyun Jun, In-mun Kim, Wok-suk Song","Response":"True","Type":"movie","Awards":"6 wins & 1 nomination.","DVD":"N\/A","Year":"2001","Poster":"https:\/\/m.media-amazon.com\/images\/M\/MV5BMjM2NTYxMTE3OV5BMl5BanBnXkFtZTgwNDgwNjgwMzE@._V1_SX300.jpg","Country":"South Korea","Genre":"Comedy, Drama, Romance","Writer":"Ho-sik Kim (novel), Jae-young Kwak (screenplay)"}
