{"Metascore":"73","BoxOffice":"N\/A","Website":"N\/A","imdbRating":"7.6","imdbVotes":"65,346","Ratings":[{"Value":"7.6\/10","Source":"Internet Movie Database"},{"Value":"86%","Source":"Rotten Tomatoes"},{"Value":"73\/100","Source":"Metacritic"}],"Runtime":"105 min","Language":"English","Rated":"Unrated","Production":"Fortissimo Film Sales, Desperate Pictures, Antidote Films","Released":"24 Jun 2005","imdbID":"tt0370986","Plot":"Brian Lackey is determined to discover what happened during an amnesia blackout when he was eight years old, and then later woke with a bloody nose. He believes he was abducted by aliens, and N. McCormick, a fellow player on Brian's childhood baseball team, may be the key as to exactly what happened that night. As Brian searches for the truth and tries to track him down, Neil McCormick takes up hustling and moves to New York, in attempts to forget childhood memories that haunt him. Together, the two of them uncover the terrible truth of the scars they share.","Director":"Gregg Araki","Title":"Mysterious Skin","Actors":"Chase Ellison, George Webster, Rachael Nastassja Kraft, Lisa Long","Response":"True","Type":"movie","Awards":"5 wins & 9 nominations.","DVD":"N\/A","Year":"2004","Poster":"https:\/\/m.media-amazon.com\/images\/M\/MV5BMTgxMjQ4NzE5OF5BMl5BanBnXkFtZTcwNzkwOTkyMQ@@._V1_SX300.jpg","Country":"USA, Netherlands","Genre":"Drama","Writer":"Gregg Araki (screenplay), Scott Heim (novel)"}
