{"Metascore":"84","BoxOffice":"N\/A","Website":"N\/A","imdbRating":"7.9","imdbVotes":"413,675","Ratings":[{"Value":"7.9\/10","Source":"Internet Movie Database"},{"Value":"88%","Source":"Rotten Tomatoes"},{"Value":"84\/100","Source":"Metacritic"}],"Runtime":"138 min","Language":"English","Rated":"R","Production":"Village Roadshow Prod., Malpaso Company","Released":"15 Oct 2003","imdbID":"tt0327056","Plot":"In the summer of 1975 in a neighborhood in Boston, 3 kids, Dave Boyle and two of his friends, Jimmy and Sean, are playing on the sidewalk when Dave gets abducted by two men and endures several days of sexual abuse. Eventually, Dave escapes traumatized throughout adulthood. Jimmy is an ex-con and a father of three, whose daughter Katie, is found dead and Dave becomes the number one suspect. Sean is a homicide detective, investigating Katie's murder, ends up finding himself faced with past and present demons as more is uncovered about Katie's murder. Learning Katie had a boyfriend, ballistics later turn up a gun belonging to the father, which then puts her boyfriend as the suspect. Will Sean find out who killed Katie? Will Jimmy make it through the investigation? And will Dave ever find out what really happened when he was abducted?","Director":"Clint Eastwood","Title":"Mystic River","Actors":"Sean Penn, Tim Robbins, Kevin Bacon, Laurence Fishburne","Response":"True","Type":"movie","Awards":"Won 2 Oscars. Another 55 wins & 143 nominations.","DVD":"N\/A","Year":"2003","Poster":"https:\/\/m.media-amazon.com\/images\/M\/MV5BMTIzNDUyMjA4MV5BMl5BanBnXkFtZTYwNDc4ODM3._V1_SX300.jpg","Country":"USA, Australia","Genre":"Crime, Drama, Mystery, Thriller","Writer":"Brian Helgeland (screenplay), Dennis Lehane (novel)"}
