{"Metascore":"84","BoxOffice":"N\/A","Website":"N\/A","imdbRating":"7.8","imdbVotes":"33,573","Ratings":[{"Value":"7.8\/10","Source":"Internet Movie Database"},{"Value":"88%","Source":"Rotten Tomatoes"},{"Value":"84\/100","Source":"Metacritic"}],"Runtime":"132 min","Language":"English","Rated":"Not Rated","Production":"Channel Four Films, Thin Man Films","Released":"04 Feb 1994","imdbID":"tt0107653","Plot":"Johnny flees Manchester for London, to avoid a beating from the family of a girl he has raped. There he finds an old girlfriend, and spends some time homeless, spending much of his time ranting at strangers, and meeting characters in plights very much like his own.","Director":"Mike Leigh","Title":"Naked","Actors":"David Thewlis, Lesley Sharp, Katrin Cartlidge, Greg Cruttwell","Response":"True","Type":"movie","Awards":"8 wins & 7 nominations.","DVD":"N\/A","Year":"1993","Poster":"https:\/\/m.media-amazon.com\/images\/M\/MV5BMjA3Y2I4NjAtMDQyZS00ZGJhLWEwMzgtODBiNzE5Zjc1Nzk1L2ltYWdlXkEyXkFqcGdeQXVyNTc2MDU0NDE@._V1_SX300.jpg","Country":"UK","Genre":"Comedy, Drama","Writer":"Mike Leigh"}
