{"Metascore":"87","BoxOffice":"N\/A","Website":"N\/A","imdbRating":"7.7","imdbVotes":"111,368","Ratings":[{"Value":"7.7\/10","Source":"Internet Movie Database"},{"Value":"91%","Source":"Rotten Tomatoes"},{"Value":"87\/100","Source":"Metacritic"}],"Runtime":"115 min","Language":"English, Spanish","Rated":"R","Production":"Blue Lake Media Fund, Bona Fide Productions, FilmNation Entertainment, Paramount Vantage","Released":"24 Jan 2014","imdbID":"tt1821549","Plot":"\"NEBRASKA\" is a father and son road trip, from Billings, Montana to Lincoln, Nebraska that gets waylaid at a small town in central Nebraska, where the father grew up and has scores to settle. Told with deadpan humor and a unique visual style, it's ultimately the story of a son trying to get through to a father he doesn't understand.","Director":"Alexander Payne","Title":"Nebraska","Actors":"Bruce Dern, Will Forte, June Squibb, Bob Odenkirk","Response":"True","Type":"movie","Awards":"Nominated for 6 Oscars. Another 28 wins & 161 nominations.","DVD":"N\/A","Year":"2013","Poster":"https:\/\/m.media-amazon.com\/images\/M\/MV5BOGQzODdlMDktNzU4ZC00N2M3LWFkYTAtYTM1NTE0ZWI5YTg4XkEyXkFqcGdeQXVyMTA1NTM1NDI2._V1_SX300.jpg","Country":"USA","Genre":"Adventure, Comedy, Drama","Writer":"Bob Nelson"}
