{"Metascore":"83","BoxOffice":"N\/A","Website":"N\/A","imdbRating":"8.1","imdbVotes":"143,229","Ratings":[{"Value":"8.1\/10","Source":"Internet Movie Database"},{"Value":"91%","Source":"Rotten Tomatoes"},{"Value":"83\/100","Source":"Metacritic"}],"Runtime":"121 min","Language":"English","Rated":"R","Production":"United Artists, Metro Goldwyn Mayer","Released":"27 Nov 1976","imdbID":"tt0074958","Plot":"In the 1970s, terrorist violence is the stuff of networks' nightly news programming and the corporate structure of the UBS Television Network is changing. Meanwhile, Howard Beale, the aging UBS news anchor, has lost his once strong ratings share and so the network fires him. Beale reacts in an unexpected way. We then see how this affects the fortunes of Beale, his coworkers (Max Schumacher and Diana Christensen), and the network.","Director":"Sidney Lumet","Title":"Network","Actors":"Faye Dunaway, William Holden, Peter Finch, Robert Duvall","Response":"True","Type":"movie","Awards":"Won 4 Oscars. Another 16 wins & 26 nominations.","DVD":"N\/A","Year":"1976","Poster":"https:\/\/m.media-amazon.com\/images\/M\/MV5BZGNjYjM2MzItZGQzZi00NmY3LTgxOGUtMTQ2MWQxNWQ2MmMwXkEyXkFqcGdeQXVyNzM0MTUwNTY@._V1_SX300.jpg","Country":"USA","Genre":"Drama","Writer":"Paddy Chayefsky"}
