{"Metascore":"89","BoxOffice":"N\/A","Website":"N\/A","imdbRating":"7.9","imdbVotes":"115,338","Ratings":[{"Value":"7.9\/10","Source":"Internet Movie Database"},{"Value":"97%","Source":"Rotten Tomatoes"},{"Value":"89\/100","Source":"Metacritic"}],"Runtime":"96 min","Language":"English","Rated":"Not Rated","Production":"Off Color Films, Image Ten, Market Square Productions, Laurel","Released":"04 Oct 1968","imdbID":"tt0063350","Plot":"Barbra and Johnny visit their father's grave in a remote cemetery when they are suddenly set upon by zombies. Barbra manages to get away and takes refuge in what seems to be an abandoned farm house. She is soon joined by Ben who stopped at the house in need of gas. Beset by the walking dead all around them Ben does his best to secure the doors and windows. The news reports are grim however with creatures returning to life everywhere. Barbra and Ben are surprised when they realize there are 5 people hiding out in the basement: Harry, Helen and Judy Cooper; and a young couple, Tom and Judy. Dissensions sets in almost immediately with Harry Cooper wanting to be in charge. As their situation deteriorates, their chances of surviving the night lessen minute by minute.","Director":"George A. Romero","Title":"Night of the Living Dead","Actors":"Duane Jones, Judith O'Dea, Karl Hardman, Marilyn Eastman","Response":"True","Type":"movie","Awards":"6 wins.","DVD":"N\/A","Year":"1968","Poster":"https:\/\/m.media-amazon.com\/images\/M\/MV5BMzRmN2E1ZDUtZDc2ZC00ZmI3LTkwOTctNzE2ZDIzMGJiMTYzXkEyXkFqcGdeQXVyMTQxNzMzNDI@._V1_SX300.jpg","Country":"USA","Genre":"Horror, Thriller","Writer":"John A. Russo (screenplay), George A. Romero (screenplay)"}
