{"Metascore":"68","BoxOffice":"N\/A","Website":"N\/A","imdbRating":"7.8","imdbVotes":"54,548","Ratings":[{"Value":"7.8\/10","Source":"Internet Movie Database"},{"Value":"75%","Source":"Rotten Tomatoes"},{"Value":"68\/100","Source":"Metacritic"}],"Runtime":"129 min","Language":"English, French, Finnish, Italian, German","Rated":"R","Production":"Pandora Cinema","Released":"12 Dec 1991","imdbID":"tt0102536","Plot":"A collection of five stories involving cab drivers in five different cities. Los Angeles - A talent agent for the movies discovers her cab driver would be perfect to cast, but the cabbie is reluctant to give up her solid cab driver's career. New York - An immigrant cab driver is continually lost in a city and culture he doesn't understand. Paris - A blind girl takes a ride with a cab driver from the Ivory Coast and they talk about life and blindness. Rome - A gregarious cabbie picks up an ailing man and virtually talks him to death. Helsinki - an industrial worker gets laid off and he and his compatriots discuss the bleakness and unfairness of love and life and death.","Director":"Jim Jarmusch","Title":"Night on Earth","Actors":"Gena Rowlands, Winona Ryder, Lisanne Falk, Alan Randolph Scott","Response":"True","Type":"movie","Awards":"1 win & 2 nominations.","DVD":"N\/A","Year":"1991","Poster":"https:\/\/m.media-amazon.com\/images\/M\/MV5BOGNmMjBmZWEtOWYwZC00NGIzLTg0YWItMzkzMWMwOTU4YTViXkEyXkFqcGdeQXVyNzc5MjA3OA@@._V1_SX300.jpg","Country":"France, UK, Germany, USA, Japan","Genre":"Comedy, Drama","Writer":"Jim Jarmusch"}
