{"Metascore":"76","BoxOffice":"N\/A","Website":"N\/A","imdbRating":"7.9","imdbVotes":"455,994","Ratings":[{"Value":"7.9\/10","Source":"Internet Movie Database"},{"Value":"95%","Source":"Rotten Tomatoes"},{"Value":"76\/100","Source":"Metacritic"}],"Runtime":"117 min","Language":"English","Rated":"R","Production":"Bold Films","Released":"31 Oct 2014","imdbID":"tt2872718","Plot":"NIGHTCRAWLER is a thriller set in the nocturnal underbelly of contemporary Los Angeles. Jake Gyllenhaal stars as Lou Bloom, a driven young man desperate for work who discovers the high-speed world of L.A. crime journalism. Finding a group of freelance camera crews who film crashes, fires, murder and other mayhem, Lou muscles into the cut-throat, dangerous realm of nightcrawling - where each police siren wail equals a possible windfall and victims are converted into dollars and cents. Aided by Rene Russo as Nina, a veteran of the blood-sport that is local TV news, Lou blurs the line between observer and participant to become the star of his own story.","Director":"Dan Gilroy","Title":"Nightcrawler","Actors":"Jake Gyllenhaal, Michael Papajohn, Marco Rodríguez, Bill Paxton","Response":"True","Type":"movie","Awards":"Nominated for 1 Oscar. Another 42 wins & 123 nominations.","DVD":"N\/A","Year":"2014","Poster":"https:\/\/m.media-amazon.com\/images\/M\/MV5BN2U1YzdhYWMtZWUzMi00OWI1LWFkM2ItNWVjM2YxMGQ2MmNhXkEyXkFqcGdeQXVyNjU0OTQ0OTY@._V1_SX300.jpg","Country":"USA","Genre":"Crime, Drama, Thriller","Writer":"Dan Gilroy"}
