{"Metascore":"N\/A","BoxOffice":"N\/A","Website":"N\/A","imdbRating":"7.9","imdbVotes":"34,046","Ratings":[{"Value":"7.9\/10","Source":"Internet Movie Database"},{"Value":"94%","Source":"Rotten Tomatoes"}],"Runtime":"94 min","Language":"Japanese","Rated":"Not Rated","Production":"Madhouse Entertainment, Toho Company Ltd.","Released":"05 Jun 1993","imdbID":"tt0107692","Plot":"A Journeyman ninja by name of Jubei stumbles upon a plague, an evil clan of demons, a national crisis, and a beautiful ninja girl.","Director":"Yoshiaki Kawajiri","Title":"Ninja Scroll","Actors":"Kôichi Yamadera, Emi Shinohara, Takeshi Aono, Osamu Saka","Response":"True","Type":"movie","Awards":"1 win.","DVD":"N\/A","Year":"1993","Poster":"https:\/\/m.media-amazon.com\/images\/M\/MV5BOTMyZGI4N2YtMzdkNi00MDZmLTg4NmItMzg0ODY5NjdhZjYwL2ltYWdlL2ltYWdlXkEyXkFqcGdeQXVyMzM4MjM0Nzg@._V1_SX300.jpg","Country":"Japan","Genre":"Animation, Action, Adventure, Fantasy, Thriller","Writer":"Yoshiaki Kawajiri (original story and screenplay)"}
