{"Metascore":"91","BoxOffice":"N\/A","Website":"N\/A","imdbRating":"8.1","imdbVotes":"838,364","Ratings":[{"Value":"8.1\/10","Source":"Internet Movie Database"},{"Value":"93%","Source":"Rotten Tomatoes"},{"Value":"91\/100","Source":"Metacritic"}],"Runtime":"122 min","Language":"English, Spanish","Rated":"R","Production":"Paramount Vantage, Miramax, Scott Rudin Productions","Released":"21 Nov 2007","imdbID":"tt0477348","Plot":"In rural Texas, welder and hunter Llewelyn Moss (Josh Brolin) discovers the remains of several drug runners who have all killed each other in an exchange gone violently wrong. Rather than report the discovery to the police, Moss decides to simply take the two million dollars present for himself. This puts the psychopathic killer, Anton Chigurh (Javier Bardem), on his trail as he dispassionately murders nearly every rival, bystander and even employer in his pursuit of his quarry and the money. As Moss desperately attempts to keep one step ahead, the blood from this hunt begins to flow behind him with relentlessly growing intensity as Chigurh closes in. Meanwhile, the laconic Sheriff Ed Tom Bell (Tommy Lee Jones) blithely oversees the investigation even as he struggles to face the sheer enormity of the crimes he is attempting to thwart.","Director":"Ethan Coen, Joel Coen","Title":"No Country for Old Men","Actors":"Tommy Lee Jones, Javier Bardem, Josh Brolin, Woody Harrelson","Response":"True","Type":"movie","Awards":"Won 4 Oscars. Another 160 wins & 139 nominations.","DVD":"N\/A","Year":"2007","Poster":"https:\/\/m.media-amazon.com\/images\/M\/MV5BMjA5Njk3MjM4OV5BMl5BanBnXkFtZTcwMTc5MTE1MQ@@._V1_SX300.jpg","Country":"USA, Mexico","Genre":"Crime, Drama, Thriller","Writer":"Joel Coen (screenplay), Ethan Coen (screenplay), Cormac McCarthy (novel)"}
