{"Metascore":"84","BoxOffice":"N\/A","Website":"N\/A","imdbRating":"7.9","imdbVotes":"43,685","Ratings":[{"Value":"7.9\/10","Source":"Internet Movie Database"},{"Value":"93%","Source":"Rotten Tomatoes"},{"Value":"84\/100","Source":"Metacritic"}],"Runtime":"98 min","Language":"Bosnian, French, English, Serbian","Rated":"R","Production":"Fabrica","Released":"19 Sep 2001","imdbID":"tt0283509","Plot":"After various skirmishes, two wounded soldiers, one Bosnian and one Serb, confront each other in a trench in the no man's land between their lines. They wait for dark, trading insults and even finding some common ground; sometimes one has the gun, sometimes the other, sometimes both. Things get complicated when another wounded Bosnian comes to, but can't move because a bouncing mine is beneath him. The two men cooperate to wave white flags, their lines call the UN (whose high command tries not to help), an English reporter shows up, a French sergeant shows courage, and the three men in no man's land may or may not find a way to all get along.","Director":"Danis Tanovic","Title":"No Man's Land","Actors":"Branko Djuric, Rene Bitorajac, Filip Sovagovic, Georges Siatidis","Response":"True","Type":"movie","Awards":"Won 1 Oscar. Another 28 wins & 24 nominations.","DVD":"N\/A","Year":"2001","Poster":"https:\/\/m.media-amazon.com\/images\/M\/MV5BMGFkNjNmZWMtNDdiOS00ZWM3LWE1ZTMtZDU3MGQyMzIyNzZhXkEyXkFqcGdeQXVyMTMxODk2OTU@._V1_SX300.jpg","Country":"France, Bosnia and Herzegovina, Italy, Belgium, UK, Slovenia","Genre":"Comedy, Drama, War","Writer":"Danis Tanovic"}
