{"Metascore":"69","BoxOffice":"N\/A","Website":"N\/A","imdbRating":"7.7","imdbVotes":"282,178","Ratings":[{"Value":"7.7\/10","Source":"Internet Movie Database"},{"Value":"77%","Source":"Rotten Tomatoes"},{"Value":"69\/100","Source":"Metacritic"}],"Runtime":"107 min","Language":"English","Rated":"PG-13","Production":"Mike Zoss Productions, Working Title Films, Touchstone Pictures, Le Studio Canal +, Universal Pictures, Buena Vista Pictures","Released":"02 Feb 2001","imdbID":"tt0190590","Plot":"Loosely based on Homer's \"Odyssey,\" the movie deals with the picaresque adventures of Ulysses Everett McGill and his companions Delmar and Pete in 1930s Mississipi. Sprung from a chain gang and trying to reach Everett's home to recover the buried loot of a bank heist they are confronted by a series of strange characters--among them sirens, a cyclops, bank robber George \"Baby Face\" Nelson (very annoyed by that nickname), a campaigning governor and his opponent, a KKK lynch mob, and a blind prophet who warns the trio that \"the treasure you seek shall not be the treasure you find.\"","Director":"Joel Coen, Ethan Coen","Title":"O Brother, Where Art Thou?","Actors":"George Clooney, John Turturro, Tim Blake Nelson, John Goodman","Response":"True","Type":"movie","Awards":"Nominated for 2 Oscars. Another 7 wins & 37 nominations.","DVD":"N\/A","Year":"2000","Poster":"https:\/\/m.media-amazon.com\/images\/M\/MV5BMjZkOTdmMWItOTkyNy00MDdjLTlhNTQtYzU3MzdhZjA0ZDEyXkEyXkFqcGdeQXVyMTMxODk2OTU@._V1_SX300.jpg","Country":"UK, France, USA","Genre":"Adventure, Comedy, Crime, Music","Writer":"Homer (epic poem \"The Odyssey\"), Ethan Coen, Joel Coen"}
