{"Metascore":"74","BoxOffice":"N\/A","Website":"N\/A","imdbRating":"7.7","imdbVotes":"507,562","Ratings":[{"Value":"7.7\/10","Source":"Internet Movie Database"},{"Value":"83%","Source":"Rotten Tomatoes"},{"Value":"74\/100","Source":"Metacritic"}],"Runtime":"116 min","Language":"English, Italian, Cantonese","Rated":"PG-13","Production":"Village Roadshow Prod., Jerry Weintraub Productions","Released":"07 Dec 2001","imdbID":"tt0240772","Plot":"Danny Ocean wants to score the biggest heist in history. He combines an eleven member team, including Frank Catton, Rusty Ryan and Linus Caldwell. Their target? The Bellagio, the Mirage and the MGM Grand. All casinos owned by Terry Benedict. It's not going to be easy, as they plan to get in secretly and out with $150 million.","Director":"Steven Soderbergh","Title":"Ocean's Eleven","Actors":"George Clooney, Cecelia Ann Birt, Paul L. Nolan, Carol Florence","Response":"True","Type":"movie","Awards":"4 wins & 20 nominations.","DVD":"N\/A","Year":"2001","Poster":"https:\/\/m.media-amazon.com\/images\/M\/MV5BYzVmYzVkMmUtOGRhMi00MTNmLThlMmUtZTljYjlkMjNkMjJkXkEyXkFqcGdeQXVyNDk3NzU2MTQ@._V1_SX300.jpg","Country":"USA","Genre":"Crime, Thriller","Writer":"George Clayton Johnson, Jack Golden Russell, Harry Brown, Charles Lederer, Ted Griffin (screenplay)"}
