{"Metascore":"71","BoxOffice":"N\/A","Website":"N\/A","imdbRating":"7.8","imdbVotes":"81,378","Ratings":[{"Value":"7.8\/10","Source":"Internet Movie Database"},{"Value":"91%","Source":"Rotten Tomatoes"},{"Value":"71\/100","Source":"Metacritic"}],"Runtime":"108 min","Language":"English","Rated":"PG","Production":"Universal Pictures","Released":"19 Feb 1999","imdbID":"tt0132477","Plot":"In a 1950's mining town called Coalwood, Homer Hickam is a kid with only one future in sight, to work in the local coal mine like his father. However in October 1957, everything changes when the first artificial satellite, Sputnik goes into orbit. With that event, Homer becomes inspired to learn how to build rockets. With his friends and the local nerd, Homer sets to do just that by trial and a lot of error. Unfortunately, most of the town and especially Homer's father thinks that they are wasting their time. Only one teacher in the high school understands their efforts and lets them know that they could become contenders in the national science fair with college scholarships being the prize. Now the gang must learn to perfect their craft and overcome the many problems facing them as they shoot for the stars.","Director":"Joe Johnston","Title":"October Sky","Actors":"Jake Gyllenhaal, Chris Cooper, Laura Dern, Chris Owen","Response":"True","Type":"movie","Awards":"4 wins & 11 nominations.","DVD":"N\/A","Year":"1999","Poster":"https:\/\/m.media-amazon.com\/images\/M\/MV5BZmIzMjE0M2YtNzliZi00YWNmLTgyNDItZDhjNWVhY2Q2ODk0XkEyXkFqcGdeQXVyNTAyODkwOQ@@._V1_SX300.jpg","Country":"USA","Genre":"Biography, Drama, Family","Writer":"Homer H. Hickam Jr. (book), Lewis Colick (screenplay)"}
