{"Metascore":"68","BoxOffice":"N\/A","Website":"N\/A","imdbRating":"7.7","imdbVotes":"238,999","Ratings":[{"Value":"7.7\/10","Source":"Internet Movie Database"},{"Value":"80%","Source":"Rotten Tomatoes"},{"Value":"68\/100","Source":"Metacritic"}],"Runtime":"89 min","Language":"English","Rated":"R","Production":"Cubicle, Inc.","Released":"19 Feb 1999","imdbID":"tt0151804","Plot":"In the Initech office, the insecure Peter Gibbons hates his job and the abusive Division VP Bill Lumbergh that has just hired two consultants to downsize the company. His best friends are the software engineers Michael Bolton and Samir Nagheenanajar that also hate Initech, and his next door neighbor Lawrence. His girlfriend Anne is cheating on him but she convinces Peter to visit the hypnotherapist Dr. Swanson. Peter tells how miserable his life is and Dr. Swanson hypnotizes him and he goes into a state of ecstasy. However, Dr. Swanson dies immediately after giving the hypnotic suggestion to Peter. He dates the waitress Joanna and changes his attitude in the company, being promoted by the consultants. When he discovers that Michael and Samir will be fired, they decide to plant a virus in the account system to embezzle fraction of cents in each financial operation into Peter's account. However Michael commits a mistake in the software and instead of decimals, they steal a large amount. The desperate trio tries to fix the problem or they will go to prison.","Director":"Mike Judge","Title":"Office Space","Actors":"Ron Livingston, Jennifer Aniston, David Herman, Ajay Naidu","Response":"True","Type":"movie","Awards":"1 win & 2 nominations.","DVD":"N\/A","Year":"1999","Poster":"https:\/\/m.media-amazon.com\/images\/M\/MV5BOTA5MzQ3MzI1NV5BMl5BanBnXkFtZTgwNTcxNTYxMTE@._V1_SX300.jpg","Country":"USA","Genre":"Comedy","Writer":"Mike Judge (Milton animated shorts), Mike Judge (screenplay)"}
