{"Metascore":"N\/A","BoxOffice":"N\/A","Website":"N\/A","imdbRating":"8.1","imdbVotes":"50,061","Ratings":[{"Value":"8.1\/10","Source":"Internet Movie Database"},{"Value":"75%","Source":"Rotten Tomatoes"}],"Runtime":"125 min","Language":"Hindi, English","Rated":"Not Rated","Production":"Playtime, Viacom 18 Motion Pictures, Grazing Goat Pictures","Released":"28 Sep 2012","imdbID":"tt2283748","Plot":"Kanji Lalji Mehta, though an atheist, owns a small shop selling religious goods, concocting cock-and-bull stories to extract higher fees from his customers for his wares. When, in openly defying God, an earthquake destroys his (and only his) only source of income, with the insurance company refusing to pay up on the basis of it being an 'act of God', Kanjibhai takes God to the court. With many similarly unfortunate people pinning their hopes to him, Kanji's lack of courtroom experience may leave him unable to prove his point - that is, until approached by a man introducing himself as Krishna Vasudeva Yadav. Krishna helps Kanji win his case, his family and helps him find his faith in God, along the way showing how priests can turn religion into a business and that God can be found everywhere, particularly in a house of worship.","Director":"Umesh Shukla","Title":"OMG: Oh My God!","Actors":"Paresh Rawal, Akshay Kumar, Mithun Chakraborty, Mahesh Manjrekar","Response":"True","Type":"movie","Awards":"6 wins & 10 nominations.","DVD":"N\/A","Year":"2012","Poster":"https:\/\/m.media-amazon.com\/images\/M\/MV5BMGNhYjUwNmYtNDQxNi00NDdmLTljMDAtZWM1NDQyZTk3ZDYwXkEyXkFqcGdeQXVyODE5NzE3OTE@._V1_SX300.jpg","Country":"India","Genre":"Comedy, Drama, Fantasy","Writer":"Bhavesh Mandalia (screenplay and dialogue), Umesh Shukla (screenplay)"}
