{"Metascore":"N\/A","BoxOffice":"N\/A","Website":"N\/A","imdbRating":"8.4","imdbVotes":"305,931","Ratings":[{"Value":"8.4\/10","Source":"Internet Movie Database"},{"Value":"87%","Source":"Rotten Tomatoes"}],"Runtime":"229 min","Language":"English, Italian, French, Yiddish, Hebrew","Rated":"R","Production":"Warner Brothers, Embassy International Pictures","Released":"01 Jun 1984","imdbID":"tt0087843","Plot":"Epic tale of a group of Jewish gangsters in New York, from childhood, through their glory years during prohibition, and their meeting again 35 years later.","Director":"Sergio Leone","Title":"Once Upon a Time in America","Actors":"Robert De Niro, James Woods, Elizabeth McGovern, Treat Williams","Response":"True","Type":"movie","Awards":"Nominated for 2 Golden Globes. Another 11 wins & 9 nominations.","DVD":"N\/A","Year":"1984","Poster":"https:\/\/m.media-amazon.com\/images\/M\/MV5BMGFkNWI4MTMtNGQ0OC00MWVmLTk3MTktOGYxN2Y2YWVkZWE2XkEyXkFqcGdeQXVyNjU0OTQ0OTY@._V1_SX300.jpg","Country":"USA, Italy","Genre":"Crime, Drama","Writer":"Harry Grey (based on novel \"The Hoods\" by), Leonardo Benvenuti (screenplay by), Piero De Bernardi (screenplay by), Enrico Medioli (screenplay by), Franco Arcalli (screenplay by), Franco Ferrini (screenplay by), Sergio Leone (screenplay by), Stuart Kaminsky (additional dialogue)"}
