{"Metascore":"88","BoxOffice":"N\/A","Website":"N\/A","imdbRating":"7.8","imdbVotes":"109,590","Ratings":[{"Value":"7.8\/10","Source":"Internet Movie Database"},{"Value":"97%","Source":"Rotten Tomatoes"},{"Value":"88\/100","Source":"Metacritic"}],"Runtime":"86 min","Language":"English, Czech","Rated":"R","Production":"Samson Films, RTE, Irish Film Board","Released":"15 Jun 2007","imdbID":"tt0907657","Plot":"An unnamed guy is a Dublin guitarist\/singer\/songwriter who makes a living by fixing vacuum cleaners in his Dad's Hoover repair shop by day, and singing and playing for money on the Dublin streets by night. An unnamed girl is a Czech who plays piano when she gets a chance, and does odd jobs by day and takes care of her Mom and her daughter by night. Guy meets girl and they get to know each other as the girl helps the guy put together a demo disc that he can take to London in hope of landing a music contract. During the same several day period, the guy and the girl work through their past loves, and reveal their budding love for one another, through their songs.","Director":"John Carney","Title":"Once","Actors":"Glen Hansard, Markéta Irglová, Hugh Walsh, Gerard Hendrick","Response":"True","Type":"movie","Awards":"Won 1 Oscar. Another 22 wins & 32 nominations.","DVD":"N\/A","Year":"2007","Poster":"https:\/\/m.media-amazon.com\/images\/M\/MV5BYWUxZjJkMDktZmMxMS00Mzg3LTk4MDItN2IwODlmN2E0MTM0XkEyXkFqcGdeQXVyMTMxODk2OTU@._V1_SX300.jpg","Country":"Ireland","Genre":"Drama, Music, Romance","Writer":"John Carney"}
