{"Metascore":"83","BoxOffice":"N\/A","Website":"N\/A","imdbRating":"7.6","imdbVotes":"525,441","Ratings":[{"Value":"7.6\/10","Source":"Internet Movie Database"},{"Value":"85%","Source":"Rotten Tomatoes"},{"Value":"83\/100","Source":"Metacritic"}],"Runtime":"161 min","Language":"English, Italian, Spanish, German","Rated":"R","Production":"Columbia Pictures, Bona Film Group, Heyday Films","Released":"26 Jul 2019","imdbID":"tt7131622","Plot":"A faded television actor and his stunt double strive to achieve fame and success in the final years of Hollywood's Golden Age in 1969 Los Angeles.","Director":"Quentin Tarantino","Title":"Once Upon a Time... In Hollywood","Actors":"Leonardo DiCaprio, Brad Pitt, Margot Robbie, Emile Hirsch","Response":"True","Type":"movie","Awards":"Won 2 Oscars. Another 127 wins & 346 nominations.","DVD":"N\/A","Year":"2019","Poster":"https:\/\/m.media-amazon.com\/images\/M\/MV5BOTg4ZTNkZmUtMzNlZi00YmFjLTk1MmUtNWQwNTM0YjcyNTNkXkEyXkFqcGdeQXVyNjg2NjQwMDQ@._V1_SX300.jpg","Country":"USA, UK, China","Genre":"Comedy, Drama","Writer":"Quentin Tarantino"}
