{"Metascore":"80","BoxOffice":"N\/A","Website":"N\/A","imdbRating":"8.5","imdbVotes":"297,598","Ratings":[{"Value":"8.5\/10","Source":"Internet Movie Database"},{"Value":"95%","Source":"Rotten Tomatoes"},{"Value":"80\/100","Source":"Metacritic"}],"Runtime":"165 min","Language":"English, Italian","Rated":"PG-13","Production":"Paramount Pictures","Released":"04 Jul 1969","imdbID":"tt0064116","Plot":"Story of a young woman, Mrs. McBain, who moves from New Orleans to frontier Utah, on the very edge of the American West. She arrives to find her new husband and family slaughtered, but by whom? The prime suspect, coffee-lover Cheyenne, befriends her and offers to go after the real killer, assassin gang leader Frank, in her honor. He is accompanied by Harmonica, a man already on a quest to get even.","Director":"Sergio Leone","Title":"Once Upon a Time in the West","Actors":"Claudia Cardinale, Henry Fonda, Jason Robards, Charles Bronson","Response":"True","Type":"movie","Awards":"4 wins & 5 nominations.","DVD":"N\/A","Year":"1968","Poster":"https:\/\/m.media-amazon.com\/images\/M\/MV5BZGI5MjBmYzYtMzJhZi00NGI1LTk3MzItYjBjMzcxM2U3MDdiXkEyXkFqcGdeQXVyNzkwMjQ5NzM@._V1_SX300.jpg","Country":"Italy, USA","Genre":"Western","Writer":"Sergio Donati (screenplay by), Sergio Leone (screenplay by), Dario Argento (from a story by), Bernardo Bertolucci (from a story by), Sergio Leone (from a story by)"}
