{"Metascore":"77","BoxOffice":"N\/A","Website":"N\/A","imdbRating":"7.9","imdbVotes":"31,021","Ratings":[{"Value":"7.9\/10","Source":"Internet Movie Database"},{"Value":"93%","Source":"Rotten Tomatoes"},{"Value":"77\/100","Source":"Metacritic"}],"Runtime":"102 min","Language":"English, Maori, Spanish","Rated":"R","Production":"Fine Line Features, Finestkind","Released":"03 Mar 1995","imdbID":"tt0110729","Plot":"Set in urban Auckland (New Zealand) this movie tells the story of the Heke family. Jake Heke is a violent man who beats his wife frequently when drunk, and yet obviously loves both her and his family. The movie follows a period of several weeks in the family's life showing Jake's frequent outburst of violence and the effect that this has on his family. The youngest son is in trouble with the police and may be put into a foster home while the elder son is about to join a street gang. Jake's daughter has her own serious problems which are a key element in the plot.","Director":"Lee Tamahori","Title":"Once Were Warriors","Actors":"Rena Owen, Temuera Morrison, Mamaengaroa Kerr-Bell, Julian Arahanga","Response":"True","Type":"movie","Awards":"22 wins & 7 nominations.","DVD":"N\/A","Year":"1994","Poster":"https:\/\/m.media-amazon.com\/images\/M\/MV5BYTY4MTdjZDMtOTBiMC00MDEwLThhMjUtMjlhMjdlYTBmMzk3XkEyXkFqcGdeQXVyNjMwMjk0MTQ@._V1_SX300.jpg","Country":"New Zealand","Genre":"Crime, Drama","Writer":"Riwia Brown, Alan Duff (novel)"}
