{"Metascore":"83","BoxOffice":"N\/A","Website":"N\/A","imdbRating":"8.7","imdbVotes":"906,468","Ratings":[{"Value":"8.7\/10","Source":"Internet Movie Database"},{"Value":"94%","Source":"Rotten Tomatoes"},{"Value":"83\/100","Source":"Metacritic"}],"Runtime":"133 min","Language":"English","Rated":"R","Production":"Fantasy Films","Released":"19 Nov 1975","imdbID":"tt0073486","Plot":"McMurphy has a criminal past and has once again gotten himself into trouble and is sentenced by the court. To escape labor duties in prison, McMurphy pleads insanity and is sent to a ward for the mentally unstable. Once here, McMurphy both endures and stands witness to the abuse and degradation of the oppressive Nurse Ratched, who gains superiority and power through the flaws of the other inmates. McMurphy and the other inmates band together to make a rebellious stance against the atrocious Nurse.","Director":"Milos Forman","Title":"One Flew Over the Cuckoo's Nest","Actors":"Michael Berryman, Peter Brocco, Dean R. Brooks, Alonzo Brown","Response":"True","Type":"movie","Awards":"Won 5 Oscars. Another 32 wins & 15 nominations.","DVD":"N\/A","Year":"1975","Poster":"https:\/\/m.media-amazon.com\/images\/M\/MV5BZjA0OWVhOTAtYWQxNi00YzNhLWI4ZjYtNjFjZTEyYjJlNDVlL2ltYWdlL2ltYWdlXkEyXkFqcGdeQXVyMTQxNzMzNDI@._V1_SX300.jpg","Country":"USA","Genre":"Drama","Writer":"Lawrence Hauben (screenplay), Bo Goldman (screenplay), Ken Kesey (based on the novel by), Dale Wasserman (the play version: \"One Flew Over the Cuckoo's Nest\" by)"}
