{"Metascore":"68","BoxOffice":"N\/A","Website":"N\/A","imdbRating":"7.6","imdbVotes":"27,264","Ratings":[{"Value":"7.6\/10","Source":"Internet Movie Database"},{"Value":"93%","Source":"Rotten Tomatoes"},{"Value":"68\/100","Source":"Metacritic"}],"Runtime":"109 min","Language":"English","Rated":"PG","Production":"Universal Pictures","Released":"12 Feb 1982","imdbID":"tt0082846","Plot":"The loons are back again on Golden Pond and so are Norman Thayer, a retired professor, and Ethel who have had a summer cottage there since early in their marriage. This summer their daughter Chelsea -- whom they haven't seen for years -- feels she must be there for Norman's birthday. She and her fiance are on their way to Europe the next day but will be back in a couple of weeks to pick up the fiance's son. When she returns Chelsea is married and her stepson has the relationship with her father that she always wanted. Will father and daughter be able to communicate at last?","Director":"Mark Rydell","Title":"On Golden Pond","Actors":"Katharine Hepburn, Henry Fonda, Jane Fonda, Doug McKeon","Response":"True","Type":"movie","Awards":"Won 3 Oscars. Another 11 wins & 23 nominations.","DVD":"N\/A","Year":"1981","Poster":"https:\/\/m.media-amazon.com\/images\/M\/MV5BNWQ4MGZlZmYtZjY0MS00N2JhLWE0NmMtOTMwMTk4NDQ4NjE2XkEyXkFqcGdeQXVyNTI4MjkwNjA@._V1_SX300.jpg","Country":"USA","Genre":"Drama","Writer":"Ernest Thompson (screenplay), Ernest Thompson (based on his play)"}
