{"Metascore":"72","BoxOffice":"N\/A","Website":"N\/A","imdbRating":"7.6","imdbVotes":"56,599","Ratings":[{"Value":"7.6\/10","Source":"Internet Movie Database"},{"Value":"87%","Source":"Rotten Tomatoes"},{"Value":"72\/100","Source":"Metacritic"}],"Runtime":"134 min","Language":"English","Rated":"PG-13","Production":"Relevant Entertainment, Di Bonaventura Pictures, Black Label Media, Condé Nast Entertainment","Released":"20 Oct 2017","imdbID":"tt3829920","Plot":"Based on the true story of the Granite Mountain Hotshots, a group of elite firefighters who risk everything to protect a town from a historic wildfire.","Director":"Joseph Kosinski","Title":"Only the Brave","Actors":"Josh Brolin, Miles Teller, Jeff Bridges, Jennifer Connelly","Response":"True","Type":"movie","Awards":"3 nominations.","DVD":"N\/A","Year":"2017","Poster":"https:\/\/m.media-amazon.com\/images\/M\/MV5BYWFlOWI3YTMtYTk3NS00YWQ2LTlmYTMtZjk0ZDk4Y2NjODI0XkEyXkFqcGdeQXVyNTQxNTQ4Mg@@._V1_SX300.jpg","Country":"USA","Genre":"Action, Biography, Drama","Writer":"Sean Flynn (based on the GQ article \"No Exit\" by), Ken Nolan, Eric Warren Singer"}
