{"Metascore":"86","BoxOffice":"N\/A","Website":"N\/A","imdbRating":"7.7","imdbVotes":"46,182","Ratings":[{"Value":"7.7\/10","Source":"Internet Movie Database"},{"Value":"89%","Source":"Rotten Tomatoes"},{"Value":"86\/100","Source":"Metacritic"}],"Runtime":"124 min","Language":"English","Rated":"R","Production":"Paramount Pictures, Wildwood Enterprises","Released":"19 Sep 1980","imdbID":"tt0081283","Plot":"Beth, Calvin, and their son Conrad are living in the aftermath of the death of the other son. Conrad is overcome by grief and misplaced guilt to the extent of a suicide attempt. He is in therapy. Beth had always preferred his brother and is having difficulty being supportive to Conrad. Calvin is trapped between the two trying to hold the family together.","Director":"Robert Redford","Title":"Ordinary People","Actors":"Donald Sutherland, Mary Tyler Moore, Judd Hirsch, Timothy Hutton","Response":"True","Type":"movie","Awards":"Won 4 Oscars. Another 15 wins & 14 nominations.","DVD":"N\/A","Year":"1980","Poster":"https:\/\/m.media-amazon.com\/images\/M\/MV5BNWU3MDFkYWQtMWQ5YS00YTcwLThmNDItODY4OWE2ZTdhZmIwXkEyXkFqcGdeQXVyMjUzOTY1NTc@._V1_SX300.jpg","Country":"USA","Genre":"Drama","Writer":"Judith Guest (novel), Alvin Sargent (screenplay)"}
