{"Metascore":"88","BoxOffice":"N\/A","Website":"N\/A","imdbRating":"7.8","imdbVotes":"59,204","Ratings":[{"Value":"7.8\/10","Source":"Internet Movie Database"},{"Value":"88\/100","Source":"Metacritic"}],"Runtime":"103 min","Language":"English","Rated":"PG","Production":"N\/A","Released":"12 Jan 2018","imdbID":"tt4468740","Plot":"Paddington is happily settled with the Brown family in Windsor Gardens, where he has become a popular member of the community, spreading joy and marmalade wherever he goes. While searching for the perfect present for his beloved Aunt Lucy's 100th birthday, Paddington spots a unique pop-up book in Mr. Gruber's antique shop, and embarks upon a series of odd jobs to buy it. But when the book is stolen, it's up to Paddington and the Browns to unmask the thief.","Director":"Paul King","Title":"Paddington 2","Actors":"Michael Gambon, Imelda Staunton, Ben Whishaw, Madeleine Harris","Response":"True","Type":"movie","Awards":"Nominated for 3 BAFTA Film Awards. Another 14 wins & 43 nominations.","DVD":"N\/A","Year":"2017","Poster":"https:\/\/m.media-amazon.com\/images\/M\/MV5BMmYwNWZlNzEtNjE4Zi00NzQ4LWI2YmUtOWZhNzZhZDYyNmVmXkEyXkFqcGdeQXVyNzYzODM3Mzg@._V1_SX300.jpg","Country":"UK, France, USA, China, Canada","Genre":"Adventure, Comedy, Family, Fantasy","Writer":"Paul King, Simon Farnaby, Michael Bond (\"Paddington Bear\" created by), Mark Burton (additional material), Jon Croker (additional material), Will Smith (additional material), Simon Stephenson (additional material)"}
