{"Metascore":"58","BoxOffice":"N\/A","Website":"N\/A","imdbRating":"8.0","imdbVotes":"119,887","Ratings":[{"Value":"8.0\/10","Source":"Internet Movie Database"},{"Value":"79%","Source":"Rotten Tomatoes"},{"Value":"58\/100","Source":"Metacritic"}],"Runtime":"151 min","Language":"English, Spanish","Rated":"R","Production":"Solar Productions, Allied Artists Pictures Corporation","Released":"19 Dec 1973","imdbID":"tt0070511","Plot":"A semi-fictional account of Henri Charrière's time in the penal system in French Guyana - some of it spent on infamous Devil's Island - is presented. It's the early 1930s. Charrière - nicknamed Papillon because of his butterfly tattoo - and Louis Dega are two among many who have been convicted in the French judicial system, they now being transferred to French Guyana where they will serve their time, never to return to France even if they are ever released. A safe-cracker by criminal profession, Papillon is serving a life sentence for murdering a pimp, a crime for which he adamantly states he was framed. Dega is a wealthy counterfeiter, who expects his well-to-do wife eventually to get him released. On Papillon's initiative, Papillon and Dega enter into a business arrangement: Papillon will provide protection for Dega, while Dega will finance Papillon's escape attempt. As Papillon and Degas' time together lasts longer than either expects, their burgeoning friendship ends up being an important factor altering their original plans, needed as they work with and against others who are trying to achieve their own goals, sometime conflicting with Papillon and Dega's.","Director":"Franklin J. Schaffner","Title":"Papillon","Actors":"Steve McQueen, Dustin Hoffman, Victor Jory, Don Gordon","Response":"True","Type":"movie","Awards":"Nominated for 1 Oscar. Another 2 wins & 1 nomination.","DVD":"N\/A","Year":"1973","Poster":"https:\/\/m.media-amazon.com\/images\/M\/MV5BZGRjZjQ0NzAtYmZlNS00Zjc1LTk1YWItMDY5YzQxMzA4MTAzXkEyXkFqcGdeQXVyMjI4MjA5MzA@._V1_SX300.jpg","Country":"France, USA","Genre":"Biography, Crime, Drama","Writer":"Dalton Trumbo (screenplay), Lorenzo Semple Jr. (screenplay), Henri Charrière (book)"}
