{"Metascore":"81","BoxOffice":"N\/A","Website":"N\/A","imdbRating":"7.7","imdbVotes":"69,811","Ratings":[{"Value":"7.7\/10","Source":"Internet Movie Database"},{"Value":"84%","Source":"Rotten Tomatoes"},{"Value":"81\/100","Source":"Metacritic"}],"Runtime":"90 min","Language":"Japanese, English","Rated":"R","Production":"Madhouse Productions","Released":"22 Jun 2007","imdbID":"tt0851578","Plot":"Three scientists at the Foundation for Psychiatric Research fail to secure a device they've invented, the D.C. Mini, which allows people to record and watch their dreams. A thief uses the device to enter people's minds, when awake, and distract them with their own dreams and those of others. Chaos ensues. The trio - Chiba, Tokita, and Shima - assisted by a police inspector and by a sprite named Paprika must try to identify the thief as they ward off the thief's attacks on their own psyches. Dreams, reality, and the movies merge, while characters question the limits of science and the wisdom of Big Brother.","Director":"Satoshi Kon","Title":"Paprika","Actors":"Megumi Hayashibara, Tôru Furuya, Kôichi Yamadera, Katsunosuke Hori","Response":"True","Type":"movie","Awards":"6 wins & 5 nominations.","DVD":"N\/A","Year":"2006","Poster":"https:\/\/m.media-amazon.com\/images\/M\/MV5BNDI4MGEwZDAtZDg0Yy00MjFhLTg1MjctODdmZTMyNTUyNDI3L2ltYWdlXkEyXkFqcGdeQXVyNTAyODkwOQ@@._V1_SX300.jpg","Country":"Japan","Genre":"Animation, Drama, Fantasy, Mystery, Sci-Fi, Thriller","Writer":"Yasutaka Tsutsui (novel), Seishi Minakami (screenplay), Satoshi Kon (screenplay)"}
