{"Metascore":"96","BoxOffice":"N\/A","Website":"N\/A","imdbRating":"8.6","imdbVotes":"497,051","Ratings":[{"Value":"8.6\/10","Source":"Internet Movie Database"},{"Value":"99%","Source":"Rotten Tomatoes"},{"Value":"96\/100","Source":"Metacritic"}],"Runtime":"132 min","Language":"Korean, English","Rated":"R","Production":"CJ Entertainment, TMS Entertainment","Released":"08 Nov 2019","imdbID":"tt6751668","Plot":"Greed and class discrimination threaten the newly formed symbiotic relationship between the wealthy Park family and the destitute Kim clan.","Director":"Bong Joon Ho","Title":"Parasite","Actors":"Kang-ho Song, Sun-kyun Lee, Yeo-jeong Jo, Woo-sik Choi","Response":"True","Type":"movie","Awards":"Won 4 Oscars. Another 271 wins & 258 nominations.","DVD":"N\/A","Year":"2019","Poster":"https:\/\/m.media-amazon.com\/images\/M\/MV5BYWZjMjk3ZTItODQ2ZC00NTY5LWE0ZDYtZTI3MjcwN2Q5NTVkXkEyXkFqcGdeQXVyODk4OTc3MTY@._V1_SX300.jpg","Country":"South Korea","Genre":"Comedy, Drama, Thriller","Writer":"Bong Joon Ho (story by), Bong Joon Ho (screenplay by), Jin Won Han (screenplay by)"}
