{"Metascore":"78","BoxOffice":"N\/A","Website":"N\/A","imdbRating":"8.1","imdbVotes":"88,389","Ratings":[{"Value":"8.1\/10","Source":"Internet Movie Database"},{"Value":"97%","Source":"Rotten Tomatoes"},{"Value":"78\/100","Source":"Metacritic"}],"Runtime":"145 min","Language":"English, Spanish","Rated":"R","Production":"20th Century Fox","Released":"23 Aug 1984","imdbID":"tt0087884","Plot":"A man wanders out of the desert after a four year absence. His brother finds him, and together they return to L.A. to reunite the man with his young son. Soon after, he and the boy set out to locate the mother of the child, who left shortly after the man disappeared.","Director":"Wim Wenders","Title":"Paris, Texas","Actors":"Harry Dean Stanton, Nastassja Kinski, Dean Stockwell, Aurore Clément","Response":"True","Type":"movie","Awards":"Nominated for 1 Golden Globe. Another 16 wins & 10 nominations.","DVD":"N\/A","Year":"1984","Poster":"https:\/\/m.media-amazon.com\/images\/M\/MV5BM2RjMmU3ZWItYzBlMy00ZmJkLWE5YzgtNTVkODdhOWM3NGZhXkEyXkFqcGdeQXVyNDA5Mjg5MjA@._V1_SX300.jpg","Country":"West Germany, France, UK","Genre":"Drama","Writer":"L.M. Kit Carson (adaptation), Sam Shepard, Walter Donohue (story editor: Channel 4)"}
