{"Metascore":"91","BoxOffice":"N\/A","Website":"N\/A","imdbRating":"7.9","imdbVotes":"92,869","Ratings":[{"Value":"7.9\/10","Source":"Internet Movie Database"},{"Value":"94%","Source":"Rotten Tomatoes"},{"Value":"91\/100","Source":"Metacritic"}],"Runtime":"172 min","Language":"English, German, French, Russian, Arabic, Italian","Rated":"GP","Production":"Twentieth Century Fox","Released":"02 Apr 1970","imdbID":"tt0066206","Plot":"\"Patton\" tells the tale of General George S. Patton, famous tank commander of World War II. The film begins with Patton's career in North Africa and progresses through the invasion of Europe and the fall of the Third Reich. Side plots also speak of Patton's numerous faults such his temper and tendency toward insubordination, faults that would prevent him from becoming the lead American general in the Normandy Invasion as well as to his being relieved as Occupation Commander of Germany.","Director":"Franklin J. Schaffner","Title":"Patton","Actors":"George C. Scott, Karl Malden, Stephen Young, Michael Strong","Response":"True","Type":"movie","Awards":"Won 7 Oscars. Another 17 wins & 8 nominations.","DVD":"N\/A","Year":"1970","Poster":"https:\/\/m.media-amazon.com\/images\/M\/MV5BMmNhZmJhMmYtNjlkMC00MjhjLTk1NzMtMTNlMzYzNjZlMjNiXkEyXkFqcGdeQXVyMTQxNzMzNDI@._V1_SX300.jpg","Country":"USA","Genre":"Biography, Drama, War","Writer":"Francis Ford Coppola (screen story and screenplay), Edmund H. North (screen story and screenplay), Ladislas Farago (based on factual material from Patton: Ordeal and Triumph), Omar N. Bradley (based on factual material from: A Soldier's Story)"}
