{"Metascore":"86","BoxOffice":"N\/A","Website":"N\/A","imdbRating":"8.1","imdbVotes":"99,888","Ratings":[{"Value":"8.1\/10","Source":"Internet Movie Database"},{"Value":"90%","Source":"Rotten Tomatoes"},{"Value":"86\/100","Source":"Metacritic"}],"Runtime":"83 min","Language":"Swedish, English","Rated":"Not Rated","Production":"Svensk Filmindustri","Released":"16 Mar 1967","imdbID":"tt0060827","Plot":"A young nurse, Alma, is put in charge of Elisabeth Vogler: an actress who is seemingly healthy in all respects, but will not talk. As they spend time together, Alma speaks to Elisabeth constantly, never receiving any answer. Alma eventually confesses her secrets to a seemingly sympathetic Elisabeth and finds that her own personality is being submerged into Elisabeth's persona.","Director":"Ingmar Bergman","Title":"Persona","Actors":"Bibi Andersson, Liv Ullmann, Margaretha Krook, Gunnar Björnstrand","Response":"True","Type":"movie","Awards":"Nominated for 1 BAFTA Film Award. Another 10 wins & 4 nominations.","DVD":"N\/A","Year":"1966","Poster":"https:\/\/m.media-amazon.com\/images\/M\/MV5BMTM0YzExY2EtMjUyZi00ZmIwLWFkYTktNjY5NmVkYTdkMjI5XkEyXkFqcGdeQXVyNzQxNDExNTU@._V1_SX300.jpg","Country":"Sweden","Genre":"Drama, Thriller","Writer":"Ingmar Bergman (story and screenplay)"}
