{"Metascore":"90","BoxOffice":"N\/A","Website":"N\/A","imdbRating":"8.0","imdbVotes":"87,544","Ratings":[{"Value":"8.0\/10","Source":"Internet Movie Database"},{"Value":"96%","Source":"Rotten Tomatoes"},{"Value":"90\/100","Source":"Metacritic"}],"Runtime":"96 min","Language":"French, English, Persian, German","Rated":"PG-13","Production":"Sofica Europacorp, 2.4.7. Films, Diaphana Films, Centre National de la Cinematographie, Fondation GAN pour le Cinéma, French Connection Animations, France 3 Cinéma, Région Ile-de-France, Kennedy\/Marshall, Celluloid Dreams, Soficinéma 3, Procirep, Sony Pictures Classics","Released":"22 Feb 2008","imdbID":"tt0808417","Plot":"In 1970s Iran, Marjane 'Marji' Statrapi watches events through her young eyes and her idealistic family of a long dream being fulfilled of the hated Shah's defeat in the Iranian Revolution of 1979. However as Marji grows up, she witnesses first hand how the new Iran, now ruled by Islamic fundamentalists, has become a repressive tyranny on its own. With Marji dangerously refusing to remain silent at this injustice, her parents send her abroad to Vienna to study for a better life. However, this change proves an equally difficult trial with the young woman finding herself in a different culture loaded with abrasive characters and profound disappointments that deeply trouble her. Even when she returns home, Marji finds that both she and homeland have changed too much and the young woman and her loving family must decide where she truly belongs.","Director":"Vincent Paronnaud, Marjane Satrapi","Title":"Persepolis","Actors":"Chiara Mastroianni, Danielle Darrieux, Catherine Deneuve, Simon Abkarian","Response":"True","Type":"movie","Awards":"Nominated for 1 Oscar. Another 30 wins & 57 nominations.","DVD":"N\/A","Year":"2007","Poster":"https:\/\/m.media-amazon.com\/images\/M\/MV5BMGRkZThmYzEtYjQxZC00OWEzLThjYjAtYzFkMjY0NGZkZWI4XkEyXkFqcGdeQXVyNTAyODkwOQ@@._V1_SX300.jpg","Country":"France, USA","Genre":"Animation, Biography, Drama, Family, History, War","Writer":"Marjane Satrapi (comic), Vincent Paronnaud (scenario)"}
