{"Metascore":"66","BoxOffice":"N\/A","Website":"N\/A","imdbRating":"7.7","imdbVotes":"221,552","Ratings":[{"Value":"7.7\/10","Source":"Internet Movie Database"},{"Value":"80%","Source":"Rotten Tomatoes"},{"Value":"66\/100","Source":"Metacritic"}],"Runtime":"125 min","Language":"English","Rated":"PG-13","Production":"Clinica Estetico, TriStar Pictures","Released":"14 Jan 1994","imdbID":"tt0107818","Plot":"Andrew Beckett, a gay, HIV positive lawyer, is fired from his law firm in fear that they might contract HIV from him. After Andrew is fired, in a last attempt for peace, he sues his former law firm with the help of a homophobic lawyer, Joe Miller. During the court battle, Miller sees that Beckett is no different than anyone else on the gritty streets of the city of brotherly love, sheds his homophobia and helps Beckett with his case before AIDS overcomes him.","Director":"Jonathan Demme","Title":"Philadelphia","Actors":"Tom Hanks, Denzel Washington, Roberta Maxwell, Buzz Kilman","Response":"True","Type":"movie","Awards":"Won 2 Oscars. Another 18 wins & 23 nominations.","DVD":"N\/A","Year":"1993","Poster":"https:\/\/m.media-amazon.com\/images\/M\/MV5BNDE0MWE1ZTMtOWFkMS00YjdiLTkwZTItMDljYjY3MjM0NTk5XkEyXkFqcGdeQXVyNDYyMDk5MTU@._V1_SX300.jpg","Country":"USA","Genre":"Drama","Writer":"Ron Nyswaner"}
