{"Metascore":"77","BoxOffice":"N\/A","Website":"N\/A","imdbRating":"7.6","imdbVotes":"93,358","Ratings":[{"Value":"7.6\/10","Source":"Internet Movie Database"},{"Value":"90%","Source":"Rotten Tomatoes"},{"Value":"77\/100","Source":"Metacritic"}],"Runtime":"98 min","Language":"English","Rated":"PG-13","Production":"Baby Cow Productions, Magnolia Mae","Released":"27 Nov 2013","imdbID":"tt2431286","Plot":"When former journalist Martin Sixsmith is dismissed from the Labour Party in disgrace, he is at a loss as to what do. That changes when a young Irish woman approaches him about a story of her mother, Philomena, who had her son taken away when she was a teenage inmate of a Catholic convent. Martin arranges a magazine assignment about her search for him that eventually leads to America. Along the way, Martin and Philomena discover as much about each other as about her son's fate. Furthermore, both find their basic beliefs challenged.","Director":"Stephen Frears","Title":"Philomena","Actors":"Judi Dench, Steve Coogan, Sophie Kennedy Clark, Mare Winningham","Response":"True","Type":"movie","Awards":"Nominated for 4 Oscars. Another 33 wins & 80 nominations.","DVD":"N\/A","Year":"2013","Poster":"https:\/\/m.media-amazon.com\/images\/M\/MV5BMjA5ODgyNzcxMV5BMl5BanBnXkFtZTgwMzkzOTYzMDE@._V1_SX300.jpg","Country":"UK, USA, France","Genre":"Biography, Comedy, Drama","Writer":"Steve Coogan (screenplay), Jeff Pope (screenplay), Martin Sixsmith (book)"}
