{"Metascore":"47","BoxOffice":"N\/A","Website":"N\/A","imdbRating":"8.1","imdbVotes":"75,325","Ratings":[{"Value":"8.1\/10","Source":"Internet Movie Database"},{"Value":"69%","Source":"Rotten Tomatoes"},{"Value":"47\/100","Source":"Metacritic"}],"Runtime":"95 min","Language":"English","Rated":"R","Production":"Metro Goldwyn Mayer, Tin Blue, Goldcrest Films, Ltd.","Released":"17 Sep 1982","imdbID":"tt0084503","Plot":"The movie tells the story of rock singer \"Pink\" who is sitting in his hotel room in Los Angeles, burnt out from the music business and only able to perform on stage with the help of drugs. Based on the 1979 double album \"The Wall\" by Pink Floyd, the film begins in Pink's youth where he is crushed by the love of his mother. Several years later, he is punished by the teachers in school because he is starting to write poems. He slowly begins to build a wall around himself to be protected from the world outside. The film shows all this in massive and epic pictures until the very end where he tears down the wall and breaks free.","Director":"Alan Parker","Title":"Pink Floyd: The Wall","Actors":"Bob Geldof, Christine Hargreaves, James Laurenson, Eleanor David","Response":"True","Type":"movie","Awards":"Won 2 BAFTA Film Awards. Another 1 win & 2 nominations.","DVD":"N\/A","Year":"1982","Poster":"https:\/\/m.media-amazon.com\/images\/M\/MV5BZDhlZTYxOTYtYTk3Ny00ZDljLTk3ZmItZTcxZWU5YTIyYmFkXkEyXkFqcGdeQXVyMTQxNzMzNDI@._V1_SX300.jpg","Country":"UK","Genre":"Drama, Fantasy, Music","Writer":"Roger Waters (album \"The Wall\"), Roger Waters (screenplay)"}
