{"Metascore":"63","BoxOffice":"N\/A","Website":"N\/A","imdbRating":"8.0","imdbVotes":"1,007,375","Ratings":[{"Value":"8.0\/10","Source":"Internet Movie Database"},{"Value":"79%","Source":"Rotten Tomatoes"},{"Value":"63\/100","Source":"Metacritic"}],"Runtime":"143 min","Language":"English","Rated":"PG-13","Production":"Jerry Bruckheimer Films","Released":"09 Jul 2003","imdbID":"tt0325980","Plot":"This swash-buckling tale follows the quest of Captain Jack Sparrow, a savvy pirate, and Will Turner, a resourceful blacksmith, as they search for Elizabeth Swann. Elizabeth, the daughter of the governor and the love of Will's life, has been kidnapped by the feared Captain Barbossa. Little do they know, but the fierce and clever Barbossa has been cursed. He, along with his large crew, are under an ancient curse, doomed for eternity to neither live, nor die. That is, unless a blood sacrifice is made.","Director":"Gore Verbinski","Title":"Pirates of the Caribbean: The Curse of the Black Pearl","Actors":"Johnny Depp, Geoffrey Rush, Orlando Bloom, Keira Knightley","Response":"True","Type":"movie","Awards":"Nominated for 5 Oscars. Another 38 wins & 99 nominations.","DVD":"N\/A","Year":"2003","Poster":"https:\/\/m.media-amazon.com\/images\/M\/MV5BNGYyZGM5MGMtYTY2Ni00M2Y1LWIzNjQtYWUzM2VlNGVhMDNhXkEyXkFqcGdeQXVyMTMxODk2OTU@._V1_SX300.jpg","Country":"USA","Genre":"Action, Adventure, Fantasy","Writer":"Ted Elliott (screen story), Terry Rossio (screen story), Stuart Beattie (screen story), Jay Wolpert (screen story), Ted Elliott (screenplay), Terry Rossio (screenplay)"}
