{"Metascore":"79","BoxOffice":"N\/A","Website":"N\/A","imdbRating":"8.0","imdbVotes":"163,850","Ratings":[{"Value":"8.0\/10","Source":"Internet Movie Database"},{"Value":"87%","Source":"Rotten Tomatoes"},{"Value":"79\/100","Source":"Metacritic"}],"Runtime":"112 min","Language":"English","Rated":"G","Production":"Twentieth Century Fox, APJAC Productions","Released":"03 Apr 1968","imdbID":"tt0063442","Plot":"Taylor and two other astronauts come out of deep hibernation to find that their ship has crashed. Escaping with little more than clothes they find that they have landed on a planet where men are pre-lingual and uncivilized while apes have learned speech and technology. Taylor is captured and taken to the city of the apes after damaging his throat so that he is silent and cannot communicate with the apes.","Director":"Franklin J. Schaffner","Title":"Planet of the Apes","Actors":"Charlton Heston, Roddy McDowall, Kim Hunter, Maurice Evans","Response":"True","Type":"movie","Awards":"Nominated for 2 Oscars. Another 6 wins & 2 nominations.","DVD":"N\/A","Year":"1968","Poster":"https:\/\/m.media-amazon.com\/images\/M\/MV5BMTg0NjUwMzg5NF5BMl5BanBnXkFtZTgwNDQ0NjcwMTE@._V1_SX300.jpg","Country":"USA","Genre":"Adventure, Sci-Fi","Writer":"Michael Wilson (screenplay by), Rod Serling (screenplay by), Pierre Boulle (based on the novel by)"}
