{"Metascore":"72","BoxOffice":"N\/A","Website":"N\/A","imdbRating":"7.6","imdbVotes":"120,131","Ratings":[{"Value":"7.6\/10","Source":"Internet Movie Database"},{"Value":"91%","Source":"Rotten Tomatoes"},{"Value":"72\/100","Source":"Metacritic"}],"Runtime":"93 min","Language":"English","Rated":"R","Production":"Paramount Pictures","Released":"25 Nov 1987","imdbID":"tt0093748","Plot":"All that Neal Page wants to do is to get home for Thanksgiving. His flight has been cancelled due to bad weather, so he decides on other means of transport. As well as bad luck, Neal is blessed with the presence of Del Griffith, shower curtain ring salesman and all-around blabbermouth who is never short of advice, conversation, bad jokes, or company. And when he decides that he is going the same direction as Neal....","Director":"John Hughes","Title":"Planes, Trains and Automobiles","Actors":"Steve Martin, John Candy, Laila Robins, Michael McKean","Response":"True","Type":"movie","Awards":"1 nomination.","DVD":"N\/A","Year":"1987","Poster":"https:\/\/m.media-amazon.com\/images\/M\/MV5BM2I1ZWNkYjEtYWY3ZS00MmMwLWI5OTEtNWNkZjNiYjIwNzY0XkEyXkFqcGdeQXVyNTI4MjkwNjA@._V1_SX300.jpg","Country":"USA","Genre":"Comedy, Drama","Writer":"John Hughes"}
