{"Metascore":"92","BoxOffice":"N\/A","Website":"N\/A","imdbRating":"8.1","imdbVotes":"376,320","Ratings":[{"Value":"8.1\/10","Source":"Internet Movie Database"},{"Value":"88%","Source":"Rotten Tomatoes"},{"Value":"92\/100","Source":"Metacritic"}],"Runtime":"120 min","Language":"English, Vietnamese","Rated":"R","Production":"Hemdale Film Corporation [us]","Released":"06 Feb 1987","imdbID":"tt0091763","Plot":"Chris Taylor is a young, naive American who gives up college and volunteers for combat in Vietnam. Upon arrival, he quickly discovers that his presence is quite nonessential, and is considered insignificant to the other soldiers, as he has not fought for as long as the rest of them and felt the effects of combat. Chris has two non-commissioned officers, the ill-tempered and indestructible Staff Sergeant Robert Barnes and the more pleasant and cooperative Sergeant Elias Grodin. A line is drawn between the two NCOs and a number of men in the platoon when an illegal killing occurs during a village raid. As the war continues, Chris himself draws towards psychological meltdown. And as he struggles for survival, he soon realizes he is fighting two battles, the conflict with the enemy and the conflict between the men within his platoon.","Director":"Oliver Stone","Title":"Platoon","Actors":"Keith David, Forest Whitaker, Francesco Quinn, Kevin Dillon","Response":"True","Type":"movie","Awards":"Won 4 Oscars. Another 20 wins & 15 nominations.","DVD":"N\/A","Year":"1986","Poster":"https:\/\/m.media-amazon.com\/images\/M\/MV5BMzRjZjdlMjQtODVkYS00N2YzLWJlYWYtMGVlN2E5MWEwMWQzXkEyXkFqcGdeQXVyMTQxNzMzNDI@._V1_SX300.jpg","Country":"USA, UK","Genre":"Drama, War","Writer":"Oliver Stone"}
