{"Metascore":"45","BoxOffice":"N\/A","Website":"N\/A","imdbRating":"7.8","imdbVotes":"367,675","Ratings":[{"Value":"7.8\/10","Source":"Internet Movie Database"},{"Value":"81%","Source":"Rotten Tomatoes"},{"Value":"45\/100","Source":"Metacritic"}],"Runtime":"107 min","Language":"English, Spanish, Russian","Rated":"R","Production":"20th Century Fox, American Entertainment","Released":"12 Jun 1987","imdbID":"tt0093773","Plot":"A team of special force ops, led by a tough but fair soldier, Major \"Dutch\" Schaefer, are ordered to assist CIA man, Colonel Al Dillon, on a rescue mission for potential survivors of a Helicopter downed over remote South American jungle. Not long after they land, Dutch and his team discover that they have been sent in under false pretenses. This deception turns out to be the least of their worries though, when they find themselves being methodically hunted by something not of this world.","Director":"John McTiernan","Title":"Predator","Actors":"Arnold Schwarzenegger, Carl Weathers, Elpidia Carrillo, Bill Duke","Response":"True","Type":"movie","Awards":"Nominated for 1 Oscar. Another 3 wins & 5 nominations.","DVD":"N\/A","Year":"1987","Poster":"https:\/\/m.media-amazon.com\/images\/M\/MV5BY2QwYmFmZTEtNzY2Mi00ZWMyLWEwY2YtMGIyNGZjMWExOWEyXkEyXkFqcGdeQXVyNjUwNzk3NDc@._V1_SX300.jpg","Country":"USA, Mexico","Genre":"Action, Adventure, Sci-Fi, Thriller","Writer":"Jim Thomas, John Thomas"}
