{"Metascore":"79","BoxOffice":"N\/A","Website":"N\/A","imdbRating":"7.8","imdbVotes":"50,971","Ratings":[{"Value":"7.8\/10","Source":"Internet Movie Database"},{"Value":"91%","Source":"Rotten Tomatoes"},{"Value":"79\/100","Source":"Metacritic"}],"Runtime":"119 min","Language":"English, Welsh","Rated":"R","Production":"BFI Production, Pathé, Proud Films, BBC Films","Released":"12 Sep 2014","imdbID":"tt3169706","Plot":"In 1984 20 year old closet gay Joe hesitantly arrives in London from Bromley for his first Gay Pride march and is taken under the collective wing of a group of gay men and Lesbian Steph, who meet at flamboyant Jonathan and his Welsh partner Gethin's Soho bookshop. Not only are gays being threatened by Thatcher but the miners are on strike in response to her pit closures and Northern Irish activist Mark Ashton believes gays and miners should show solidarity. Almost by accident a mini-bus full of gays find themselves in the Welsh village of Onllwyn in the Dulais valley and through their sincere fund raising and Jonathan's nifty disco moves persuade most of the community that they are on the same side. When a bigot tries to sabotage the partnership with a tabloid smear Mark turns it back on her with a hugely successful benefit concert to which most of the villagers, now thoroughly in tune with their gay friends, turn up. The miners are defeated and return to work but at the Pride march the following year a vast contingent of miners show up to repay their comrades with their show of support.","Director":"Matthew Warchus","Title":"Pride","Actors":"Ben Schnetzer, Abram Rooney, Jim McManus, George MacKay","Response":"True","Type":"movie","Awards":"Nominated for 1 Golden Globe. Another 10 wins & 19 nominations.","DVD":"N\/A","Year":"2014","Poster":"https:\/\/m.media-amazon.com\/images\/M\/MV5BMTU2OTcyOTE3MF5BMl5BanBnXkFtZTgwNTg5Mjc1MjE@._V1_SX300.jpg","Country":"UK, France, USA","Genre":"Biography, Comedy, Drama, History, Romance","Writer":"Stephen Beresford (screenplay by)"}
