{"Metascore":"82","BoxOffice":"N\/A","Website":"N\/A","imdbRating":"7.8","imdbVotes":"251,800","Ratings":[{"Value":"7.8\/10","Source":"Internet Movie Database"},{"Value":"86%","Source":"Rotten Tomatoes"},{"Value":"82\/100","Source":"Metacritic"}],"Runtime":"129 min","Language":"English","Rated":"PG","Production":"Universal Pictures, Working Title Films","Released":"23 Nov 2005","imdbID":"tt0414387","Plot":"The protagonist Elizabeth Bennett is a witty, sarcastic, somewhat stubborn young lady who really has an opinion about quite a lot including why she would not marry simply because of it is expected of her. Mr. Guy Darcy is a shy, rich, man who defiantly believes there is such a thing as superior birth.","Director":"Joe Wright","Title":"Pride & Prejudice","Actors":"Keira Knightley, Talulah Riley, Rosamund Pike, Jena Malone","Response":"True","Type":"movie","Awards":"Nominated for 4 Oscars. Another 13 wins & 55 nominations.","DVD":"N\/A","Year":"2005","Poster":"https:\/\/m.media-amazon.com\/images\/M\/MV5BMTA1NDQ3NTcyOTNeQTJeQWpwZ15BbWU3MDA0MzA4MzE@._V1_SX300.jpg","Country":"France, UK, USA","Genre":"Drama, Romance","Writer":"Deborah Moggach (screenplay by), Jane Austen (based on the novel by)"}
