{"Metascore":"47","BoxOffice":"N\/A","Website":"N\/A","imdbRating":"7.7","imdbVotes":"185,412","Ratings":[{"Value":"7.7\/10","Source":"Internet Movie Database"},{"Value":"76%","Source":"Rotten Tomatoes"},{"Value":"47\/100","Source":"Metacritic"}],"Runtime":"129 min","Language":"English, Spanish","Rated":"R","Production":"Paramount Pictures","Released":"03 Apr 1996","imdbID":"tt0117381","Plot":"Courtroom thriller about a slick, hotshot lawyer who takes the seemingly unwinnable case of a young altar boy accused of murdering an eminent catholic priest.","Director":"Gregory Hoblit","Title":"Primal Fear","Actors":"Richard Gere, Laura Linney, John Mahoney, Alfre Woodard","Response":"True","Type":"movie","Awards":"Nominated for 1 Oscar. Another 10 wins & 11 nominations.","DVD":"N\/A","Year":"1996","Poster":"https:\/\/m.media-amazon.com\/images\/M\/MV5BZTM2NWI2OGYtYWNhMi00ZTlmLTg2ZTAtMmI5NWRjODA5YTE1XkEyXkFqcGdeQXVyODE2OTYwNTg@._V1_SX300.jpg","Country":"USA","Genre":"Crime, Drama, Mystery, Thriller","Writer":"William Diehl (novel), Steve Shagan (screenplay), Ann Biderman (screenplay)"}
