{"Metascore":"70","BoxOffice":"N\/A","Website":"N\/A","imdbRating":"8.1","imdbVotes":"589,533","Ratings":[{"Value":"8.1\/10","Source":"Internet Movie Database"},{"Value":"81%","Source":"Rotten Tomatoes"},{"Value":"70\/100","Source":"Metacritic"}],"Runtime":"153 min","Language":"English","Rated":"R","Production":"8:38 Productions, Madhouse Entertainment","Released":"20 Sep 2013","imdbID":"tt1392214","Plot":"How far would you go to protect your family? Keller Dover is facing every parent's worst nightmare. His six-year-old daughter, Anna, is missing, together with her young friend, Joy, and as minutes turn to hours, panic sets in. The only lead is a dilapidated RV that had earlier been parked on their street. Heading the investigation, Detective Loki arrests its driver, Alex Jones, but a lack of evidence forces his release. As the police pursue multiple leads and pressure mounts, knowing his child's life is at stake the frantic Dover decides he has no choice but to take matters into his own hands. But just how far will this desperate father go to protect his family?","Director":"Denis Villeneuve","Title":"Prisoners","Actors":"Hugh Jackman, Jake Gyllenhaal, Viola Davis, Maria Bello","Response":"True","Type":"movie","Awards":"Nominated for 1 Oscar. Another 10 wins & 37 nominations.","DVD":"N\/A","Year":"2013","Poster":"https:\/\/m.media-amazon.com\/images\/M\/MV5BMTg0NTIzMjQ1NV5BMl5BanBnXkFtZTcwNDc3MzM5OQ@@._V1_SX300.jpg","Country":"USA","Genre":"Crime, Drama, Mystery, Thriller","Writer":"Aaron Guzikowski"}
