{"Metascore":"97","BoxOffice":"N\/A","Website":"N\/A","imdbRating":"8.5","imdbVotes":"593,052","Ratings":[{"Value":"8.5\/10","Source":"Internet Movie Database"},{"Value":"96%","Source":"Rotten Tomatoes"},{"Value":"97\/100","Source":"Metacritic"}],"Runtime":"109 min","Language":"English","Rated":"R","Production":"Paramount","Released":"08 Sep 1960","imdbID":"tt0054215","Plot":"Phoenix officeworker Marion Crane is fed up with the way life has treated her. She has to meet her lover Sam in lunch breaks and they cannot get married because Sam has to give most of his money away in alimony. One Friday Marion is trusted to bank $40,000 by her employer. Seeing the opportunity to take the money and start a new life, Marion leaves town and heads towards Sam's California store. Tired after the long drive and caught in a storm, she gets off the main highway and pulls into The Bates Motel. The motel is managed by a quiet young man called Norman who seems to be dominated by his mother.","Director":"Alfred Hitchcock","Title":"Psycho","Actors":"Anthony Perkins, Vera Miles, John Gavin, Janet Leigh","Response":"True","Type":"movie","Awards":"Nominated for 4 Oscars. Another 5 wins & 10 nominations.","DVD":"N\/A","Year":"1960","Poster":"https:\/\/m.media-amazon.com\/images\/M\/MV5BNTQwNDM1YzItNDAxZC00NWY2LTk0M2UtNDIwNWI5OGUyNWUxXkEyXkFqcGdeQXVyNzkwMjQ5NzM@._V1_SX300.jpg","Country":"USA","Genre":"Horror, Mystery, Thriller","Writer":"Joseph Stefano (screenplay by), Robert Bloch (based on the novel by)"}
