{"Metascore":"94","BoxOffice":"N\/A","Website":"N\/A","imdbRating":"8.9","imdbVotes":"1,798,120","Ratings":[{"Value":"8.9\/10","Source":"Internet Movie Database"},{"Value":"92%","Source":"Rotten Tomatoes"},{"Value":"94\/100","Source":"Metacritic"}],"Runtime":"154 min","Language":"English, Spanish, French","Rated":"R","Production":"Miramax Films, A Band Apart, Jersey Films","Released":"14 Oct 1994","imdbID":"tt0110912","Plot":"Jules Winnfield (Samuel L. Jackson) and Vincent Vega (John Travolta) are two hit men who are out to retrieve a suitcase stolen from their employer, mob boss Marsellus Wallace (Ving Rhames). Wallace has also asked Vincent to take his wife Mia (Uma Thurman) out a few days later when Wallace himself will be out of town. Butch Coolidge (Bruce Willis) is an aging boxer who is paid by Wallace to lose his fight. The lives of these seemingly unrelated people are woven together comprising of a series of funny, bizarre and uncalled-for incidents.","Director":"Quentin Tarantino","Title":"Pulp Fiction","Actors":"Tim Roth, Amanda Plummer, Laura Lovelace, John Travolta","Response":"True","Type":"movie","Awards":"Won 1 Oscar. Another 69 wins & 75 nominations.","DVD":"N\/A","Year":"1994","Poster":"https:\/\/m.media-amazon.com\/images\/M\/MV5BNGNhMDIzZTUtNTBlZi00MTRlLWFjM2ItYzViMjE3YzI5MjljXkEyXkFqcGdeQXVyNzkwMjQ5NzM@._V1_SX300.jpg","Country":"USA","Genre":"Crime, Drama","Writer":"Quentin Tarantino (stories), Roger Avary (stories), Quentin Tarantino"}
