{"Metascore":"N\/A","BoxOffice":"N\/A","Website":"https:\/\/www.facebook.com\/queenmovie","imdbRating":"8.2","imdbVotes":"60,000","Ratings":[{"Value":"8.2\/10","Source":"Internet Movie Database"},{"Value":"86%","Source":"Rotten Tomatoes"}],"Runtime":"146 min","Language":"Hindi, English, French, Japanese, Dutch","Rated":"Not Rated","Production":"Viva Entertainment","Released":"07 Mar 2014","imdbID":"tt3322420","Plot":"Queen is a movie about growing up. Rani (Kangana Ranaut) is a Delhi girl from a conservative family who is ditched by her fiancé just before her wedding. Shocked by this, she decides to set out on the planned honeymoon alone. As she travels the world and meets new people, she gains new experiences and discovers her own identity.","Director":"Vikas Bahl","Title":"Queen","Actors":"Kangana Ranaut, Rajkummar Rao, Lisa Haydon, Jeffrey Ho","Response":"True","Type":"movie","Awards":"22 wins & 18 nominations.","DVD":"N\/A","Year":"2013","Poster":"https:\/\/m.media-amazon.com\/images\/M\/MV5BNWYyOWRlOWItZWM5MS00ZjJkLWI0MTUtYTE3NTI5MDAwYjgyXkEyXkFqcGdeQXVyODE5NzE3OTE@._V1_SX300.jpg","Country":"India","Genre":"Adventure, Comedy, Drama","Writer":"Vikas Bahl (story and screenplay), Chaitally Parmar (story and screenplay), Parveez Sheikh (story and screenplay), Anvita Dutt (dialogue), Kangana Ranaut (dialogue)"}
