{"Metascore":"89","BoxOffice":"N\/A","Website":"N\/A","imdbRating":"8.2","imdbVotes":"317,865","Ratings":[{"Value":"8.2\/10","Source":"Internet Movie Database"},{"Value":"93%","Source":"Rotten Tomatoes"},{"Value":"89\/100","Source":"Metacritic"}],"Runtime":"129 min","Language":"English","Rated":"R","Production":"United Artists, Chartoff-Winkler Productions","Released":"19 Dec 1980","imdbID":"tt0081398","Plot":"When Jake LaMotta steps into a boxing ring and obliterates his opponent, he's a prizefighter. But when he treats his family and friends the same way, he's a ticking time bomb, ready to go off at any moment. Though LaMotta wants his family's love, something always seems to come between them. Perhaps it's his violent bouts of paranoia and jealousy. This kind of rage helped make him a champ, but in real life, he winds up in the ring alone.","Director":"Martin Scorsese","Title":"Raging Bull","Actors":"Robert De Niro, Cathy Moriarty, Joe Pesci, Frank Vincent","Response":"True","Type":"movie","Awards":"Won 2 Oscars. Another 22 wins & 28 nominations.","DVD":"N\/A","Year":"1980","Poster":"https:\/\/m.media-amazon.com\/images\/M\/MV5BYjRmODkzNDItMTNhNi00YjJlLTg0ZjAtODlhZTM0YzgzYThlXkEyXkFqcGdeQXVyNzQ1ODk3MTQ@._V1_SX300.jpg","Country":"USA","Genre":"Biography, Drama, Sport","Writer":"Jake LaMotta (based on the book by), Joseph Carter (with), Peter Savage (with), Paul Schrader (screenplay), Mardik Martin (screenplay)"}
