{"Metascore":"65","BoxOffice":"N\/A","Website":"N\/A","imdbRating":"8.0","imdbVotes":"467,961","Ratings":[{"Value":"8.0\/10","Source":"Internet Movie Database"},{"Value":"89%","Source":"Rotten Tomatoes"},{"Value":"65\/100","Source":"Metacritic"}],"Runtime":"133 min","Language":"English, Italian","Rated":"R","Production":"Guber-Peters Company","Released":"16 Dec 1988","imdbID":"tt0095953","Plot":"Charles Sanford \"Charlie\" Babbit is a self-centered Los Angeles-based automobile dealer\/hustler\/bookie who is at war with his own life. Charlie, as a young teenager, used his father's 1949 Buick convertible without permission and as a result, he went to jail for two days on account that his father reported it stolen. It is then that Charlie learns that his estranged father died and left him from his last will and testament a huge bed of roses and the car while the remainder will of $3 Million goes into a trust fund to be distributed to someone. Charlie seemed pretty angry by this and decides to look into this matter. It seems as if that \"someone\" is Raymond, Charlie's unknown brother, an autistic savant who lives in a world of his own, resides at the Walbrook Institute. Charlie then kidnaps Raymond and decides to take him on a lust for life trip to the west coast as a threat to get the $3 Million inheritance. Raymond's acts and nagging, including repeated talks of \"Abbott & Costello\", \"Four minutes till Wapner\" and refusal to fly on an airline except Quantas drives Charlie insane... and out of his selfish world into a cross-country trek of pure love and understanding that these two both have.","Director":"Barry Levinson","Title":"Rain Man","Actors":"Dustin Hoffman, Tom Cruise, Valeria Golino, Gerald R. Molen","Response":"True","Type":"movie","Awards":"Won 4 Oscars. Another 22 wins & 23 nominations.","DVD":"N\/A","Year":"1988","Poster":"https:\/\/m.media-amazon.com\/images\/M\/MV5BMzVjNzI4NzYtMjE4NS00M2IzLWFkOWMtOTYwMWUzN2ZlNGVjL2ltYWdlL2ltYWdlXkEyXkFqcGdeQXVyMTQxNzMzNDI@._V1_SX300.jpg","Country":"USA","Genre":"Drama","Writer":"Barry Morrow (story), Ronald Bass (screenplay), Barry Morrow (screenplay)"}
