{"Metascore":"96","BoxOffice":"N\/A","Website":"N\/A","imdbRating":"8.0","imdbVotes":"630,785","Ratings":[{"Value":"8.0\/10","Source":"Internet Movie Database"},{"Value":"96%","Source":"Rotten Tomatoes"},{"Value":"96\/100","Source":"Metacritic"}],"Runtime":"111 min","Language":"English, French","Rated":"G","Production":"Pixar Animation Studios","Released":"29 Jun 2007","imdbID":"tt0382932","Plot":"A rat named Remy dreams of becoming a great French chef despite his family's wishes and the obvious problem of being a rat in a decidedly rodent-phobic profession. When fate places Remy in the sewers of Paris, he finds himself ideally situated beneath a restaurant made famous by his culinary hero, Auguste Gusteau. Despite the apparent dangers of being an unlikely - and certainly unwanted - visitor in the kitchen of a fine French restaurant, Remy's passion for cooking soon sets into motion a hilarious and exciting rat race that turns the culinary world of Paris upside down.","Director":"Brad Bird, Jan Pinkava(co-director)","Title":"Ratatouille","Actors":"Patton Oswalt, Ian Holm, Lou Romano, Brian Dennehy","Response":"True","Type":"movie","Awards":"Won 1 Oscar. Another 66 wins & 42 nominations.","DVD":"N\/A","Year":"2007","Poster":"https:\/\/m.media-amazon.com\/images\/M\/MV5BMTMzODU0NTkxMF5BMl5BanBnXkFtZTcwMjQ4MzMzMw@@._V1_SX300.jpg","Country":"USA","Genre":"Animation, Adventure, Comedy, Family, Fantasy","Writer":"Brad Bird (screenwriter), Jan Pinkava (original story by), Jim Capobianco (original story by), Brad Bird (original story by), Emily Cook (additional story material)"}
