{"Metascore":"73","BoxOffice":"N\/A","Website":"N\/A","imdbRating":"7.7","imdbVotes":"136,797","Ratings":[{"Value":"7.7\/10","Source":"Internet Movie Database"},{"Value":"80%","Source":"Rotten Tomatoes"},{"Value":"73\/100","Source":"Metacritic"}],"Runtime":"152 min","Language":"English","Rated":"PG-13","Production":"Crusader Entertainment LLC, Unchain My Heart Louisiana","Released":"29 Oct 2004","imdbID":"tt0350258","Plot":"The story of Ray Charles, music legend. Told in his adult live with flashbacks to his youth we see his humble origins in Florida, his turbulent childhood which included losing his brother and then his sight, his rise as pianist in a touring band, his writing his own songs and running his own band and then stardom. Also includes his addiction to drugs and its affect on his working life and family life.","Director":"Taylor Hackford","Title":"Ray","Actors":"Jamie Foxx, Kerry Washington, Regina King, Clifton Powell","Response":"True","Type":"movie","Awards":"Won 2 Oscars. Another 52 wins & 54 nominations.","DVD":"N\/A","Year":"2004","Poster":"https:\/\/m.media-amazon.com\/images\/M\/MV5BMTQxNDQwNjQzOV5BMl5BanBnXkFtZTcwNTQxNDYyMQ@@._V1_SX300.jpg","Country":"USA","Genre":"Biography, Drama, Music","Writer":"Taylor Hackford (story), James L. White (story), James L. White (screenplay)"}
