{"Metascore":"48","BoxOffice":"N\/A","Website":"N\/A","imdbRating":"7.8","imdbVotes":"195,837","Ratings":[{"Value":"7.8\/10","Source":"Internet Movie Database"},{"Value":"73%","Source":"Rotten Tomatoes"},{"Value":"48\/100","Source":"Metacritic"}],"Runtime":"113 min","Language":"English","Rated":"PG","Production":"Run It Up Productions Inc., Walt Disney Pictures, Technical Black, Jerry Bruckheimer Films","Released":"29 Sep 2000","imdbID":"tt0210945","Plot":"Suburban Virginia schools have been segregated for generations. One Black and one White high school are closed and the students sent to T.C. Williams High School under federal mandate to integrate. The year is seen through the eyes of the football team where the man hired to coach the Black school is made head coach over the highly successful white coach. Based on the actual events of 1971, the team becomes the unifying symbol for the community as the boys and the adults learn to depend on and trust each other.","Director":"Boaz Yakin","Title":"Remember the Titans","Actors":"Denzel Washington, Will Patton, Wood Harris, Ryan Hurst","Response":"True","Type":"movie","Awards":"8 wins & 18 nominations.","DVD":"N\/A","Year":"2000","Poster":"https:\/\/m.media-amazon.com\/images\/M\/MV5BYThkMzgxNjEtMzFiOC00MTI0LWI5MDItNDVmYjA4NzY5MDQ2L2ltYWdlL2ltYWdlXkEyXkFqcGdeQXVyMTQxNzMzNDI@._V1_SX300.jpg","Country":"USA","Genre":"Biography, Drama, Sport","Writer":"Gregory Allen Howard"}
