{"Metascore":"91","BoxOffice":"N\/A","Website":"N\/A","imdbRating":"7.7","imdbVotes":"47,941","Ratings":[{"Value":"7.7\/10","Source":"Internet Movie Database"},{"Value":"95%","Source":"Rotten Tomatoes"},{"Value":"91\/100","Source":"Metacritic"}],"Runtime":"105 min","Language":"English","Rated":"Not Rated","Production":"Compton Films, Tekli","Released":"03 Oct 1965","imdbID":"tt0059646","Plot":"In London, Belgian immigrant Carol Ledoux shares an apartment with her older sister Helen, and works as a manicurist at a beauty salon. Helen uses the word \"sensitive\" to describe Carol's overall demeanor, which is almost like she walks around in a daze, rarely speaking up about anything. When she does speak up, it generally is about something against one of those few issues on which she obsesses, such as Helen's boyfriend Michael's invasion of her space at the apartment. That specific issue may be more about men in general than just Michael's actions, as witnessed by Carol being agitated by hearing Helen and Michael's lovemaking, and she not being able to rebuff the advances effectively of a male suitor, Colin, who is infatuated with her. One of those other obsessive issues is noticing cracks and always wanting to fix them. While Helen and Michael leave on a vacation to Pisa, Italy, Carol chooses largely to lock herself in the apartment, ditching work. There, she is almost hypnotized by her solitude, which leads to her mental state deteriorating as those obsessions come to the fore. She quickly descends into madness, which ultimately also affects those that are trying to get in touch with her.","Director":"Roman Polanski","Title":"Repulsion","Actors":"Catherine Deneuve, Ian Hendry, John Fraser, Yvonne Furneaux","Response":"True","Type":"movie","Awards":"Nominated for 1 BAFTA Film Award. Another 2 wins & 3 nominations.","DVD":"N\/A","Year":"1965","Poster":"https:\/\/m.media-amazon.com\/images\/M\/MV5BZTU5ZThjNzAtNjc4NC00OTViLWIxYTYtODFmMTk5Y2NjZjZiL2ltYWdlL2ltYWdlXkEyXkFqcGdeQXVyNjc1NTYyMjg@._V1_SX300.jpg","Country":"UK","Genre":"Drama, Horror, Thriller","Writer":"Roman Polanski (original screenplay), Gérard Brach (original screenplay), David Stone (adaptation)"}
