{"Metascore":"68","BoxOffice":"N\/A","Website":"N\/A","imdbRating":"8.3","imdbVotes":"755,242","Ratings":[{"Value":"8.3\/10","Source":"Internet Movie Database"},{"Value":"79%","Source":"Rotten Tomatoes"},{"Value":"68\/100","Source":"Metacritic"}],"Runtime":"102 min","Language":"English","Rated":"R","Production":"Thousand Words, Industry Entertainment, Truth and Soul Pictures, Bandeira Entertainment, Requiem for a Dream LLC, Artisan Entertainment, Protozoa Pictures, Sibling Productions","Released":"15 Dec 2000","imdbID":"tt0180093","Plot":"Sara Goldfarb (Ellen Burstyn) is a retired widow, living in a small apartment. She spends most of her time watching TV, especially a particular self-help show. She has delusions of rising above her current dull existence by being a guest on that show. Her son, Harry (Jared Leto) is a junkie but along with his friend Tyrone (Marlon Wayans) has visions of making it big by becoming a drug dealer. Harry's girlfriend Marion (Jennifer Connelly) could be fashion designer or artist but is swept along in Harry's drug-centric world. Meanwhile Sara has developed an addiction of her own. She desperately wants to lose weight and so goes on a crash course involving popping pills, pills which turn out to be very addictive and harmful to her mental state.","Director":"Darren Aronofsky","Title":"Requiem for a Dream","Actors":"Ellen Burstyn, Jared Leto, Jennifer Connelly, Marlon Wayans","Response":"True","Type":"movie","Awards":"Nominated for 1 Oscar. Another 35 wins & 69 nominations.","DVD":"N\/A","Year":"2000","Poster":"https:\/\/m.media-amazon.com\/images\/M\/MV5BOTdiNzJlOWUtNWMwNS00NmFlLWI0YTEtZmI3YjIzZWUyY2Y3XkEyXkFqcGdeQXVyNjU0OTQ0OTY@._V1_SX300.jpg","Country":"USA","Genre":"Drama","Writer":"Hubert Selby Jr. (based on the book by), Hubert Selby Jr. (screenplay), Darren Aronofsky (screenplay)"}
