{"Metascore":"79","BoxOffice":"N\/A","Website":"N\/A","imdbRating":"8.3","imdbVotes":"905,393","Ratings":[{"Value":"8.3\/10","Source":"Internet Movie Database"},{"Value":"92%","Source":"Rotten Tomatoes"},{"Value":"79\/100","Source":"Metacritic"}],"Runtime":"99 min","Language":"English","Rated":"R","Production":"Live Entertainment, Dog Eat Dog Productions","Released":"02 Sep 1992","imdbID":"tt0105236","Plot":"Six criminals, who are strangers to each other, are hired by a crime boss, Joe Cabot, to carry out a diamond robbery. Right at the outset, they are given false names with the intention that they won't get too close and will concentrate on the job instead. They are completely sure that the robbery is going to be a success. But, when the police show up right at the time and the site of the robbery, panic spreads amongst the group members, and two of them are killed in the subsequent shootout, along with a few policemen and civilians. When the remaining people assemble at the premeditated rendezvous point (a warehouse), they begin to suspect that one of them is an undercover cop.","Director":"Quentin Tarantino","Title":"Reservoir Dogs","Actors":"Harvey Keitel, Tim Roth, Michael Madsen, Chris Penn","Response":"True","Type":"movie","Awards":"12 wins & 23 nominations.","DVD":"N\/A","Year":"1992","Poster":"https:\/\/m.media-amazon.com\/images\/M\/MV5BZmExNmEwYWItYmQzOS00YjA5LTk2MjktZjEyZDE1Y2QxNjA1XkEyXkFqcGdeQXVyMTQxNzMzNDI@._V1_SX300.jpg","Country":"USA","Genre":"Crime, Drama, Thriller","Writer":"Quentin Tarantino, Quentin Tarantino (background radio dialogue written by), Roger Avary (background radio dialogue written by)"}
