{"Metascore":"72","BoxOffice":"N\/A","Website":"N\/A","imdbRating":"7.7","imdbVotes":"244,155","Ratings":[{"Value":"7.7\/10","Source":"Internet Movie Database"},{"Value":"81%","Source":"Rotten Tomatoes"},{"Value":"72\/100","Source":"Metacritic"}],"Runtime":"117 min","Language":"English","Rated":"R","Production":"Zanuck Company","Released":"12 Jul 2002","imdbID":"tt0257044","Plot":"1931. Mike Sullivan and Connor Rooney are two henchmen of elderly Chicago-based Irish-American mobster John Rooney, Connor's father. In many respects, John treats Mike more as his son, who he raised as his own after Mike was orphaned, than the volatile Connor, who nonetheless sees himself as the heir apparent to the family business. One evening, Mike's eldest son, twelve year old Michael Sullivan Jr., who has no idea what his father does for a living, witnesses Connor and his father gun down an associate and his men, the situation gone wrong initiated from an action by Connor. Caught witnessing the incident, Michael is sworn to secrecy about what he saw. Regardless, Connor, not wanting any loose ends, makes an attempt to kill Mike, his wife and their two sons. Mike and the surviving members of his family know that they need to go on the run as Connor, who has gone into hiding, will be protected through mob loyalty, especially by John, who cannot turn on his own flesh and blood. Still, Mike has to figure out a way for retribution for what Connor did, while still protecting him and his family, not only from Connor, but from John and his fellow associates. Through it all, Mike wants those in his family that had no say in what he chose as a living, to have some redemption for their eternal souls.","Director":"Sam Mendes","Title":"Road to Perdition","Actors":"Tyler Hoechlin, Rob Maxey, Liam Aiken, Jennifer Jason Leigh","Response":"True","Type":"movie","Awards":"Won 1 Oscar. Another 22 wins & 82 nominations.","DVD":"N\/A","Year":"2002","Poster":"https:\/\/m.media-amazon.com\/images\/M\/MV5BNjcxMmQ0MmItYTkzYy00MmUyLTlhOTQtMmJmNjE3MDMwYjdlXkEyXkFqcGdeQXVyNzkwMjQ5NzM@._V1_SX300.jpg","Country":"USA","Genre":"Crime, Drama, Thriller","Writer":"Max Allan Collins (graphic novel), Richard Piers Rayner (graphic novel), David Self (screenplay)"}
