{"Metascore":"57","BoxOffice":"N\/A","Website":"N\/A","imdbRating":"7.6","imdbVotes":"114,200","Ratings":[{"Value":"7.6\/10","Source":"Internet Movie Database"},{"Value":"54%","Source":"Rotten Tomatoes"},{"Value":"57\/100","Source":"Metacritic"}],"Runtime":"83 min","Language":"English, Portuguese","Rated":"G","Production":"Walt Disney Pictures","Released":"08 Nov 1973","imdbID":"tt0070608","Plot":"An imaginative Disney version of the Robin Hood legend. Fun and romance abound as the swashbuckling hero of Sherwood Forest and his valiant sidekick plot one daring adventure after another to outwit the greedy prince and his partner as they put the tax squeeze on the poor.","Director":"Wolfgang Reitherman, David Hand","Title":"Robin Hood","Actors":"Roger Miller, Peter Ustinov, Terry-Thomas, Brian Bedford","Response":"True","Type":"movie","Awards":"Nominated for 1 Oscar. Another 1 win & 1 nomination.","DVD":"N\/A","Year":"1973","Poster":"https:\/\/m.media-amazon.com\/images\/M\/MV5BYjUwMzhkM2ItMTU2OC00OTQ5LWJlMDUtMzRmYjc0NDUyNGVhL2ltYWdlL2ltYWdlXkEyXkFqcGdeQXVyMTQxNzMzNDI@._V1_SX300.jpg","Country":"USA","Genre":"Animation, Adventure, Comedy, Family, Romance","Writer":"Larry Clemmons (story), Ken Anderson (based on: character and story conceptions by), Ken Anderson (story sequences), Vance Gerry (story sequences), Frank Thomas (story sequences), Eric Cleworth (story sequences), Julius Svendsen (story sequences), David Michener (story sequences)"}
