{"Metascore":"70","BoxOffice":"N\/A","Website":"N\/A","imdbRating":"8.1","imdbVotes":"510,804","Ratings":[{"Value":"8.1\/10","Source":"Internet Movie Database"},{"Value":"94%","Source":"Rotten Tomatoes"},{"Value":"70\/100","Source":"Metacritic"}],"Runtime":"120 min","Language":"English","Rated":"PG","Production":"United Artists","Released":"03 Dec 1976","imdbID":"tt0075148","Plot":"Rocky Balboa is a struggling boxer trying to make the big time, working as a debt collector for a pittance. When heavyweight champion Apollo Creed visits Philadelphia, his managers want to set up an exhibition match between Creed and a struggling boxer, touting the fight as a chance for a \"nobody\" to become a \"somebody\". The match is supposed to be easily won by Creed, but someone forgot to tell Rocky, who sees this as his only shot at the big time.","Director":"John G. Avildsen","Title":"Rocky","Actors":"Sylvester Stallone, Talia Shire, Burt Young, Carl Weathers","Response":"True","Type":"movie","Awards":"Won 3 Oscars. Another 17 wins & 21 nominations.","DVD":"N\/A","Year":"1976","Poster":"https:\/\/m.media-amazon.com\/images\/M\/MV5BMTY5MDMzODUyOF5BMl5BanBnXkFtZTcwMTQ3NTMyNA@@._V1_SX300.jpg","Country":"USA","Genre":"Drama, Sport","Writer":"Sylvester Stallone"}
