{"Metascore":"65","BoxOffice":"N\/A","Website":"N\/A","imdbRating":"7.8","imdbVotes":"542,848","Ratings":[{"Value":"7.8\/10","Source":"Internet Movie Database"},{"Value":"84%","Source":"Rotten Tomatoes"},{"Value":"65\/100","Source":"Metacritic"}],"Runtime":"133 min","Language":"English","Rated":"PG-13","Production":"Lucasfilm Ltd.","Released":"16 Dec 2016","imdbID":"tt3748528","Plot":"All looks lost for the Rebellion against the Empire as they learn of the existence of a new super weapon, the Death Star. Once a possible weakness in its construction is uncovered, the Rebel Alliance must set out on a desperate mission to steal the plans for the Death Star. The future of the entire galaxy now rests upon its success.","Director":"Gareth Edwards","Title":"Rogue One: A Star Wars Story","Actors":"Felicity Jones, Diego Luna, Alan Tudyk, Donnie Yen","Response":"True","Type":"movie","Awards":"Nominated for 2 Oscars. Another 24 wins & 80 nominations.","DVD":"N\/A","Year":"2016","Poster":"https:\/\/m.media-amazon.com\/images\/M\/MV5BMjEwMzMxODIzOV5BMl5BanBnXkFtZTgwNzg3OTAzMDI@._V1_SX300.jpg","Country":"USA","Genre":"Action, Adventure, Sci-Fi","Writer":"Chris Weitz (screenplay by), Tony Gilroy (screenplay by), John Knoll (story by), Gary Whitta (story by), George Lucas (based on characters created by)"}
