{"Metascore":"96","BoxOffice":"N\/A","Website":"N\/A","imdbRating":"7.7","imdbVotes":"136,865","Ratings":[{"Value":"7.7\/10","Source":"Internet Movie Database"},{"Value":"96\/100","Source":"Metacritic"}],"Runtime":"135 min","Language":"Spanish, Mixtec, English, Japanese, German, French, Norwegian","Rated":"R","Production":"N\/A","Released":"21 Nov 2018","imdbID":"tt6155172","Plot":"A year in the life of a middle-class family's maid in Mexico City in the early 1970s.","Director":"Alfonso Cuarón","Title":"Roma","Actors":"Yalitza Aparicio, Marina de Tavira, Diego Cortina Autrey, Carlos Peralta","Response":"True","Type":"movie","Awards":"Won 3 Oscars. Another 249 wins & 210 nominations.","DVD":"N\/A","Year":"2018","Poster":"https:\/\/m.media-amazon.com\/images\/M\/MV5BMTU0OTc3ODk4Ml5BMl5BanBnXkFtZTgwMzM4NzI5NjM@._V1_SX300.jpg","Country":"Mexico","Genre":"Drama","Writer":"Alfonso Cuarón"}
