{"Metascore":"86","BoxOffice":"N\/A","Website":"N\/A","imdbRating":"8.1","imdbVotes":"364,144","Ratings":[{"Value":"8.1\/10","Source":"Internet Movie Database"},{"Value":"93%","Source":"Rotten Tomatoes"},{"Value":"86\/100","Source":"Metacritic"}],"Runtime":"118 min","Language":"English","Rated":"R","Production":"Element Pictures, No Trace Camping","Released":"22 Jan 2016","imdbID":"tt3170832","Plot":"ROOM tells the extraordinary story of Jack, a spirited 5-year-old who is looked after by his loving and devoted mother. Like any good mother, Ma dedicates herself to keeping Jack happy and safe, nurturing him with warmth and love and doing typical things like playing games and telling stories. Their life, however, is anything but typical--they are trapped--confined to a 10-by-10-foot space that Ma has euphemistically named Room. Ma has created a whole universe for Jack within Room, and she will stop at nothing to ensure that, even in this treacherous environment, Jack is able to live a complete and fulfilling life. But as Jack's curiosity about their situation grows, and Ma's resilience reaches its breaking point, they enact a risky plan to escape, ultimately bringing them face-to-face with what may turn out to be the scariest thing yet: the real world.","Director":"Lenny Abrahamson","Title":"Room","Actors":"Brie Larson, Jacob Tremblay, Sean Bridgers, Wendy Crewson","Response":"True","Type":"movie","Awards":"Won 1 Oscar. Another 104 wins & 140 nominations.","DVD":"N\/A","Year":"2015","Poster":"https:\/\/m.media-amazon.com\/images\/M\/MV5BMjE4NzgzNzEwMl5BMl5BanBnXkFtZTgwMTMzMDE0NjE@._V1_SX300.jpg","Country":"Canada, Ireland, UK, USA","Genre":"Drama, Thriller","Writer":"Emma Donoghue (screenplay by), Emma Donoghue (based on the novel by)"}
