{"Metascore":"96","BoxOffice":"N\/A","Website":"N\/A","imdbRating":"8.0","imdbVotes":"191,126","Ratings":[{"Value":"8.0\/10","Source":"Internet Movie Database"},{"Value":"96%","Source":"Rotten Tomatoes"},{"Value":"96\/100","Source":"Metacritic"}],"Runtime":"137 min","Language":"English","Rated":"Approved","Production":"Paramount Pictures","Released":"12 Jun 1968","imdbID":"tt0063522","Plot":"Rosemary and Guy Woodhouse move into an apartment in an opulent but gothic building in Manhattan. Their landlord Edward \"Hutch\" Hutchins attempts to dissuade them from doing so: the building has an unsavory history. They discover that their neighbors are a very friendly elderly couple named Roman and Minnie Castevet, and Guy begins to spend a great deal of time with them. Strange things begin to happen: a young woman Rosemary meets in the laundry commits suicide, Rosemary has strange dreams and hears strange noises and Guy becomes remote and distant. Then Rosemary falls pregnant and begins to suspect that her neighbors have special plans for her child.","Director":"Roman Polanski","Title":"Rosemary's Baby","Actors":"Mia Farrow, John Cassavetes, Ruth Gordon, Sidney Blackmer","Response":"True","Type":"movie","Awards":"Won 1 Oscar. Another 10 wins & 12 nominations.","DVD":"N\/A","Year":"1968","Poster":"https:\/\/m.media-amazon.com\/images\/M\/MV5BZmEwZGU2NzctYzlmNi00MGJkLWE3N2MtYjBlN2ZhMGJkZTZiXkEyXkFqcGdeQXVyMTQxNzMzNDI@._V1_SX300.jpg","Country":"USA","Genre":"Drama, Horror","Writer":"Ira Levin (from the novel by), Roman Polanski (written for the screen)"}
