{"Metascore":"77","BoxOffice":"N\/A","Website":"N\/A","imdbRating":"7.6","imdbVotes":"186,880","Ratings":[{"Value":"7.6\/10","Source":"Internet Movie Database"},{"Value":"93%","Source":"Rotten Tomatoes"},{"Value":"77\/100","Source":"Metacritic"}],"Runtime":"80 min","Language":"German, English, Japanese","Rated":"R","Production":"X-Filme Creative Pool, Arte, Westdeutscher Rundfunk","Released":"18 Jun 1999","imdbID":"tt0130827","Plot":"Lola receives a phone call from her boyfriend Manni. He lost 100,000 DM in a subway train that belongs to a very bad guy. Lola has 20 min to raise this amount and meet Manni. Otherwise, he will rob a store to get the money. Three different alternatives may happen depending on some minor event along Lola's run.","Director":"Tom Tykwer","Title":"Run Lola Run","Actors":"Franka Potente, Moritz Bleibtreu, Herbert Knaup, Nina Petri","Response":"True","Type":"movie","Awards":"Nominated for 1 BAFTA Film Award. Another 28 wins & 20 nominations.","DVD":"N\/A","Year":"1998","Poster":"https:\/\/m.media-amazon.com\/images\/M\/MV5BMmU5ZjFmYjQtYmNjZC00Yjk4LWI1ZTQtZDJiMjM0YjQyNDU0L2ltYWdlL2ltYWdlXkEyXkFqcGdeQXVyMTQxNzMzNDI@._V1_SX300.jpg","Country":"Germany","Genre":"Crime, Drama, Thriller","Writer":"Tom Tykwer (screenplay)"}
