{"Metascore":"74","BoxOffice":"N\/A","Website":"N\/A","imdbRating":"8.1","imdbVotes":"426,912","Ratings":[{"Value":"8.1\/10","Source":"Internet Movie Database"},{"Value":"88%","Source":"Rotten Tomatoes"},{"Value":"74\/100","Source":"Metacritic"}],"Runtime":"123 min","Language":"English, German, Italian, French, Spanish","Rated":"R","Production":"Revolution, Imagine Entertainment, Working Title Films","Released":"27 Sep 2013","imdbID":"tt1979320","Plot":"Set against the sexy, glamorous golden age of Formula 1 racing in the 1970s, the film is based on the true story of a great sporting rivalry between handsome English playboy James Hunt (Hemsworth), and his methodical, brilliant opponent, Austrian driver Niki Lauda (Bruhl). The story follows their distinctly different personal styles on and off the track, their loves and the astonishing 1976 season in which both drivers were willing to risk everything to become world champion in a sport with no margin for error: if you make a mistake, you die.","Director":"Ron Howard","Title":"Rush","Actors":"Chris Hemsworth, Daniel Brühl, Olivia Wilde, Alexandra Maria Lara","Response":"True","Type":"movie","Awards":"Nominated for 2 Golden Globes. Another 6 wins & 63 nominations.","DVD":"N\/A","Year":"2013","Poster":"https:\/\/m.media-amazon.com\/images\/M\/MV5BOWEwODJmZDItYTNmZC00OGM4LThlNDktOTQzZjIzMGQxODA4XkEyXkFqcGdeQXVyNjU0OTQ0OTY@._V1_SX300.jpg","Country":"UK, Germany, USA","Genre":"Action, Biography, Drama, Sport","Writer":"Peter Morgan"}
