{"Metascore":"86","BoxOffice":"N\/A","Website":"N\/A","imdbRating":"7.7","imdbVotes":"167,517","Ratings":[{"Value":"7.7\/10","Source":"Internet Movie Database"},{"Value":"89%","Source":"Rotten Tomatoes"},{"Value":"86\/100","Source":"Metacritic"}],"Runtime":"93 min","Language":"English, Spanish, Latin, French","Rated":"R","Production":"Touchstone Pictures, American Empirical Pictures","Released":"19 Feb 1999","imdbID":"tt0128445","Plot":"Max Fischer is a precocious 15-year-old whose reason for living is his attendance at Rushmore, a private school where he's not doing well in any of his classes, but where he's the king of extracurricular activities - from being in the beekeeping society to writing and producing plays, there's very little after school he doesn't do. His life begins to change, however, when he finds out he's on academic probation, and when he stumbles into love with Miss Cross, a pretty teacher of the elementary school at Rushmore. Added to the mix is his friendship with Herman Blume, wealthy industrialist and father to boys who attend the school, and who also finds himself attracted to Miss Cross. Max's fate becomes inextricably tied to this odd love triangle, and how he sets about resolving it is the story in the film.","Director":"Wes Anderson","Title":"Rushmore","Actors":"Jason Schwartzman, Bill Murray, Olivia Williams, Seymour Cassel","Response":"True","Type":"movie","Awards":"Nominated for 1 Golden Globe. Another 16 wins & 15 nominations.","DVD":"N\/A","Year":"1998","Poster":"https:\/\/m.media-amazon.com\/images\/M\/MV5BMjE2OTc3OTk2M15BMl5BanBnXkFtZTgwMjg2NjIyMDE@._V1_SX300.jpg","Country":"USA","Genre":"Comedy, Drama, Romance","Writer":"Wes Anderson, Owen Wilson"}
