{"Metascore":"91","BoxOffice":"N\/A","Website":"N\/A","imdbRating":"8.6","imdbVotes":"1,217,212","Ratings":[{"Value":"8.6\/10","Source":"Internet Movie Database"},{"Value":"93%","Source":"Rotten Tomatoes"},{"Value":"91\/100","Source":"Metacritic"}],"Runtime":"169 min","Language":"English, French, German, Czech","Rated":"R","Production":"Amblin Entertainment, Paramount Pictures, Mutual Film Company, DreamWorks SKG, Mark Gordon Productions","Released":"24 Jul 1998","imdbID":"tt0120815","Plot":"Opening with the Allied invasion of Normandy on 6 June 1944, members of the 2nd Ranger Battalion under Cpt. Miller fight ashore to secure a beachhead. Amidst the fighting, two brothers are killed in action. Earlier in New Guinea, a third brother is KIA. Their mother, Mrs. Ryan, is to receive all three of the grave telegrams on the same day. The United States Army Chief of Staff, George C. Marshall, is given an opportunity to alleviate some of her grief when he learns of a fourth brother, Private James Ryan, and decides to send out 8 men (Cpt. Miller and select members from 2nd Rangers) to find him and bring him back home to his mother...","Director":"Steven Spielberg","Title":"Saving Private Ryan","Actors":"Tom Hanks, Tom Sizemore, Edward Burns, Barry Pepper","Response":"True","Type":"movie","Awards":"Won 5 Oscars. Another 74 wins & 75 nominations.","DVD":"N\/A","Year":"1998","Poster":"https:\/\/m.media-amazon.com\/images\/M\/MV5BZjhkMDM4MWItZTVjOC00ZDRhLThmYTAtM2I5NzBmNmNlMzI1XkEyXkFqcGdeQXVyNDYyMDk5MTU@._V1_SX300.jpg","Country":"USA","Genre":"Drama, War","Writer":"Robert Rodat"}
