{"Metascore":"46","BoxOffice":"N\/A","Website":"N\/A","imdbRating":"7.6","imdbVotes":"375,036","Ratings":[{"Value":"7.6\/10","Source":"Internet Movie Database"},{"Value":"50%","Source":"Rotten Tomatoes"},{"Value":"46\/100","Source":"Metacritic"}],"Runtime":"103 min","Language":"English","Rated":"R","Production":"Evolution Entertainment","Released":"29 Oct 2004","imdbID":"tt0387564","Plot":"Waking up in a undisclosed location in a unknown room two men, adam and gordon are trapped into a single room with a dead body. Given random tools with riddles hidnen around the room. Wondering who could have done this there are clues to who might of done it; the jigsaw killer. The question is not just who but why would a serial killer leave two men in a room. Both adam and gordon hiding secrets they must trust and work together to get out or die...can they survive jigsaws game or die trying?","Director":"James Wan","Title":"Saw","Actors":"Leigh Whannell, Cary Elwes, Danny Glover, Ken Leung","Response":"True","Type":"movie","Awards":"8 wins & 10 nominations.","DVD":"N\/A","Year":"2004","Poster":"https:\/\/m.media-amazon.com\/images\/M\/MV5BMzQ2ZTBhNmEtZDBmYi00ODU0LTgzZmQtNmMxM2M4NzM1ZjE4XkEyXkFqcGdeQXVyNjE5MjUyOTM@._V1_SX300.jpg","Country":"USA","Genre":"Horror, Mystery","Writer":"Leigh Whannell, James Wan (story), Leigh Whannell (story)"}
