{"Metascore":"65","BoxOffice":"N\/A","Website":"N\/A","imdbRating":"8.3","imdbVotes":"729,013","Ratings":[{"Value":"8.3\/10","Source":"Internet Movie Database"},{"Value":"82%","Source":"Rotten Tomatoes"},{"Value":"65\/100","Source":"Metacritic"}],"Runtime":"170 min","Language":"English, Spanish","Rated":"R","Production":"Universal Pictures","Released":"09 Dec 1983","imdbID":"tt0086250","Plot":"Tony Montana manages to leave Cuba during the Mariel exodus of 1980. He finds himself in a Florida refugee camp but his friend Manny has a way out for them: undertake a contract killing and arrangements will be made to get a green card. He's soon working for drug dealer Frank Lopez and shows his mettle when a deal with Colombian drug dealers goes bad. He also brings a new level of violence to Miami. Tony is protective of his younger sister but his mother knows what he does for a living and disowns him. Tony is impatient and wants it all however, including Frank's empire and his mistress Elvira Hancock. Once at the top however, Tony's outrageous actions make him a target and everything comes crumbling down.","Director":"Brian De Palma","Title":"Scarface","Actors":"Al Pacino, Steven Bauer, Michelle Pfeiffer, Mary Elizabeth Mastrantonio","Response":"True","Type":"movie","Awards":"Nominated for 3 Golden Globes. Another 5 nominations.","DVD":"N\/A","Year":"1983","Poster":"https:\/\/m.media-amazon.com\/images\/M\/MV5BNjdjNGQ4NDEtNTEwYS00MTgxLTliYzQtYzE2ZDRiZjFhZmNlXkEyXkFqcGdeQXVyNjU0OTQ0OTY@._V1_SX300.jpg","Country":"USA","Genre":"Crime, Drama","Writer":"Oliver Stone (screenplay by)"}
