{"Metascore":"59","BoxOffice":"N\/A","Website":"N\/A","imdbRating":"8.0","imdbVotes":"258,069","Ratings":[{"Value":"8.0\/10","Source":"Internet Movie Database"},{"Value":"89%","Source":"Rotten Tomatoes"},{"Value":"59\/100","Source":"Metacritic"}],"Runtime":"156 min","Language":"English","Rated":"R","Production":"Universal Pictures, City Lights Pictures","Released":"08 Jan 1993","imdbID":"tt0105323","Plot":"Frank is a retired Lt Col in the US army. He's blind and impossible to get along with. Charlie is at school and is looking forward to going to university; to help pay for a trip home for Christmas, he agrees to look after Frank over thanksgiving. Frank's niece says this will be easy money, but she didn't reckon on Frank spending his thanksgiving in New York.","Director":"Martin Brest","Title":"Scent of a Woman","Actors":"Al Pacino, Chris O'Donnell, James Rebhorn, Gabrielle Anwar","Response":"True","Type":"movie","Awards":"Won 1 Oscar. Another 5 wins & 14 nominations.","DVD":"N\/A","Year":"1992","Poster":"https:\/\/m.media-amazon.com\/images\/M\/MV5BZTM3ZjA3NTctZThkYy00ODYyLTk2ZjItZmE0MmZlMTk3YjQwXkEyXkFqcGdeQXVyNTA4NzY1MzY@._V1_SX300.jpg","Country":"USA","Genre":"Drama","Writer":"Giovanni Arpino (novel), Bo Goldman (screenplay), Ruggero Maccari (character from Profumo Di Donna), Dino Risi (character from Profumo Di Donna)"}
