{"Metascore":"94","BoxOffice":"N\/A","Website":"N\/A","imdbRating":"8.9","imdbVotes":"1,195,574","Ratings":[{"Value":"8.9\/10","Source":"Internet Movie Database"},{"Value":"97%","Source":"Rotten Tomatoes"},{"Value":"94\/100","Source":"Metacritic"}],"Runtime":"195 min","Language":"English, Hebrew, German, Polish, Latin","Rated":"R","Production":"Universal Pictures, Amblin Entertainment","Released":"04 Feb 1994","imdbID":"tt0108052","Plot":"Oskar Schindler is a vainglorious and greedy German businessman who becomes an unlikely humanitarian amid the barbaric German Nazi reign when he feels compelled to turn his factory into a refuge for Jews. Based on the true story of Oskar Schindler who managed to save about 1100 Jews from being gassed at the Auschwitz concentration camp, it is a testament to the good in all of us.","Director":"Steven Spielberg","Title":"Schindler's List","Actors":"Liam Neeson, Ben Kingsley, Ralph Fiennes, Caroline Goodall","Response":"True","Type":"movie","Awards":"Won 7 Oscars. Another 83 wins & 50 nominations.","DVD":"N\/A","Year":"1993","Poster":"https:\/\/m.media-amazon.com\/images\/M\/MV5BNDE4OTMxMTctNmRhYy00NWE2LTg3YzItYTk3M2UwOTU5Njg4XkEyXkFqcGdeQXVyNjU0OTQ0OTY@._V1_SX300.jpg","Country":"USA","Genre":"Biography, Drama, History","Writer":"Thomas Keneally (book), Steven Zaillian (screenplay)"}
