{"Metascore":"65","BoxOffice":"N\/A","Website":"N\/A","imdbRating":"8.6","imdbVotes":"1,417,662","Ratings":[{"Value":"8.6\/10","Source":"Internet Movie Database"},{"Value":"82%","Source":"Rotten Tomatoes"},{"Value":"65\/100","Source":"Metacritic"}],"Runtime":"127 min","Language":"English","Rated":"R","Production":"New Line Cinema","Released":"22 Sep 1995","imdbID":"tt0114369","Plot":"A film about two homicide detectives' (Morgan Freeman and (Brad Pitt desperate hunt for a serial killer who justifies his crimes as absolution for the world's ignorance of the Seven Deadly Sins. The movie takes us from the tortured remains of one victim to the next as the sociopathic \"John Doe\" (Kevin Spacey) sermonizes to Detectives Somerset and Mills -- one sin at a time. The sin of Gluttony comes first and the murderer's terrible capacity is graphically demonstrated in the dark and subdued tones characteristic of film noir. The seasoned and cultured but jaded Somerset researches the Seven Deadly Sins in an effort to understand the killer's modus operandi while the bright but green and impulsive Detective Mills (Pitt) scoffs at his efforts to get inside the mind of a killer...","Director":"David Fincher","Title":"Se7en","Actors":"Morgan Freeman, Andrew Kevin Walker, Daniel Zacapa, Brad Pitt","Response":"True","Type":"movie","Awards":"Nominated for 1 Oscar. Another 29 wins & 41 nominations.","DVD":"N\/A","Year":"1995","Poster":"https:\/\/m.media-amazon.com\/images\/M\/MV5BOTUwODM5MTctZjczMi00OTk4LTg3NWUtNmVhMTAzNTNjYjcyXkEyXkFqcGdeQXVyNjU0OTQ0OTY@._V1_SX300.jpg","Country":"USA","Genre":"Crime, Drama, Mystery, Thriller","Writer":"Andrew Kevin Walker"}
