{"Metascore":"71","BoxOffice":"N\/A","Website":"N\/A","imdbRating":"7.6","imdbVotes":"136,780","Ratings":[{"Value":"7.6\/10","Source":"Internet Movie Database"},{"Value":"92%","Source":"Rotten Tomatoes"},{"Value":"71\/100","Source":"Metacritic"}],"Runtime":"102 min","Language":"English","Rated":"PG-13","Production":"Bazelevs Production","Released":"31 Aug 2018","imdbID":"tt7668870","Plot":"After his 16-year-old daughter goes missing, a desperate father breaks into her laptop to look for clues to find her.","Director":"Aneesh Chaganty","Title":"Searching","Actors":"John Cho, Sara Sohn, Alex Jayne Go, Megan Liu","Response":"True","Type":"movie","Awards":"5 wins & 8 nominations.","DVD":"N\/A","Year":"2018","Poster":"https:\/\/m.media-amazon.com\/images\/M\/MV5BMjIwOTA3NDI3MF5BMl5BanBnXkFtZTgwNzIzMzA5NTM@._V1_SX300.jpg","Country":"USA, Russia","Genre":"Drama, Mystery, Thriller","Writer":"Aneesh Chaganty, Sev Ohanian"}
