{"Metascore":"91","BoxOffice":"N\/A","Website":"N\/A","imdbRating":"8.0","imdbVotes":"36,754","Ratings":[{"Value":"8.0\/10","Source":"Internet Movie Database"},{"Value":"95%","Source":"Rotten Tomatoes"},{"Value":"91\/100","Source":"Metacritic"}],"Runtime":"136 min","Language":"English, Greek","Rated":"R","Production":"Channel Four Films, Thin Man Films","Released":"28 Feb 1997","imdbID":"tt0117589","Plot":"Cynthia lives in London with her sullen street-sweeper daughter. Her brother has been successful with his photographer's business and now lives nearby in a more upmarket house. But Cynthia hasn't even been invited round there after a year. So, all round, she feels rather lonely and isolated. Meanwhile, in another part of town, Hortense, adopted at birth but now grown up, starts to try and trace her mother.","Director":"Mike Leigh","Title":"Secrets & Lies","Actors":"Timothy Spall, Phyllis Logan, Brenda Blethyn, Claire Rushbrook","Response":"True","Type":"movie","Awards":"Nominated for 5 Oscars. Another 36 wins & 42 nominations.","DVD":"N\/A","Year":"1996","Poster":"https:\/\/m.media-amazon.com\/images\/M\/MV5BY2QzMTIxNjItNGQyNy00MjQzLWJiYTItMzIyZjdkYjYyYjRlXkEyXkFqcGdeQXVyMTAwMzUyOTc@._V1_SX300.jpg","Country":"UK, France","Genre":"Comedy, Drama","Writer":"Mike Leigh"}
