{"Metascore":"84","BoxOffice":"N\/A","Website":"N\/A","imdbRating":"7.6","imdbVotes":"100,967","Ratings":[{"Value":"7.6\/10","Source":"Internet Movie Database"},{"Value":"97%","Source":"Rotten Tomatoes"},{"Value":"84\/100","Source":"Metacritic"}],"Runtime":"136 min","Language":"English, French","Rated":"PG","Production":"Columbia Pictures Corporation","Released":"26 Jan 1996","imdbID":"tt0114388","Plot":"When Mr. Dashwood dies, he must leave the bulk of his estate to the son by his first marriage, which leaves his second wife and their three daughters (Elinor, Marianne, and Margaret) in straitened circumstances. They are taken in by a kindly cousin, but their lack of fortune affects the marriageability of both practical Elinor and romantic Marianne. When Elinor forms an attachment for the wealthy Edward Ferrars, his family disapproves and separates them. And though Mrs. Jennings tries to match the worthy (and rich) Colonel Brandon to her, Marianne finds the dashing and fiery John Willoughby more to her taste. Both relationships are sorely tried.","Director":"Ang Lee","Title":"Sense and Sensibility","Actors":"James Fleet, Tom Wilkinson, Harriet Walter, Kate Winslet","Response":"True","Type":"movie","Awards":"Won 1 Oscar. Another 32 wins & 49 nominations.","DVD":"N\/A","Year":"1995","Poster":"https:\/\/m.media-amazon.com\/images\/M\/MV5BNzk1MjU3MDQyMl5BMl5BanBnXkFtZTcwNjc1OTM2MQ@@._V1_SX300.jpg","Country":"USA, UK","Genre":"Drama, Romance","Writer":"Jane Austen (novel), Emma Thompson (screenplay)"}
