{"Metascore":"74","BoxOffice":"N\/A","Website":"N\/A","imdbRating":"7.8","imdbVotes":"281,436","Ratings":[{"Value":"7.8\/10","Source":"Internet Movie Database"},{"Value":"82%","Source":"Rotten Tomatoes"},{"Value":"74\/100","Source":"Metacritic"}],"Runtime":"119 min","Language":"English, Mandarin","Rated":"PG-13","Production":"Mutant Enemy","Released":"30 Sep 2005","imdbID":"tt0379786","Plot":"In the future, a spaceship called Serenity is harboring a passenger with a deadly secret. Six rebels on the run. An assassin in pursuit. When the renegade crew of Serenity agrees to hide a fugitive on their ship, they find themselves in an awesome action-packed battle between the relentless military might of a totalitarian regime who will destroy anything - or anyone - to get the girl back and the bloodthirsty creatures who roam the uncharted areas of space. But, the greatest danger of all may be on their ship.","Director":"Joss Whedon","Title":"Serenity","Actors":"Nathan Fillion, Gina Torres, Alan Tudyk, Morena Baccarin","Response":"True","Type":"movie","Awards":"9 wins & 9 nominations.","DVD":"N\/A","Year":"2005","Poster":"https:\/\/m.media-amazon.com\/images\/M\/MV5BOWE2MDAwZjEtODEyOS00ZjYyLTgzNDUtYmNiY2VmNWRiMTQxXkEyXkFqcGdeQXVyNTIzOTk5ODM@._V1_SX300.jpg","Country":"USA","Genre":"Action, Adventure, Sci-Fi, Thriller","Writer":"Joss Whedon"}
