{"Metascore":"87","BoxOffice":"N\/A","Website":"N\/A","imdbRating":"7.7","imdbVotes":"108,037","Ratings":[{"Value":"7.7\/10","Source":"Internet Movie Database"},{"Value":"90%","Source":"Rotten Tomatoes"},{"Value":"87\/100","Source":"Metacritic"}],"Runtime":"130 min","Language":"English, Italian, Spanish","Rated":"R","Production":"Paramount Pictures, Produzion De Laurentis","Released":"05 Dec 1973","imdbID":"tt0070666","Plot":"Serpico is a cop in the 1960s-early 1970s. Unlike all his colleagues, he refuses a share of the money that the cops routinely extort from local criminals. Nobody wants to work with Serpico, and he's in constant danger of being placed in life threatening positions by his \"partners\". Nothing seems to get done even when he goes to the highest of authorities. Despite the dangers he finds himself in, he still refuses to 'go with the flow', in the hope that one day, the truth will be known.","Director":"Sidney Lumet","Title":"Serpico","Actors":"Al Pacino, John Randolph, Jack Kehoe, Biff McGuire","Response":"True","Type":"movie","Awards":"Nominated for 2 Oscars. Another 6 wins & 10 nominations.","DVD":"N\/A","Year":"1973","Poster":"https:\/\/m.media-amazon.com\/images\/M\/MV5BYTU4ZTI0NzAtYzMwNi00YmMxLThmZWItNTY5NzgyMDAwYWVhXkEyXkFqcGdeQXVyNjUwNzk3NDc@._V1_SX300.jpg","Country":"Italy, USA","Genre":"Biography, Crime, Drama, Thriller","Writer":"Peter Maas (book), Waldo Salt (screenplay), Norman Wexler (screenplay)"}
