{"Metascore":"36","BoxOffice":"N\/A","Website":"N\/A","imdbRating":"7.6","imdbVotes":"284,328","Ratings":[{"Value":"7.6\/10","Source":"Internet Movie Database"},{"Value":"26%","Source":"Rotten Tomatoes"},{"Value":"36\/100","Source":"Metacritic"}],"Runtime":"123 min","Language":"English, Spanish","Rated":"PG-13","Production":"Overbrook Entertainment, Escape Artists","Released":"19 Dec 2008","imdbID":"tt0814314","Plot":"Haunted by a secret, Ben Thomas looks for redemption by radically transforming the lives of seven people he doesn't know. Once his plan is set, nothing will be able to stop him. At least that's what he thinks. But Ben hadn't planned on falling in love with one of these people and she's the one who will end up transforming him.","Director":"Gabriele Muccino","Title":"Seven Pounds","Actors":"Will Smith, Rosario Dawson, Woody Harrelson, Michael Ealy","Response":"True","Type":"movie","Awards":"5 wins & 6 nominations.","DVD":"N\/A","Year":"2008","Poster":"https:\/\/m.media-amazon.com\/images\/M\/MV5BMTU0NzY0MTY5OF5BMl5BanBnXkFtZTcwODY3MDEwMg@@._V1_SX300.jpg","Country":"USA","Genre":"Drama, Romance","Writer":"Grant Nieporte"}
