{"Metascore":"76","BoxOffice":"N\/A","Website":"N\/A","imdbRating":"7.9","imdbVotes":"506,724","Ratings":[{"Value":"7.9\/10","Source":"Internet Movie Database"},{"Value":"92%","Source":"Rotten Tomatoes"},{"Value":"76\/100","Source":"Metacritic"}],"Runtime":"99 min","Language":"English","Rated":"R","Production":"WT², Big Talk","Released":"24 Sep 2004","imdbID":"tt0365748","Plot":"Shaun doesn't have a very good day, so he decides to turn his life around by getting his ex to take him back, but he times it for right in the middle of what may be a zombie apocalypse... But for him, it's an opportunity to show everyone he knows how useful he is by saving them all. All he has to do is survive... And get his ex back.","Director":"Edgar Wright","Title":"Shaun of the Dead","Actors":"Simon Pegg, Kate Ashfield, Nick Frost, Lucy Davis","Response":"True","Type":"movie","Awards":"13 wins & 20 nominations.","DVD":"N\/A","Year":"2004","Poster":"https:\/\/m.media-amazon.com\/images\/M\/MV5BMTg5Mjk2NDMtZTk0Ny00YTQ0LWIzYWEtMWI5MGQ0Mjg1OTNkXkEyXkFqcGdeQXVyNzkwMjQ5NzM@._V1_SX300.jpg","Country":"UK, France, USA","Genre":"Comedy, Horror","Writer":"Simon Pegg, Edgar Wright"}
