{"Metascore":"57","BoxOffice":"N\/A","Website":"N\/A","imdbRating":"7.6","imdbVotes":"576,919","Ratings":[{"Value":"7.6\/10","Source":"Internet Movie Database"},{"Value":"69%","Source":"Rotten Tomatoes"},{"Value":"57\/100","Source":"Metacritic"}],"Runtime":"128 min","Language":"English, French","Rated":"PG-13","Production":"Silver Pictures, Wigram Productions","Released":"25 Dec 2009","imdbID":"tt0988045","Plot":"After finally catching serial killer and occult \"sorcerer\" Lord Blackwood, legendary sleuth Sherlock Holmes and his assistant Dr. Watson can close yet another successful case. But when Blackwood mysteriously returns from the grave and resumes his killing spree, Holmes must take up the hunt once again. Contending with his partner's new fiancée and the dimwitted head of Scotland Yard, the dauntless detective must unravel the clues that will lead him into a twisted web of murder, deceit, and black magic - and the deadly embrace of temptress Irene Adler.","Director":"Guy Ritchie","Title":"Sherlock Holmes","Actors":"Robert Downey Jr., Jude Law, Rachel McAdams, Mark Strong","Response":"True","Type":"movie","Awards":"Nominated for 2 Oscars. Another 10 wins & 29 nominations.","DVD":"N\/A","Year":"2009","Poster":"https:\/\/m.media-amazon.com\/images\/M\/MV5BMTg0NjEwNjUxM15BMl5BanBnXkFtZTcwMzk0MjQ5Mg@@._V1_SX300.jpg","Country":"USA, Germany, UK, Australia","Genre":"Action, Adventure, Mystery","Writer":"Michael Robert Johnson (screenplay), Anthony Peckham (screenplay), Simon Kinberg (screenplay), Lionel Wigram (screen story), Michael Robert Johnson (screen story), Arthur Conan Doyle (characters: Sherlock Holmes,  Dr. Watson)"}
