{"Metascore":"87","BoxOffice":"N\/A","Website":"N\/A","imdbRating":"7.7","imdbVotes":"50,731","Ratings":[{"Value":"7.7\/10","Source":"Internet Movie Database"},{"Value":"91%","Source":"Rotten Tomatoes"},{"Value":"87\/100","Source":"Metacritic"}],"Runtime":"105 min","Language":"English, Yiddish","Rated":"PG-13","Production":"Film Victoria","Released":"14 Feb 1997","imdbID":"tt0117631","Plot":"As a child piano prodigy, David Helfgott's musical ambitions generate friction with his overbearing father, Peter. When Helfgott travels to London on a musical scholarship, his career as a pianist blossoms. However, the pressures of his newfound fame, coupled with the echoes of his tumultuous childhood, conspire to bring Helfgott's latent schizophrenia boiling to the surface, and he spends years in and out of various mental institutions.","Director":"Scott Hicks","Title":"Shine","Actors":"Geoffrey Rush, Justin Braine, Sonia Todd, Chris Haywood","Response":"True","Type":"movie","Awards":"Won 1 Oscar. Another 45 wins & 52 nominations.","DVD":"N\/A","Year":"1996","Poster":"https:\/\/m.media-amazon.com\/images\/M\/MV5BMTQzMzcxMzUyMl5BMl5BanBnXkFtZTgwNDI1MjgxMTE@._V1_SX300.jpg","Country":"Australia","Genre":"Biography, Drama, Music, Romance","Writer":"Jan Sardi (screenplay), Scott Hicks (story)"}
