{"Metascore":"79","BoxOffice":"N\/A","Website":"N\/A","imdbRating":"7.7","imdbVotes":"41,817","Ratings":[{"Value":"7.7\/10","Source":"Internet Movie Database"},{"Value":"95%","Source":"Rotten Tomatoes"},{"Value":"79\/100","Source":"Metacritic"}],"Runtime":"188 min","Language":"English","Rated":"R","Production":"Fine Line Features, Avenue Pictures Productions","Released":"01 Oct 1993","imdbID":"tt0108122","Plot":"While helicopters overhead spray against a Medfly infestation a group of Los Angeles lives intersect, some casually, some to more lasting effect. Whilst they go out to concerts and jazz clubs and even have their pools cleaned, they also lie, drink, and cheat. Death itself seems never to be far away, even on a fishing trip.","Director":"Robert Altman","Title":"Short Cuts","Actors":"Andie MacDowell, Bruce Davison, Jack Lemmon, Zane Cassidy","Response":"True","Type":"movie","Awards":"Nominated for 1 Oscar. Another 17 wins & 18 nominations.","DVD":"N\/A","Year":"1993","Poster":"https:\/\/m.media-amazon.com\/images\/M\/MV5BZWY0ODc2NDktYmYxNS00MGZiLTk5YjktZjgwZWFhNDQ0MzNhXkEyXkFqcGdeQXVyNTI4MjkwNjA@._V1_SX300.jpg","Country":"USA","Genre":"Comedy, Drama","Writer":"Raymond Carver (writings), Robert Altman (screenplay), Frank Barhydt (screenplay)"}
