{"Metascore":"82","BoxOffice":"N\/A","Website":"N\/A","imdbRating":"8.0","imdbVotes":"80,392","Ratings":[{"Value":"8.0\/10","Source":"Internet Movie Database"},{"Value":"98%","Source":"Rotten Tomatoes"},{"Value":"82\/100","Source":"Metacritic"}],"Runtime":"96 min","Language":"English","Rated":"R","Production":"Animal Kingdom, Traction Media","Released":"23 Aug 2013","imdbID":"tt2370248","Plot":"At a foster-care facility for at-risk teenagers, Grace is a young counselor trying to do her best for kids who often have been pulled from the worst kinds of home situations. Even then, life is not easy as Grace and her colleagues care for kids who are too often profoundly scarred, even as they try to have lives of their own. Now, things are coming to a head as Grace readies for marriage even as some her charges are coming to major turning points in their lives. To cope, Grace will have to make difficult perceptions and decisions that could put her career, and more importantly her charges, at dire risk.","Director":"Destin Daniel Cretton","Title":"Short Term 12","Actors":"Brie Larson, John Gallagher Jr., Stephanie Beatriz, Rami Malek","Response":"True","Type":"movie","Awards":"36 wins & 71 nominations.","DVD":"N\/A","Year":"2013","Poster":"https:\/\/m.media-amazon.com\/images\/M\/MV5BMTEwNjE2OTM4NDZeQTJeQWpwZ15BbWU3MDE2MTE4OTk@._V1_SX300.jpg","Country":"USA","Genre":"Drama","Writer":"Destin Daniel Cretton"}
