{"Metascore":"84","BoxOffice":"N\/A","Website":"N\/A","imdbRating":"7.8","imdbVotes":"604,671","Ratings":[{"Value":"7.8\/10","Source":"Internet Movie Database"},{"Value":"88%","Source":"Rotten Tomatoes"},{"Value":"84\/100","Source":"Metacritic"}],"Runtime":"90 min","Language":"English","Rated":"PG","Production":"DreamWorks SKG, Pacific Data Images (PDI)","Released":"18 May 2001","imdbID":"tt0126029","Plot":"When a green ogre named Shrek discovers his swamp has been 'swamped' with all sorts of fairytale creatures by the scheming Lord Farquaad, Shrek sets out with a very loud donkey by his side to 'persuade' Farquaad to give Shrek his swamp back. Instead, a deal is made. Farquaad, who wants to become the King, sends Shrek to rescue Princess Fiona, who is awaiting her true love in a tower guarded by a fire-breathing dragon. But once they head back with Fiona, it starts to become apparent that not only does Shrek, an ugly ogre, begin to fall in love with the lovely princess, but Fiona is also hiding a huge secret.","Director":"Andrew Adamson, Vicky Jenson","Title":"Shrek","Actors":"Mike Myers, Eddie Murphy, Cameron Diaz, John Lithgow","Response":"True","Type":"movie","Awards":"Won 1 Oscar. Another 38 wins & 60 nominations.","DVD":"N\/A","Year":"2001","Poster":"https:\/\/m.media-amazon.com\/images\/M\/MV5BOGZhM2FhNTItODAzNi00YjA0LWEyN2UtNjJlYWQzYzU1MDg5L2ltYWdlL2ltYWdlXkEyXkFqcGdeQXVyMTQxNzMzNDI@._V1_SX300.jpg","Country":"USA","Genre":"Animation, Adventure, Comedy, Family, Fantasy","Writer":"William Steig (based upon the book by), Ted Elliott, Terry Rossio, Joe Stillman, Roger S.H. Schulman, Cody Cameron (additional dialogue), Chris Miller (additional dialogue), Conrad Vernon (additional dialogue)"}
