{"Metascore":"75","BoxOffice":"N\/A","Website":"N\/A","imdbRating":"7.2","imdbVotes":"412,956","Ratings":[{"Value":"7.2\/10","Source":"Internet Movie Database"},{"Value":"89%","Source":"Rotten Tomatoes"},{"Value":"75\/100","Source":"Metacritic"}],"Runtime":"93 min","Language":"English","Rated":"PG","Production":"DreamWorks SKG, Pacific Data Images (PDI)","Released":"19 May 2004","imdbID":"tt0298148","Plot":"Shrek has rescued Princess Fiona, got married, and now is time to meet the parents. Shrek, Fiona, and Donkey set off to Far, Far Away to meet Fiona's mother and father. But not everyone is happy. Shrek and the King find it hard to get along, and there's tension in the marriage. It's not just the family who are unhappy. Prince Charming returns from a failed attempt at rescuing Fiona, and works alongside his mother, the Fairy Godmother, to try and find a way to get Shrek away from Fiona.","Director":"Andrew Adamson, Kelly Asbury, Conrad Vernon","Title":"Shrek 2","Actors":"Mike Myers, Eddie Murphy, Cameron Diaz, Julie Andrews","Response":"True","Type":"movie","Awards":"Nominated for 2 Oscars. Another 18 wins & 50 nominations.","DVD":"N\/A","Year":"2004","Poster":"https:\/\/m.media-amazon.com\/images\/M\/MV5BMDJhMGRjN2QtNDUxYy00NGM3LThjNGQtMmZiZTRhNjM4YzUxL2ltYWdlL2ltYWdlXkEyXkFqcGdeQXVyMTQxNzMzNDI@._V1_SX300.jpg","Country":"USA","Genre":"Animation, Adventure, Comedy, Family, Fantasy, Romance","Writer":"William Steig (based upon the book by), Andrew Adamson (story by), Andrew Adamson (screenplay by), Joe Stillman (screenplay by), J. David Stem (screenplay by), David N. Weiss (screenplay by), Cody Cameron (additional dialogue), Walt Dohrn (additional dialogue), Chris Miller (additional dialogue), David P. Smith (additional dialogue), Conrad Vernon (additional dialogue)"}
