{"Metascore":"82","BoxOffice":"N\/A","Website":"N\/A","imdbRating":"7.6","imdbVotes":"365,741","Ratings":[{"Value":"7.6\/10","Source":"Internet Movie Database"},{"Value":"92%","Source":"Rotten Tomatoes"},{"Value":"82\/100","Source":"Metacritic"}],"Runtime":"121 min","Language":"English, Spanish","Rated":"R","Production":"Black Label Media, Thunder Road Pictures","Released":"02 Oct 2015","imdbID":"tt3397884","Plot":"When drug violence worsens on the USA Mexico border, the FBI sends an idealistic agent, Kate Macer (Emily Blunt) on a mission to eradicate a drug cartel responsible for a bomb that had killed members of her team.","Director":"Denis Villeneuve","Title":"Sicario","Actors":"Emily Blunt, Benicio Del Toro, Josh Brolin, Victor Garber","Response":"True","Type":"movie","Awards":"Nominated for 3 Oscars. Another 15 wins & 152 nominations.","DVD":"N\/A","Year":"2015","Poster":"https:\/\/m.media-amazon.com\/images\/M\/MV5BMjA5NjM3NTk1M15BMl5BanBnXkFtZTgwMzg1MzU2NjE@._V1_SX300.jpg","Country":"USA, Mexico, Hong Kong","Genre":"Action, Crime, Drama, Mystery, Thriller","Writer":"Taylor Sheridan"}
