{"Metascore":"74","BoxOffice":"N\/A","Website":"N\/A","imdbRating":"8.0","imdbVotes":"735,528","Ratings":[{"Value":"8.0\/10","Source":"Internet Movie Database"},{"Value":"77%","Source":"Rotten Tomatoes"},{"Value":"74\/100","Source":"Metacritic"}],"Runtime":"124 min","Language":"English","Rated":"R","Production":"Dimension Films","Released":"01 Apr 2005","imdbID":"tt0401792","Plot":"Four tales of crime adapted from Frank Miller's popular comics, focusing around a muscular brute who's looking for the person responsible for the death of his beloved Goldie, a man fed up with Sin City's corrupt law enforcement who takes the law into his own hands after a horrible mistake, a cop who risks his life to protect a girl from a deformed pedophile, and a hitman looking to make a little cash.","Director":"Frank Miller, Quentin Tarantino, Robert Rodriguez","Title":"Sin City","Actors":"Jessica Alba, Devon Aoki, Alexis Bledel, Powers Boothe","Response":"True","Type":"movie","Awards":"38 wins & 54 nominations.","DVD":"N\/A","Year":"2005","Poster":"https:\/\/m.media-amazon.com\/images\/M\/MV5BODZmYjMwNzEtNzVhNC00ZTRmLTk2M2UtNzE1MTQ2ZDAxNjc2XkEyXkFqcGdeQXVyMTQxNzMzNDI@._V1_SX300.jpg","Country":"USA","Genre":"Crime, Thriller","Writer":"Frank Miller (based on the graphic novels by), Robert Rodriguez (screenplay), Frank Miller (screenplay)"}
