{"Metascore":"79","BoxOffice":"N\/A","Website":"N\/A","imdbRating":"7.9","imdbVotes":"83,766","Ratings":[{"Value":"7.9\/10","Source":"Internet Movie Database"},{"Value":"95%","Source":"Rotten Tomatoes"},{"Value":"79\/100","Source":"Metacritic"}],"Runtime":"106 min","Language":"English, French, Latin","Rated":"PG-13","Production":"PalmStar Media Capital, Cosmo Films, Likely Story, Distressed Films, FilmWave, Merced Media Partners","Released":"17 Mar 2016","imdbID":"tt3544112","Plot":"This is the beginning of the eighties and everybody is moving to the beat of Pop music, as the brand-new concept of the music video appears on television for the first time. However, in Dublin, Conor, a teenager with a sensitive heart, is trying to deal with a tense family relationship, reconnect with his older brother while dealing with the hostile environment in his new public school. And then one day, he sees her. Tall, with long chestnut hair, a buttery complexion and big, dark eyes; an enigmatically beautiful girl standing in front of his school's gate, indolently observing people passing by. But who is she and how could a boy ever get noticed by such a distant girl? That's easy. He would form a band. Surprisingly, with every lyric Conor writes, the gap narrows and with every song he plays, her heart fills with affection. In the end, before a sea of opportunities lying ahead of them, what will the future hold for a brave love like this?","Director":"John Carney","Title":"Sing Street","Actors":"Ferdia Walsh-Peelo, Kelly Thornton, Maria Doyle Kennedy, Jack Reynor","Response":"True","Type":"movie","Awards":"Nominated for 1 Golden Globe. Another 15 wins & 42 nominations.","DVD":"N\/A","Year":"2016","Poster":"https:\/\/m.media-amazon.com\/images\/M\/MV5BMjEzODA3MDcxMl5BMl5BanBnXkFtZTgwODgxNDk3NzE@._V1_SX300.jpg","Country":"Ireland, UK","Genre":"Comedy, Drama, Music, Romance","Writer":"Simon Carmody (story), John Carney (screenplay)"}
