{"Metascore":"81","BoxOffice":"N\/A","Website":"N\/A","imdbRating":"7.7","imdbVotes":"624,900","Ratings":[{"Value":"7.7\/10","Source":"Internet Movie Database"},{"Value":"92%","Source":"Rotten Tomatoes"},{"Value":"81\/100","Source":"Metacritic"}],"Runtime":"143 min","Language":"English, Turkish, Shanghainese, Portuguese, Japanese","Rated":"PG-13","Production":"Eon Productions Ltd.","Released":"09 Nov 2012","imdbID":"tt1074638","Plot":"When Bond's latest assignment goes gravely wrong and agents around the world are exposed, MI6 is attacked forcing M to relocate the agency. These events cause her authority and position to be challenged by Gareth Mallory (Ralph Fiennes), the new Chairman of the Intelligence and Security Committee. With MI6 now compromised from both inside and out, M is left with one ally she can trust: Bond. 007 takes to the shadows - aided only by field agent, Eve (Naomie Harris) - following a trail to the mysterious Silva (Javier Bardem), whose lethal and hidden motives have yet to reveal themselves.","Director":"Sam Mendes","Title":"Skyfall","Actors":"Daniel Craig, Judi Dench, Javier Bardem, Ralph Fiennes","Response":"True","Type":"movie","Awards":"Won 2 Oscars. Another 63 wins & 122 nominations.","DVD":"N\/A","Year":"2012","Poster":"https:\/\/m.media-amazon.com\/images\/M\/MV5BMWZiNjE2OWItMTkwNy00ZWQzLWI0NTgtMWE0NjNiYTljN2Q1XkEyXkFqcGdeQXVyNzAwMjYxMzA@._V1_SX300.jpg","Country":"UK, USA, Turkey","Genre":"Action, Adventure, Thriller","Writer":"Neal Purvis, Robert Wade, John Logan, Ian Fleming (characters)"}
