{"Metascore":"49","BoxOffice":"N\/A","Website":"N\/A","imdbRating":"7.6","imdbVotes":"184,693","Ratings":[{"Value":"7.6\/10","Source":"Internet Movie Database"},{"Value":"73%","Source":"Rotten Tomatoes"},{"Value":"49\/100","Source":"Metacritic"}],"Runtime":"147 min","Language":"English","Rated":"R","Production":"Propaganda Films, Baltimore Pictures, PolyGram Filmed Entertainment","Released":"18 Oct 1996","imdbID":"tt0117665","Plot":"Four boys growing up in Hell's Kitchen play a prank that leads to an old man getting hurt. Sentenced to no less than one year in the Wilkinson Center in upstate New York, the four friends are changed by the beating, humiliation and sexual abuse by the guards sworn to protect them. Thirteen years later and a chance meeting lead to a chance for revenge against the Wilkinson Center and the guards.","Director":"Barry Levinson","Title":"Sleepers","Actors":"Kevin Bacon, Billy Crudup, Robert De Niro, Ron Eldard","Response":"True","Type":"movie","Awards":"Nominated for 1 Oscar. Another 1 win & 4 nominations.","DVD":"N\/A","Year":"1996","Poster":"https:\/\/m.media-amazon.com\/images\/M\/MV5BMTc4OTUzNzc0MV5BMl5BanBnXkFtZTgwMjE4ODYxMTE@._V1_SX300.jpg","Country":"USA","Genre":"Crime, Drama, Thriller","Writer":"Lorenzo Carcaterra (book), Barry Levinson (screenplay)"}
