{"Metascore":"N\/A","BoxOffice":"N\/A","Website":"N\/A","imdbRating":"8.0","imdbVotes":"44,294","Ratings":[{"Value":"8.0\/10","Source":"Internet Movie Database"},{"Value":"96%","Source":"Rotten Tomatoes"}],"Runtime":"138 min","Language":"English, Italian","Rated":"PG","Production":"N\/A","Released":"11 Dec 1972","imdbID":"tt0069281","Plot":"Milo Tindle and Andrew Wyke have something in common, Andrew's wife. In an attempt to find a way out of this without costing Andrew a fortune in alimony, he suggests Milo pretend to rob his house and let him claim the insurance on the stolen jewelry. The problem is that they don't really like each other and each cannot avoid the zinger on the other. The plot has many shifts in which the advantage shifts between Milo and Andrew.","Director":"Joseph L. Mankiewicz","Title":"Sleuth","Actors":"Laurence Olivier, Michael Caine, Alec Cawthorne, John Matthews","Response":"True","Type":"movie","Awards":"Nominated for 4 Oscars. Another 5 wins & 7 nominations.","DVD":"N\/A","Year":"1972","Poster":"https:\/\/m.media-amazon.com\/images\/M\/MV5BM2EzZmFmMmItODY3Zi00NjdjLWE0MTYtZWQ3MGIyM2M4YjZhXkEyXkFqcGdeQXVyMzg2MzE2OTE@._V1_SX300.jpg","Country":"UK, USA","Genre":"Mystery, Thriller","Writer":"Anthony Shaffer (play), Anthony Shaffer (screenplay)"}
