{"Metascore":"84","BoxOffice":"N\/A","Website":"N\/A","imdbRating":"8.0","imdbVotes":"86,145","Ratings":[{"Value":"8.0\/10","Source":"Internet Movie Database"},{"Value":"96%","Source":"Rotten Tomatoes"},{"Value":"84\/100","Source":"Metacritic"}],"Runtime":"135 min","Language":"English","Rated":"R","Production":"Miramax","Released":"14 Mar 1997","imdbID":"tt0117666","Plot":"A partially handicapped man named Karl is released from a mental hospital, about 20 years after murdering his mother and another person. Karl is often questioned if he will ever kill again, and he shrugs in response saying there is no reason to. Now out of the mental institution, Karl settles in his old, small hometown, occupying himself by fixing motors. After meeting a young boy named Frank, who befriends him, Karl is invited to stay at Frank's house with his mother Linda, who views Karl as a strange but kind and generous man. However, Linda's abusive boyfriend, Doyle, sees things differently in the way rules ought to be run- normally insulting Linda's homosexual friend Vaughan as well as Karl's disabilities, and having wild parties with his friends. As Karl's relationship with Frank grows, he is watchful of Doyle's cruel actions.","Director":"Billy Bob Thornton","Title":"Sling Blade","Actors":"Billy Bob Thornton, Dwight Yoakam, J.T. Walsh, John Ritter","Response":"True","Type":"movie","Awards":"Won 1 Oscar. Another 13 wins & 15 nominations.","DVD":"N\/A","Year":"1996","Poster":"https:\/\/m.media-amazon.com\/images\/M\/MV5BNGY5NWIxMjAtODBjNC00MmZhLTk1ZTAtNGRhYThlOTNjMTQwXkEyXkFqcGdeQXVyNTc1NTQxODI@._V1_SX300.jpg","Country":"USA","Genre":"Drama","Writer":"Billy Bob Thornton (play), Billy Bob Thornton (screenplay)"}
