{"Metascore":"84","BoxOffice":"N\/A","Website":"N\/A","imdbRating":"8.0","imdbVotes":"790,809","Ratings":[{"Value":"8.0\/10","Source":"Internet Movie Database"},{"Value":"91%","Source":"Rotten Tomatoes"},{"Value":"84\/100","Source":"Metacritic"}],"Runtime":"120 min","Language":"English, Hindi, French, German","Rated":"R","Production":"Celador Productions, Film 4","Released":"25 Dec 2008","imdbID":"tt1010048","Plot":"The story of Jamal Malik, an 18 year-old orphan from the slums of Mumbai, who is about to experience the biggest day of his life. With the whole nation watching, he is just one question away from winning a staggering 20 million rupees on India's Kaun Banega Crorepati? (2000) (Who Wants To Be A Millionaire?) But when the show breaks for the night, police arrest him on suspicion of cheating; how could a street kid know so much? Desperate to prove his innocence, Jamal tells the story of his life in the slum where he and his brother grew up, of their adventures together on the road, of vicious encounters with local gangs, and of Latika, the girl he loved and lost. Each chapter of his story reveals the key to the answer to one of the game show's questions. Each chapter of Jamal's increasingly layered story reveals where he learned the answers to the show's seemingly impossible quizzes. But one question remains a mystery: what is this young man with no apparent desire for riches really doing on the game show? When the new day dawns and Jamal returns to answer the final question, the Inspector and sixty million viewers are about to find out. At the heart of its storytelling lies the question of how anyone comes to know the things they know about life and love.","Director":"Danny Boyle, Loveleen Tandan(co-director)","Title":"Slumdog Millionaire","Actors":"Dev Patel, Saurabh Shukla, Anil Kapoor, Raj Zutshi","Response":"True","Type":"movie","Awards":"Won 8 Oscars. Another 147 wins & 132 nominations.","DVD":"N\/A","Year":"2008","Poster":"https:\/\/m.media-amazon.com\/images\/M\/MV5BZmNjZWI3NzktYWI1Mi00OTAyLWJkNTYtMzUwYTFlZDA0Y2UwXkEyXkFqcGdeQXVyNjU0OTQ0OTY@._V1_SX300.jpg","Country":"UK, USA, India","Genre":"Drama, Romance","Writer":"Simon Beaufoy (screenplay), Vikas Swarup (novel)"}
