{"Metascore":"55","BoxOffice":"N\/A","Website":"N\/A","imdbRating":"8.3","imdbVotes":"772,625","Ratings":[{"Value":"8.3\/10","Source":"Internet Movie Database"},{"Value":"73%","Source":"Rotten Tomatoes"},{"Value":"55\/100","Source":"Metacritic"}],"Runtime":"102 min","Language":"English, Russian","Rated":"R","Production":"Columbia Pictures, SKA Films","Released":"19 Jan 2001","imdbID":"tt0208092","Plot":"Turkish and his close friend\/accomplice Tommy get pulled into the world of match fixing by the notorious Brick Top. Things get complicated when the boxer they had lined up gets badly beaten by Pitt, a 'pikey' ( slang for an Irish Gypsy)- who comes into the equation after Turkish, an unlicensed boxing promoter wants to buy a caravan off the Irish Gypsies. They then try to convince Pitt not only to fight for them, but to lose for them too. Whilst all this is going on, a huge diamond heist takes place, and a fistful of motley characters enter the story, including 'Cousin Avi', 'Boris The Blade', 'Franky Four Fingers' and 'Bullet Tooth Tony'. Things go from bad to worse as it all becomes about the money, the guns, and the damned dog!","Director":"Guy Ritchie","Title":"Snatch","Actors":"Benicio Del Toro, Dennis Farina, Vinnie Jones, Brad Pitt","Response":"True","Type":"movie","Awards":"4 wins & 7 nominations.","DVD":"N\/A","Year":"2000","Poster":"https:\/\/m.media-amazon.com\/images\/M\/MV5BMTA2NDYxOGYtYjU1Mi00Y2QzLTgxMTQtMWI1MGI0ZGQ5MmU4XkEyXkFqcGdeQXVyNDk3NzU2MTQ@._V1_SX300.jpg","Country":"UK, USA","Genre":"Comedy, Crime","Writer":"Guy Ritchie"}
