{"Metascore":"85","BoxOffice":"N\/A","Website":"N\/A","imdbRating":"8.1","imdbVotes":"49,416","Ratings":[{"Value":"8.1\/10","Source":"Internet Movie Database"},{"Value":"99%","Source":"Rotten Tomatoes"},{"Value":"85\/100","Source":"Metacritic"}],"Runtime":"93 min","Language":"English, Irish","Rated":"PG","Production":"Cartoon Saloon, Irish Film Board","Released":"20 Nov 2015","imdbID":"tt1865505","Plot":"Saoirse is a child who is the last of the selkies, women in Irish and Scottish legends who transform from seals into people. She escapes from her grandmother's home to journey to the sea and free fairy creatures trapped in the modern world.","Director":"Tomm Moore","Title":"Song of the Sea","Actors":"David Rawle, Brendan Gleeson, Lisa Hannigan, Fionnula Flanagan","Response":"True","Type":"movie","Awards":"Nominated for 1 Oscar. Another 11 wins & 25 nominations.","DVD":"N\/A","Year":"2014","Poster":"https:\/\/m.media-amazon.com\/images\/M\/MV5BMTQ2MDMwNjEwNV5BMl5BanBnXkFtZTgwOTkxMzI0MzE@._V1_SX300.jpg","Country":"Ireland, Denmark, Belgium, Luxembourg, France","Genre":"Animation, Adventure, Drama, Family, Fantasy","Writer":"Will Collins, Tomm Moore (story by)"}
