{"Metascore":"N\/A","BoxOffice":"N\/A","Website":"N\/A","imdbRating":"6.7","imdbVotes":"23,503","Ratings":[{"Value":"6.7\/10","Source":"Internet Movie Database"},{"Value":"64%","Source":"Rotten Tomatoes"}],"Runtime":"74 min","Language":"English","Rated":"PG-13","Production":"DC Entertainment","Released":"22 Apr 2014","imdbID":"tt3139072","Plot":"Batman learns he has a violent, unruly pre-teen son, secretly raised by the terrorist group the League of Assassins.","Director":"Ethan Spaulding","Title":"Son of Batman","Actors":"Jason O'Mara, Stuart Allan, Thomas Gibson, Morena Baccarin","Response":"True","Type":"movie","Awards":"1 win & 1 nomination.","DVD":"N\/A","Year":"2014","Poster":"https:\/\/m.media-amazon.com\/images\/M\/MV5BYjdkZWFhNzctYmNhNy00NGM5LTg0Y2YtZWM4NmU2MWQ3ODVkXkEyXkFqcGdeQXVyNTA0OTU0OTQ@._V1_SX300.jpg","Country":"USA","Genre":"Animation, Action, Adventure, Crime, Drama, Fantasy, Mystery","Writer":"Bob Kane (Batman created by), Grant Morrison (graphic novel), Andy Kubert (graphic novel illustrator), James Robinson (story), Joe R. Lansdale (screenplay), Marv Wolfman (Deathstroke and Nightwing created by), George Pérez (Deathstroke and Nightwing created by), Gerry Conway (character created by: Killer Croc), Don Newton (character created by: Killer Croc)"}
