{"Metascore":"73","BoxOffice":"N\/A","Website":"N\/A","imdbRating":"7.7","imdbVotes":"190,858","Ratings":[{"Value":"7.7\/10","Source":"Internet Movie Database"},{"Value":"80%","Source":"Rotten Tomatoes"},{"Value":"73\/100","Source":"Metacritic"}],"Runtime":"81 min","Language":"English","Rated":"R","Production":"Comedy Central Films, Comedy Partners","Released":"30 Jun 1999","imdbID":"tt0158983","Plot":"When four boys in South Park Stan Marsh, Kyle and his stepbrother Ike Broflovski, Eric Cartman, and Kenny McCormick sees an R-rated movie featuring Canadians \"Terrance & Phillip: Asses of Fire\", they are pronounced \"corrupted\", and Kyle's mom Sheila with the rest of the parents pressure the United States to wage war against Canada for World War 3! It's all up to Stan, Kyle and Cartman to save Terrence and Phillip before Satan and his lover Saddam Hussein from Hell rules the world and it'll be the end of the whole world.","Director":"Trey Parker","Title":"South Park: Bigger, Longer & Uncut","Actors":"Trey Parker, Matt Stone, Mary Kay Bergman, Isaac Hayes","Response":"True","Type":"movie","Awards":"Nominated for 1 Oscar. Another 7 wins & 10 nominations.","DVD":"N\/A","Year":"1999","Poster":"https:\/\/m.media-amazon.com\/images\/M\/MV5BOGE0ZWI0YzAtY2NkZi00YjkyLWIzYWEtNTJmMzJjODllNjdjXkEyXkFqcGdeQXVyMTQxNzMzNDI@._V1_SX300.jpg","Country":"USA","Genre":"Animation, Comedy, Fantasy, Musical","Writer":"Trey Parker (television series South Park), Matt Stone (television series South Park), Trey Parker, Matt Stone, Pam Brady"}
