{"Metascore":"87","BoxOffice":"N\/A","Website":"N\/A","imdbRating":"7.9","imdbVotes":"122,743","Ratings":[{"Value":"7.9\/10","Source":"Internet Movie Database"},{"Value":"93%","Source":"Rotten Tomatoes"},{"Value":"87\/100","Source":"Metacritic"}],"Runtime":"197 min","Language":"English","Rated":"PG-13","Production":"Universal Pictures, Bryna Productions","Released":"17 Nov 1960","imdbID":"tt0054331","Plot":"In 73 BCE, a Thracian slave leads a revolt at a gladiatorial school run by Lentulus Batiatus. The uprising soon spreads across the Italian Peninsula involving thousand of slaves. The plan is to acquire sufficient funds to acquire ships from Silesian pirates who could then transport them to other lands from Brandisium in the south. The Roman Senator Gracchus schemes to have Marcus Publius Glabrus, Commander of the garrison of Rome, lead an army against the slaves who are living on Vesuvius. When Glabrus is defeated his mentor, Senator and General Marcus Licinius Crassus is greatly embarrassed and leads his own army against the slaves. Spartacus and the thousands of freed slaves successfully make their way to Brandisium only to find that the Silesians have abandoned them. They then turn north and must face the might of Rome.","Director":"Stanley Kubrick","Title":"Spartacus","Actors":"Kirk Douglas, Laurence Olivier, Jean Simmons, Charles Laughton","Response":"True","Type":"movie","Awards":"Won 4 Oscars. Another 8 wins & 11 nominations.","DVD":"N\/A","Year":"1960","Poster":"https:\/\/m.media-amazon.com\/images\/M\/MV5BMjc4MTUxN2UtMmU1NC00MjQyLTk3YTYtZTQ0YzEzZDc0Njc0XkEyXkFqcGdeQXVyNjU0OTQ0OTY@._V1_SX300.jpg","Country":"USA","Genre":"Adventure, Biography, Drama, History, War","Writer":"Dalton Trumbo (screenplay), Howard Fast (based on the novel by)"}
