{"Metascore":"87","BoxOffice":"N\/A","Website":"N\/A","imdbRating":"8.4","imdbVotes":"352,930","Ratings":[{"Value":"8.4\/10","Source":"Internet Movie Database"},{"Value":"97%","Source":"Rotten Tomatoes"},{"Value":"87\/100","Source":"Metacritic"}],"Runtime":"117 min","Language":"English, Spanish","Rated":"PG","Production":"Sony Pictures Animation, Avi Arad, Pascal Pictures, Lord Miller","Released":"14 Dec 2018","imdbID":"tt4633694","Plot":"Teen Miles Morales becomes the Spider-Man of his universe, and must join with five spider-powered individuals from other dimensions to stop a threat for all realities.","Director":"Bob Persichetti, Peter Ramsey, Rodney Rothman","Title":"Spider-Man: Into the Spider-Verse","Actors":"Shameik Moore, Jake Johnson, Hailee Steinfeld, Mahershala Ali","Response":"True","Type":"movie","Awards":"Won 1 Oscar. Another 79 wins & 55 nominations.","DVD":"N\/A","Year":"2018","Poster":"https:\/\/m.media-amazon.com\/images\/M\/MV5BMjMwNDkxMTgzOF5BMl5BanBnXkFtZTgwNTkwNTQ3NjM@._V1_SX300.jpg","Country":"USA","Genre":"Animation, Action, Adventure, Family, Sci-Fi","Writer":"Phil Lord (screenplay by), Rodney Rothman (screenplay by), Phil Lord (story by)"}
