{"Metascore":"93","BoxOffice":"N\/A","Website":"N\/A","imdbRating":"8.1","imdbVotes":"410,854","Ratings":[{"Value":"8.1\/10","Source":"Internet Movie Database"},{"Value":"97%","Source":"Rotten Tomatoes"},{"Value":"93\/100","Source":"Metacritic"}],"Runtime":"129 min","Language":"English","Rated":"R","Production":"Anonymous Content, Rocklin\/Faust","Released":"20 Nov 2015","imdbID":"tt1895587","Plot":"When the Boston Globe's tenacious \"Spotlight\" team of reporters delves into allegations of abuse in the Catholic Church, their year-long investigation uncovers a decades-long cover-up at the highest levels of Boston's religious, legal, and government establishment, touching off a wave of revelations around the world.","Director":"Tom McCarthy","Title":"Spotlight","Actors":"Mark Ruffalo, Michael Keaton, Rachel McAdams, Liev Schreiber","Response":"True","Type":"movie","Awards":"Won 2 Oscars. Another 123 wins & 142 nominations.","DVD":"N\/A","Year":"2015","Poster":"https:\/\/m.media-amazon.com\/images\/M\/MV5BMjIyOTM5OTIzNV5BMl5BanBnXkFtZTgwMDkzODE2NjE@._V1_SX300.jpg","Country":"USA","Genre":"Biography, Crime, Drama","Writer":"Josh Singer, Tom McCarthy"}
