{"Metascore":"75","BoxOffice":"N\/A","Website":"N\/A","imdbRating":"8.1","imdbVotes":"358,434","Ratings":[{"Value":"8.1\/10","Source":"Internet Movie Database"},{"Value":"91%","Source":"Rotten Tomatoes"},{"Value":"75\/100","Source":"Metacritic"}],"Runtime":"89 min","Language":"English","Rated":"R","Production":"Columbia Pictures Corporation","Released":"26 Nov 1986","imdbID":"tt0092005","Plot":"It's the summer of 1959 in Castlerock, Oregon and four 12 year-old boys - Gordie, Chris, Teddy and Vern - are fast friends. After learning of the general location of the body of a local boy who has been missing for several days, they set off into woods to see it. Along the way, they learn about themselves, the meaning of friendship and the need to stand up for what is right.","Director":"Rob Reiner","Title":"Stand by Me","Actors":"Wil Wheaton, River Phoenix, Corey Feldman, Jerry O'Connell","Response":"True","Type":"movie","Awards":"Nominated for 1 Oscar. Another 5 wins & 10 nominations.","DVD":"N\/A","Year":"1986","Poster":"https:\/\/m.media-amazon.com\/images\/M\/MV5BODJmY2Y2OGQtMDg2My00N2Q3LWJmZTUtYTc2ODBjZDVlNDlhXkEyXkFqcGdeQXVyMTQxNzMzNDI@._V1_SX300.jpg","Country":"USA","Genre":"Adventure, Drama","Writer":"Stephen King (novel), Raynold Gideon (screenplay), Bruce A. Evans (screenplay)"}
