{"Metascore":"51","BoxOffice":"N\/A","Website":"N\/A","imdbRating":"6.5","imdbVotes":"718,432","Ratings":[{"Value":"6.5\/10","Source":"Internet Movie Database"},{"Value":"52%","Source":"Rotten Tomatoes"},{"Value":"51\/100","Source":"Metacritic"}],"Runtime":"136 min","Language":"English","Rated":"PG","Production":"Lucasfilm Ltd.","Released":"19 May 1999","imdbID":"tt0120915","Plot":"The evil Trade Federation, led by Nute Gunray is planning to take over the peaceful world of Naboo. Jedi Knights Qui-Gon Jinn and Obi-Wan Kenobi are sent to confront the leaders. But not everything goes to plan. The two Jedi escape, and along with their new Gungan friend, Jar Jar Binks head to Naboo to warn Queen Amidala, but droids have already started to capture Naboo and the Queen is not safe there. Eventually, they land on Tatooine, where they become friends with a young boy known as Anakin Skywalker. Qui-Gon is curious about the boy, and sees a bright future for him. The group must now find a way of getting to Coruscant and to finally solve this trade dispute, but there is someone else hiding in the shadows. Are the Sith really extinct? Is the Queen really who she says she is? And what's so special about this young boy?","Director":"George Lucas","Title":"Star Wars: Episode I - The Phantom Menace","Actors":"Liam Neeson, Ewan McGregor, Natalie Portman, Jake Lloyd","Response":"True","Type":"movie","Awards":"Nominated for 3 Oscars. Another 26 wins & 66 nominations.","DVD":"N\/A","Year":"1999","Poster":"https:\/\/m.media-amazon.com\/images\/M\/MV5BYTRhNjcwNWQtMGJmMi00NmQyLWE2YzItODVmMTdjNWI0ZDA2XkEyXkFqcGdeQXVyNTAyODkwOQ@@._V1_SX300.jpg","Country":"USA","Genre":"Action, Adventure, Fantasy, Sci-Fi","Writer":"George Lucas"}
