{"Metascore":"90","BoxOffice":"N\/A","Website":"N\/A","imdbRating":"8.6","imdbVotes":"1,213,873","Ratings":[{"Value":"8.6\/10","Source":"Internet Movie Database"},{"Value":"92%","Source":"Rotten Tomatoes"},{"Value":"90\/100","Source":"Metacritic"}],"Runtime":"121 min","Language":"English","Rated":"PG","Production":"Lucasfilm Ltd.","Released":"25 May 1977","imdbID":"tt0076759","Plot":"The Imperial Forces, under orders from cruel Darth Vader, hold Princess Leia hostage in their efforts to quell the rebellion against the Galactic Empire. Luke Skywalker and Han Solo, captain of the Millennium Falcon, work together with the companionable droid duo R2-D2 and C-3PO to rescue the beautiful princess, help the Rebel Alliance and restore freedom and justice to the Galaxy.","Director":"George Lucas","Title":"Star Wars: Episode IV - A New Hope","Actors":"Mark Hamill, Harrison Ford, Carrie Fisher, Peter Cushing","Response":"True","Type":"movie","Awards":"Won 6 Oscars. Another 52 wins & 29 nominations.","DVD":"N\/A","Year":"1977","Poster":"https:\/\/m.media-amazon.com\/images\/M\/MV5BNzVlY2MwMjktM2E4OS00Y2Y3LWE3ZjctYzhkZGM3YzA1ZWM2XkEyXkFqcGdeQXVyNzkwMjQ5NzM@._V1_SX300.jpg","Country":"USA","Genre":"Action, Adventure, Fantasy, Sci-Fi","Writer":"George Lucas"}
