{"Metascore":"82","BoxOffice":"N\/A","Website":"N\/A","imdbRating":"8.7","imdbVotes":"1,141,931","Ratings":[{"Value":"8.7\/10","Source":"Internet Movie Database"},{"Value":"94%","Source":"Rotten Tomatoes"},{"Value":"82\/100","Source":"Metacritic"}],"Runtime":"124 min","Language":"English","Rated":"PG","Production":"Lucasfilm Ltd.","Released":"20 Jun 1980","imdbID":"tt0080684","Plot":"Luke Skywalker, Han Solo, Princess Leia and Chewbacca face attack by the Imperial forces and its AT-AT walkers on the ice planet Hoth. While Han and Leia escape in the Millennium Falcon, Luke travels to Dagobah in search of Yoda. Only with the Jedi master's help will Luke survive when the dark side of the Force beckons him into the ultimate duel with Darth Vader.","Director":"Irvin Kershner","Title":"Star Wars: Episode V - The Empire Strikes Back","Actors":"Mark Hamill, Harrison Ford, Carrie Fisher, Billy Dee Williams","Response":"True","Type":"movie","Awards":"Won 1 Oscar. Another 24 wins & 20 nominations.","DVD":"N\/A","Year":"1980","Poster":"https:\/\/m.media-amazon.com\/images\/M\/MV5BYmU1NDRjNDgtMzhiMi00NjZmLTg5NGItZDNiZjU5NTU4OTE0XkEyXkFqcGdeQXVyNzkwMjQ5NzM@._V1_SX300.jpg","Country":"USA","Genre":"Action, Adventure, Fantasy, Sci-Fi","Writer":"Leigh Brackett (screenplay by), Lawrence Kasdan (screenplay by), George Lucas (story by)"}
