{"Metascore":"80","BoxOffice":"N\/A","Website":"N\/A","imdbRating":"7.9","imdbVotes":"850,279","Ratings":[{"Value":"7.9\/10","Source":"Internet Movie Database"},{"Value":"92%","Source":"Rotten Tomatoes"},{"Value":"80\/100","Source":"Metacritic"}],"Runtime":"138 min","Language":"English","Rated":"PG-13","Production":"Lucasfilm Ltd., Bad Robot","Released":"18 Dec 2015","imdbID":"tt2488496","Plot":"30 years after the defeat of Darth Vader and the Empire, Rey, a scavenger from the planet Jakku, finds a BB-8 droid that knows the whereabouts of the long lost Luke Skywalker. Rey, as well as a rogue stormtrooper and two smugglers, are thrown into the middle of a battle between the Resistance and the daunting legions of the First Order.","Director":"J.J. Abrams","Title":"Star Wars: Episode VII - The Force Awakens","Actors":"Harrison Ford, Mark Hamill, Carrie Fisher, Adam Driver","Response":"True","Type":"movie","Awards":"Nominated for 5 Oscars. Another 61 wins & 126 nominations.","DVD":"N\/A","Year":"2015","Poster":"https:\/\/m.media-amazon.com\/images\/M\/MV5BOTAzODEzNDAzMl5BMl5BanBnXkFtZTgwMDU1MTgzNzE@._V1_SX300.jpg","Country":"USA","Genre":"Action, Adventure, Sci-Fi","Writer":"Lawrence Kasdan, J.J. Abrams, Michael Arndt, George Lucas (based on characters created by)"}
