{"Metascore":"82","BoxOffice":"N\/A","Website":"N\/A","imdbRating":"7.9","imdbVotes":"573,801","Ratings":[{"Value":"7.9\/10","Source":"Internet Movie Database"},{"Value":"94%","Source":"Rotten Tomatoes"},{"Value":"82\/100","Source":"Metacritic"}],"Runtime":"127 min","Language":"English","Rated":"PG-13","Production":"Bad Robot","Released":"08 May 2009","imdbID":"tt0796366","Plot":"On the day of James Kirk's birth, his father dies on his damaged starship in a last stand against a Romulan mining vessel looking for Ambassador Spock, who in this time, has grown on Vulcan disdained by his neighbors for his half-human heritage. 25 years later, James T. Kirk has grown into a young rebellious troublemaker. Challenged by Captain Christopher Pike to realize his potential in Starfleet, he comes to annoy academy instructors like Commander Spock. Suddenly, there is an emergency on Vulcan and the newly-commissioned USS Enterprise is crewed with promising cadets like Nyota Uhura, Hikaru Sulu, Pavel Chekov and even Kirk himself, thanks to Leonard McCoy's medical trickery. Together, this crew will have an adventure in the final frontier where the old legend is altered forever as a new version of the legend begins.","Director":"J.J. Abrams","Title":"Star Trek","Actors":"Chris Pine, Zachary Quinto, Leonard Nimoy, Eric Bana","Response":"True","Type":"movie","Awards":"Won 1 Oscar. Another 24 wins & 93 nominations.","DVD":"N\/A","Year":"2009","Poster":"https:\/\/m.media-amazon.com\/images\/M\/MV5BMjE5NDQ5OTE4Ml5BMl5BanBnXkFtZTcwOTE3NDIzMw@@._V1_SX300.jpg","Country":"USA, Germany","Genre":"Action, Adventure, Sci-Fi","Writer":"Roberto Orci, Alex Kurtzman, Gene Roddenberry (television series \"Star Trek\")"}
