{"Metascore":"72","BoxOffice":"N\/A","Website":"N\/A","imdbRating":"7.7","imdbVotes":"460,253","Ratings":[{"Value":"7.7\/10","Source":"Internet Movie Database"},{"Value":"84%","Source":"Rotten Tomatoes"},{"Value":"72\/100","Source":"Metacritic"}],"Runtime":"132 min","Language":"English, Klingon","Rated":"PG-13","Production":"Bad Robot","Released":"16 May 2013","imdbID":"tt1408101","Plot":"When the USS Enterprise crew is called back home, they find an unstoppable force of terror from within their own organization has detonated the fleet and everything it stands for, leaving our world in a state of crisis. With a personal score to settle, Captain Kirk leads a manhunt to a war-zone world to capture a one-man weapon of mass destruction. As our space heroes are propelled into an epic chess game of life and death, love will be challenged, friendships will be torn apart, and sacrifices must be made for the only family Kirk has left: his crew.","Director":"J.J. Abrams","Title":"Star Trek Into Darkness","Actors":"Chris Pine, Zachary Quinto, Zoe Saldana, Karl Urban","Response":"True","Type":"movie","Awards":"Nominated for 1 Oscar. Another 7 wins & 56 nominations.","DVD":"N\/A","Year":"2013","Poster":"https:\/\/m.media-amazon.com\/images\/M\/MV5BMTk2NzczOTgxNF5BMl5BanBnXkFtZTcwODQ5ODczOQ@@._V1_SX300.jpg","Country":"USA","Genre":"Action, Adventure, Sci-Fi","Writer":"Roberto Orci, Alex Kurtzman, Damon Lindelof, Gene Roddenberry (television series \"Star Trek\")"}
