{"Metascore":"53","BoxOffice":"N\/A","Website":"N\/A","imdbRating":"6.6","imdbVotes":"359,108","Ratings":[{"Value":"6.6\/10","Source":"Internet Movie Database"},{"Value":"51%","Source":"Rotten Tomatoes"},{"Value":"53\/100","Source":"Metacritic"}],"Runtime":"141 min","Language":"English","Rated":"PG-13","Production":"Lucasfilm Ltd., Bad Robot","Released":"20 Dec 2019","imdbID":"tt2527338","Plot":"The surviving members of the resistance face the First Order once again, and the legendary conflict between the Jedi and the Sith reaches its peak bringing the Skywalker saga to its end.","Director":"J.J. Abrams","Title":"Star Wars: Episode IX - The Rise of Skywalker","Actors":"Carrie Fisher, Mark Hamill, Adam Driver, Daisy Ridley","Response":"True","Type":"movie","Awards":"Nominated for 3 Oscars. Another 8 wins & 38 nominations.","DVD":"N\/A","Year":"2019","Poster":"https:\/\/m.media-amazon.com\/images\/M\/MV5BMDljNTQ5ODItZmQwMy00M2ExLTljOTQtZTVjNGE2NTg0NGIxXkEyXkFqcGdeQXVyODkzNTgxMDg@._V1_SX300.jpg","Country":"USA","Genre":"Action, Adventure, Fantasy, Sci-Fi","Writer":"Chris Terrio (screenplay by), J.J. Abrams (screenplay by), Derek Connolly (story by), Colin Trevorrow (story by), J.J. Abrams (story by), Chris Terrio (story by), George Lucas (based on characters created by)"}
