{"Metascore":"66","BoxOffice":"N\/A","Website":"N\/A","imdbRating":"7.6","imdbVotes":"252,171","Ratings":[{"Value":"7.6\/10","Source":"Internet Movie Database"},{"Value":"76%","Source":"Rotten Tomatoes"},{"Value":"66\/100","Source":"Metacritic"}],"Runtime":"127 min","Language":"English","Rated":"PG-13","Production":"Di Bonaventura Pictures, Ingenious Film Partners, Paramount Pictures","Released":"10 Aug 2007","imdbID":"tt0486655","Plot":"The passage from this world to the fantasy kingdom of Stormhold is through a breach in a wall beside an English village. In the 1800s, a boy becomes a man when he ventures through the breach in pursuit of a fallen star, to prove his love for the village beauty. The star is no lump of rock, it's a maiden, Yvaine. Tristan, the youth, is not the only one looking for her: three witches, led by Lamia, want her heart to make them young; and, the sons of the dead king of Stormhold want her because she holds a ruby that will give one of them title to the throne. Assisting Tristan are his mother, the victim of a spell, and a cross-dressing pirate of the skies. Will Tristan win his true love?","Director":"Matthew Vaughn","Title":"Stardust","Actors":"Ian McKellen, Bimbo Hart, Alastair MacIntosh, David Kelly","Response":"True","Type":"movie","Awards":"5 wins & 8 nominations.","DVD":"N\/A","Year":"2007","Poster":"https:\/\/m.media-amazon.com\/images\/M\/MV5BMjkyMTE1OTYwNF5BMl5BanBnXkFtZTcwMDIxODYzMw@@._V1_SX300.jpg","Country":"UK, USA","Genre":"Adventure, Family, Fantasy, Romance","Writer":"Jane Goldman (screenplay), Matthew Vaughn (screenplay), Neil Gaiman (novel)"}
