{"Metascore":"58","BoxOffice":"N\/A","Website":"N\/A","imdbRating":"8.3","imdbVotes":"936,076","Ratings":[{"Value":"8.3\/10","Source":"Internet Movie Database"},{"Value":"82%","Source":"Rotten Tomatoes"},{"Value":"58\/100","Source":"Metacritic"}],"Runtime":"131 min","Language":"English","Rated":"PG","Production":"Lucasfilm Ltd.","Released":"25 May 1983","imdbID":"tt0086190","Plot":"Luke Skywalker battles horrible Jabba the Hut and cruel Darth Vader to save his comrades in the Rebel Alliance and triumph over the Galactic Empire. Han Solo and Princess Leia reaffirm their love and team with Chewbacca, Lando Calrissian, the Ewoks and the androids C-3PO and R2-D2 to aid in the disruption of the Dark Side and the defeat of the evil emperor.","Director":"Richard Marquand","Title":"Star Wars: Episode VI - Return of the Jedi","Actors":"Mark Hamill, Harrison Ford, Carrie Fisher, Billy Dee Williams","Response":"True","Type":"movie","Awards":"Nominated for 4 Oscars. Another 22 wins & 16 nominations.","DVD":"N\/A","Year":"1983","Poster":"https:\/\/m.media-amazon.com\/images\/M\/MV5BOWZlMjFiYzgtMTUzNC00Y2IzLTk1NTMtZmNhMTczNTk0ODk1XkEyXkFqcGdeQXVyNTAyODkwOQ@@._V1_SX300.jpg","Country":"USA","Genre":"Action, Adventure, Fantasy, Sci-Fi","Writer":"Lawrence Kasdan (screenplay by), George Lucas (screenplay by), George Lucas (story by)"}
