{"Metascore":"84","BoxOffice":"N\/A","Website":"N\/A","imdbRating":"7.0","imdbVotes":"553,462","Ratings":[{"Value":"7.0\/10","Source":"Internet Movie Database"},{"Value":"90%","Source":"Rotten Tomatoes"},{"Value":"84\/100","Source":"Metacritic"}],"Runtime":"152 min","Language":"English","Rated":"PG-13","Production":"Lucasfilm Ltd.","Released":"15 Dec 2017","imdbID":"tt2527336","Plot":"Rey develops her newly discovered abilities with the guidance of Luke Skywalker, who is unsettled by the strength of her powers. Meanwhile, the Resistance prepares for battle with the First Order.","Director":"Rian Johnson","Title":"Star Wars: Episode VIII - The Last Jedi","Actors":"Mark Hamill, Carrie Fisher, Adam Driver, Daisy Ridley","Response":"True","Type":"movie","Awards":"Nominated for 4 Oscars. Another 25 wins & 98 nominations.","DVD":"N\/A","Year":"2017","Poster":"https:\/\/m.media-amazon.com\/images\/M\/MV5BMjQ1MzcxNjg4N15BMl5BanBnXkFtZTgwNzgwMjY4MzI@._V1_SX300.jpg","Country":"USA","Genre":"Action, Adventure, Fantasy, Sci-Fi","Writer":"Rian Johnson, George Lucas (based on characters created by)"}
