{"Metascore":"72","BoxOffice":"N\/A","Website":"N\/A","imdbRating":"7.8","imdbVotes":"177,097","Ratings":[{"Value":"7.8\/10","Source":"Internet Movie Database"},{"Value":"89%","Source":"Rotten Tomatoes"},{"Value":"72\/100","Source":"Metacritic"}],"Runtime":"147 min","Language":"English","Rated":"R","Production":"New Line Cinema, Circle of Confusion, Legendary Pictures, Cubevision","Released":"14 Aug 2015","imdbID":"tt1398426","Plot":"In 1987, five young men, using brutally honest rhymes and hardcore beats, put their frustration and anger about life in the most dangerous place in America into the most powerful weapon they had: their music. Taking us back to where it all began, Straight Outta Compton tells the true story of how these cultural rebels-armed only with their lyrics, swagger, bravado and raw talent-stood up to the authorities that meant to keep them down and formed the world's most dangerous group, N.W.A. And as they spoke the truth that no one had before and exposed life in the hood, their voice ignited a social revolution that is still reverberating today.","Director":"F. Gary Gray","Title":"Straight Outta Compton","Actors":"O'Shea Jackson Jr., Corey Hawkins, Jason Mitchell, Neil Brown Jr.","Response":"True","Type":"movie","Awards":"Nominated for 1 Oscar. Another 28 wins & 39 nominations.","DVD":"N\/A","Year":"2015","Poster":"https:\/\/m.media-amazon.com\/images\/M\/MV5BMTA5MzkyMzIxNjJeQTJeQWpwZ15BbWU4MDU0MDk0OTUx._V1_SX300.jpg","Country":"USA","Genre":"Biography, Drama, History, Music","Writer":"Jonathan Herman (screenplay), Andrea Berloff (screenplay), S. Leigh Savidge (story), Alan Wenkus (story), Andrea Berloff (story)"}
