{"Metascore":"N\/A","BoxOffice":"N\/A","Website":"N\/A","imdbRating":"7.2","imdbVotes":"21,171","Ratings":[{"Value":"7.2\/10","Source":"Internet Movie Database"},{"Value":"66%","Source":"Rotten Tomatoes"}],"Runtime":"67 min","Language":"English","Rated":"PG-13","Production":"DC Comics","Released":"29 Sep 2009","imdbID":"tt1398941","Plot":"When Lex Luthor gets elected US President, he uses the threat of an oncoming kryptonite meteor striking Earth as a rationale to frame Superman.","Director":"Sam Liu","Title":"Superman\/Batman: Public Enemies","Actors":"Clancy Brown, Kevin Conroy, Tim Daly, Xander Berkeley","Response":"True","Type":"movie","Awards":"N\/A","DVD":"N\/A","Year":"2009","Poster":"https:\/\/m.media-amazon.com\/images\/M\/MV5BZDc5NTFiMzgtZWJiOS00N2M1LWJmOGYtZmNjMzFhMzcxZjRiXkEyXkFqcGdeQXVyNTAyODkwOQ@@._V1_SX300.jpg","Country":"USA","Genre":"Animation, Action, Drama, Fantasy, Sci-Fi","Writer":"Jeph Loeb (comic book), Ed McGuinness (comic book), Stan Berkowitz, Bob Kane (character created by: Batman), Jerry Siegel (character created by: Superman), Joe Shuster (character created by: Superman)"}
