{"Metascore":"76","BoxOffice":"N\/A","Website":"N\/A","imdbRating":"7.6","imdbVotes":"515,662","Ratings":[{"Value":"7.6\/10","Source":"Internet Movie Database"},{"Value":"88%","Source":"Rotten Tomatoes"},{"Value":"76\/100","Source":"Metacritic"}],"Runtime":"113 min","Language":"English","Rated":"R","Production":"Apatow Productions","Released":"17 Aug 2007","imdbID":"tt0829482","Plot":"Seth and Evan are best friends, inseparable, navigating the last weeks of high school. Usually shunned by the popular kids, Seth and Evan luck into an invitation to a party, and spend a long day, with the help of their nerdy friend Fogell, trying to score enough alcohol to lubricate the party and inebriate two girls, Jules and Becca, so they can kick-start their sex lives and go off to college with a summer full of experience and new skills. Their quest is complicated by Fogell's falling in with two inept cops who both slow and assist the plan. If they do get the liquor to the party, what then? Is sex the only rite of passage at hand?","Director":"Greg Mottola","Title":"Superbad","Actors":"Jonah Hill, Michael Cera, Christopher Mintz-Plasse, Bill Hader","Response":"True","Type":"movie","Awards":"11 wins & 24 nominations.","DVD":"N\/A","Year":"2007","Poster":"https:\/\/m.media-amazon.com\/images\/M\/MV5BMTc0NjIyMjA2OF5BMl5BanBnXkFtZTcwMzIxNDE1MQ@@._V1_SX300.jpg","Country":"USA","Genre":"Comedy","Writer":"Seth Rogen, Evan Goldberg"}
