{"Metascore":"N\/A","BoxOffice":"N\/A","Website":"N\/A","imdbRating":"7.1","imdbVotes":"24,172","Ratings":[{"Value":"7.1\/10","Source":"Internet Movie Database"},{"Value":"63%","Source":"Rotten Tomatoes"}],"Runtime":"78 min","Language":"English, French, Esperanto","Rated":"PG-13","Production":"DC Entertainment","Released":"28 Sep 2010","imdbID":"tt1673430","Plot":"Batman discovers a mysterious teen-aged girl with super-human powers and a connection to Superman. When the girl comes to the attention of Darkseid, the evil overlord of Apokolips, events take a decidedly dangerous turn.","Director":"Lauren Montgomery","Title":"Superman\/Batman: Apocalypse","Actors":"Andre Braugher, Kevin Conroy, Tim Daly, Susan Eisenberg","Response":"True","Type":"movie","Awards":"N\/A","DVD":"N\/A","Year":"2010","Poster":"https:\/\/m.media-amazon.com\/images\/M\/MV5BMjk3ODhmNjgtZjllOC00ZWZjLTkwYzQtNzc1Y2ZhMjY2ODE0XkEyXkFqcGdeQXVyNTAyODkwOQ@@._V1_SX300.jpg","Country":"USA","Genre":"Animation, Action, Adventure, Sci-Fi","Writer":"Bob Kane (character created by: Batman), Jerry Siegel (character created by: Superman), Joe Shuster (character created by: Superman), William Moulton Marston (character created by: Wonder Woman), Jack Kirby (characters created by: Darkseid & The New Gods), Jeph Loeb (graphic novel), Michael Turner (graphic novel), Tab Murphy"}
