{"Metascore":"N\/A","BoxOffice":"N\/A","Website":"N\/A","imdbRating":"8.2","imdbVotes":"82,108","Ratings":[{"Value":"8.2\/10","Source":"Internet Movie Database"},{"Value":"83%","Source":"Rotten Tomatoes"}],"Runtime":"189 min","Language":"Hindi, English","Rated":"Not Rated","Production":"N\/A","Released":"17 Dec 2004","imdbID":"tt0367110","Plot":"Set in modern day India, Swades is a film that tackles the issues that development throws up on a grass root level. It is to this India, which is colorful, heterogeneous and complex that Mohan Bhargava (Shah Rukh Khan), a bright young scientist working as a project manager in NASA, returns to on a quest to find his childhood nanny. The film uses the contrast between the highly developed world of NASA, which has been at the forefront of advances in space research, and this world back home in India, which is at the crossroads of development. Mohan's simple quest becomes the journey that every one of us goes through in search of that metaphysical and elusive place called \"home\".","Director":"Ashutosh Gowariker","Title":"Swades","Actors":"Shah Rukh Khan, Gayatri Joshi, Kishori Ballal, Smit Sheth","Response":"True","Type":"movie","Awards":"13 wins & 23 nominations.","DVD":"N\/A","Year":"2004","Poster":"https:\/\/m.media-amazon.com\/images\/M\/MV5BYzExOTcwNjYtZTljMC00YTQ2LWI2YjYtNWFlYzQ0YTJhNzJmXkEyXkFqcGdeQXVyNjQ2MjQ5NzM@._V1_SX300.jpg","Country":"India","Genre":"Drama","Writer":"M.G. Sathya (story), Ashutosh Gowariker (story), Ashutosh Gowariker (screenplay), Sameer Sharma (screenplay), Lalit Marathe (screenplay), Amin Hajee (screenplay), Charlotte Whitby-Coles (screenplay), Yashodeep Nigudkar (screenplay), Ayan Mukherjee (screenplay), K.P. Saxena (dialogue), Amin Hajee (Co-Writer)"}
