{"Metascore":"51","BoxOffice":"N\/A","Website":"N\/A","imdbRating":"7.8","imdbVotes":"561,145","Ratings":[{"Value":"7.8\/10","Source":"Internet Movie Database"},{"Value":"58%","Source":"Rotten Tomatoes"},{"Value":"51\/100","Source":"Metacritic"}],"Runtime":"90 min","Language":"English, French, Albanian, Arabic","Rated":"PG-13","Production":"EuropaCorp, Grive Productions, M6 Films Production","Released":"30 Jan 2009","imdbID":"tt0936501","Plot":"Seventeen year-old Kim is the pride and joy of her father Bryan Mills. Bryan is a retired agent who left the Central Intelligence Agency to be near Kim in California. Kim lives with her mother Lenore and her wealthy stepfather Stuart. Kim manages to convince her reluctant father to allow her to travel to Paris with her friend Amanda. When the girls arrive in Paris they share a cab with a stranger named Peter, and Amanda lets it slip that they are alone in Paris. Using this information an Albanian gang of human traffickers kidnaps the girls. Kim barely has time to call her father and give him information. Her father gets to speak briefly to one of the kidnappers and he promises to kill the kidnappers if they do not let his daughter go free. The kidnapper wishes him \"good luck,\" so Bryan Mills travels to Paris to search for his daughter and her friend.","Director":"Pierre Morel","Title":"Taken","Actors":"Liam Neeson, Maggie Grace, Leland Orser, Jon Gries","Response":"True","Type":"movie","Awards":"2 wins & 2 nominations.","DVD":"N\/A","Year":"2008","Poster":"https:\/\/m.media-amazon.com\/images\/M\/MV5BMTM4NzQ0OTYyOF5BMl5BanBnXkFtZTcwMDkyNjQyMg@@._V1_SX300.jpg","Country":"France, USA, UK","Genre":"Action, Thriller","Writer":"Luc Besson, Robert Mark Kamen"}
